walsh_biosample,moller_biosample,jaccard
SAMN31484028,SAMN02649746,0.6820719602977667
SAMN31484028,SAMN02649748,0.621159420289855
SAMN31484028,SAMN02649749,0.6308507506623491
SAMN31484028,SAMN02649750,0.8829644533869886
SAMN31484028,SAMN02649751,0.6430713857228554
SAMN31484028,SAMN02649752,0.9196927374301676
SAMN31484028,SAMN02649753,0.916782729805014
SAMN31484028,SAMN02649754,0.638038632986627
SAMN31484028,SAMN02649755,0.6908349026993095
SAMN31484028,SAMN02649756,0.6385578069129917
SAMN31484028,SAMN02649757,0.9034364261168385
SAMN31484028,SAMN02649758,0.9072343371408792
SAMN31484028,SAMN02649759,0.6403351286654698
SAMN31484028,SAMN02649760,0.6696075448737451
SAMN31484028,SAMN02649761,0.9029059829059829
SAMN31484028,SAMN02649762,0.9032478632478632
SAMN31484028,SAMN02649763,0.7370179167931977
SAMN31484028,SAMN02649764,0.6378539493293591
SAMN31484028,SAMN02649765,0.6360937963787474
SAMN31484028,SAMN02649766,0.6467751657625075
SAMN31484028,SAMN02649767,0.6373365041617123
SAMN31484028,SAMN02649769,0.9125777470628887
SAMN31484028,SAMN02649770,0.636984268328881
SAMN31484028,SAMN02649771,0.646562123039807
SAMN31484028,SAMN02649772,0.6358792184724689
SAMN31484028,SAMN02649773,0.6540573520439292
SAMN31484028,SAMN02649774,0.6270096463022508
SAMN31484028,SAMN02649775,0.6293255131964809
SAMN31484028,SAMN02649776,0.646562123039807
SAMN31484028,SAMN02649777,0.649016641452345
SAMN31484028,SAMN02649778,0.9028826355525051
SAMN31484028,SAMN02649779,0.9167537443399513
SAMN31484028,SAMN02649780,0.6458897922312556
SAMN31484028,SAMN02649781,0.6360937963787474
SAMN31484028,SAMN02649782,0.6319669713948688
SAMN31484028,SAMN02649783,0.635716404627707
SAMN31484028,SAMN02649784,0.6305563732705328
SAMN31484028,SAMN02649785,0.6372023809523809
SAMN31484028,SAMN02649786,0.6366874443455031
SAMN31484028,SAMN02649787,0.635475273911756
SAMN31484028,SAMN02649788,0.6322314049586777
SAMN31484028,SAMN02649789,0.6245983055799007
SAMN31484028,SAMN02649790,0.8989108236895847
SAMN31484028,SAMN02649791,0.43552433517310585
SAMN31484028,SAMN02649792,0.6889029402466014
SAMN31484028,SAMN02649793,0.6533170284316723
SAMN31484028,SAMN02649794,0.6246719160104987
SAMN31484028,SAMN02649795,0.63344146269537
SAMN31484028,SAMN02649796,0.6345552713839159
SAMN31484028,SAMN02649797,0.8916272788656313
SAMN31484028,SAMN02649798,0.6284457478005865
SAMN31484028,SAMN02649799,0.6337570203960982
SAMN31484028,SAMN02649800,0.639618138424821
SAMN31484028,SAMN02649801,0.6493034524530588
SAMN31484028,SAMN02649802,0.6350192250813369
SAMN31484028,SAMN02649803,0.9005128205128206
SAMN31484028,SAMN02649804,0.6264250219234142
SAMN31484028,SAMN02649805,0.6302250803858521
SAMN31484028,SAMN02649806,0.6419161676646706
SAMN31484028,SAMN02649807,0.9134815844336345
SAMN31484028,SAMN02649808,0.6400836320191159
SAMN31484028,SAMN02649809,0.6584766584766585
SAMN31484028,SAMN02649810,0.3902195608782435
SAMN31484028,SAMN02649811,0.635716404627707
SAMN31484028,SAMN02649812,0.6337157987643425
SAMN31484028,SAMN02649813,0.6249270286047869
SAMN31484028,SAMN02649814,0.7100125944584383
SAMN31484028,SAMN02649815,0.6389633601429848
SAMN31484028,SAMN03859721,0.8718550821871855
SAMN31484028,SAMN03859722,0.39212717638152916
SAMN31484028,SAMN03859723,0.9443440549331406
SAMN31484028,SAMN03859724,0.39836984207845133
SAMN31484028,SAMN03859727,0.8996231586159644
SAMN31484028,SAMN03859728,0.6514918486619502
SAMN31484028,SAMN03859729,0.6558182376420019
SAMN31484028,SAMN03859732,0.7179327521793275
SAMN31484028,SAMN03859735,0.4100233705531031
SAMN31484028,SAMN03859736,0.690136476426799
SAMN31484028,SAMN03859737,0.8682555445216815
SAMN31484028,SAMN03859738,0.6370392390011891
SAMN31484028,SAMN03859740,0.9199857752489331
SAMN31484028,SAMN03859741,0.6530037546933667
SAMN31484028,SAMN03859743,0.41759958344181203
SAMN31484028,SAMN03859744,0.6742518703241895
SAMN31484028,SAMN03859745,0.977399036680252
SAMN31484028,SAMN03859747,0.8576305906452715
SAMN31484028,SAMN03859748,0.40875721027792344
SAMN31484028,SAMN03859752,0.43780687397708673
SAMN31484028,SAMN03859753,0.9275675675675675
SAMN31484028,SAMN03859755,0.9262206148282097
SAMN31484028,SAMN03859756,0.46020103232817167
SAMN31484028,SAMN03859757,0.6603480422622747
SAMN31484028,SAMN03859758,0.9488759970993473
SAMN31484028,SAMN03859759,0.5326421966937518
SAMN31484028,SAMN03859760,0.5288951841359774
SAMN31484028,SAMN03859761,0.4158415841584158
SAMN31484028,SAMN03859762,0.6968068289598482
SAMN31484028,SAMN03859763,0.5338452787258248
SAMN31484028,SAMN03859765,0.4047058823529412
SAMN31484028,SAMN03859766,0.4281977504577557
SAMN31484028,SAMN03859767,0.8881191548320055
SAMN31484028,SAMN03859769,0.6935586734693877
SAMN31484028,SAMN03859770,0.4209841187190836
SAMN31484028,SAMN03859774,0.6827435014093329
SAMN31484028,SAMN03859775,0.47553017944535075
SAMN31484028,SAMN03859776,0.6565406075635462
SAMN31484028,SAMN03859777,0.6532007458048478
SAMN31484028,SAMN03859778,0.4132360604481501
SAMN31484028,SAMN03859783,0.9452252252252252
SAMN31484028,SAMN03859784,0.4636218799787573
SAMN31484028,SAMN03859785,0.8966244725738397
SAMN31484028,SAMN03859786,0.92043463021381
SAMN31484028,SAMN03859787,0.5034425778022583
SAMN31484028,SAMN03859789,0.45945212910225114
SAMN31484028,SAMN03859790,0.4224025124313007
SAMN31484028,SAMN03859792,0.4217921527041357
SAMN31484028,SAMN03859793,0.921268257926612
SAMN31484028,SAMN03859794,0.4275843741695456
SAMN31484028,SAMN03859795,0.4230055658627087
SAMN31484028,SAMN03859796,0.9155275148966001
SAMN31484028,SAMN03859797,0.49012517385257304
SAMN31484028,SAMN03859798,0.4178135549207998
SAMN31484028,SAMN03859799,0.4876765438936583
SAMN31484028,SAMN03859800,0.8553076402974983
SAMN31484028,SAMN03859801,0.4259308159493002
SAMN31484028,SAMN03859802,0.6804219671113869
SAMN31484028,SAMN03859803,0.4199737187910644
SAMN31484028,SAMN03859805,0.6781857451403888
SAMN31484028,SAMN03859806,0.4822971842765542
SAMN31484028,SAMN03859807,0.6772503082614056
SAMN31484028,SAMN03859808,0.6318849449204407
SAMN31484028,SAMN03859809,0.4556213017751479
SAMN31484028,SAMN03859813,0.5332955511476339
SAMN31484028,SAMN03859814,0.406110086910719
SAMN31484028,SAMN03859815,0.4757493188010899
SAMN31484028,SAMN03859816,0.4771505376344086
SAMN31484028,SAMN03859817,0.6507598784194529
SAMN31484028,SAMN03859818,0.4702688026065707
SAMN31484028,SAMN03859819,0.46897470039946737
SAMN31484028,SAMN03859820,0.4799224591525893
SAMN31484028,SAMN03859821,0.47677329624478443
SAMN31484028,SAMN03859824,0.6719725343320849
SAMN31484028,SAMN03859826,0.422553985603839
SAMN31484028,SAMN03859829,0.6421705426356589
SAMN31484028,SAMN03859830,0.6380688806888068
SAMN31484028,SAMN03859831,0.4097704217832355
SAMN31484028,SAMN03859833,0.46977124183006536
SAMN31484028,SAMN03859838,0.40700329865516366
SAMN31484028,SAMN03859839,0.6791862284820032
SAMN31484028,SAMN03859840,0.6600924499229583
SAMN31484028,SAMN04244164,0.44332699103017126
SAMN31484028,SAMN04244165,0.8973738769868694
SAMN31484028,SAMN04244166,0.6691472868217054
SAMN31484028,SAMN09847804,0.6535288725939505
SAMN31484028,SAMN09847805,0.6564885496183206
SAMN31484028,SAMN09847806,0.6919657033979041
SAMN31484028,SAMN09847807,0.7162376866857324
SAMN31484028,SAMN09847808,0.6697936210131332
SAMN31484028,SAMN09847809,0.6664598200434378
SAMN31484028,SAMN09847810,0.6930100755667506
SAMN31484028,SAMN09847811,0.4152542372881356
SAMN31484028,SAMN09847812,0.43974290305302627
SAMN31484028,SAMN09847813,0.9563636363636364
SAMN31484028,SAMN09847814,0.4201506102311088
SAMN31484028,SAMN09847815,0.6822667940146451
SAMN31484028,SAMN09847816,0.9281183932346723
SAMN31484028,SAMN09847817,0.692112765283497
SAMN31484028,SAMN09847818,0.9440057430007178
SAMN31484028,SAMN09847819,0.6494252873563219
SAMN31484028,SAMN09847820,0.6491228070175439
SAMN31484028,SAMN09847821,0.8881778376557764
SAMN31484028,SAMN09847822,0.6489265195040822
SAMN31484028,SAMN09847823,0.6482320942883046
SAMN31484028,SAMN09847824,0.6777146464646465
SAMN31484028,SAMN09847825,0.6606041923551171
SAMN31484028,SAMN09847826,0.6547509929728078
SAMN31484028,SAMN09847827,0.6546454767726161
SAMN31484028,SAMN09847828,0.6544454628780935
SAMN31484028,SAMN09847829,0.6546454767726161
SAMN31484028,SAMN09847830,0.6545510079413561
SAMN31484028,SAMN09847831,0.9116936874784408
SAMN31484028,SAMN09847832,0.6744186046511628
SAMN31484028,SAMN09847833,0.6651162790697674
SAMN31484028,SAMN09847834,0.6474494415937218
SAMN31484028,SAMN09847835,0.6618148033446888
SAMN31484028,SAMN09847836,0.6654275092936803
SAMN31484028,SAMN09847837,0.6797841954934941
SAMN31484028,SAMN09847838,0.6555725190839695
SAMN31484028,SAMN09847839,0.6555725190839695
SAMN31484028,SAMN09847840,0.6559731133516652
SAMN31484028,SAMN09847841,0.9424794569489103
SAMN31484028,SAMN09847842,0.6331658291457286
SAMN31484028,SAMN09847843,0.6787744788376501
SAMN31484028,SAMN09847844,0.4156209987195903
SAMN31484028,SAMN09847845,0.6642945544554455
SAMN31484028,SAMN09847846,0.6667701863354037
SAMN31484028,SAMN09847847,0.647857573928787
SAMN31484028,SAMN09847848,0.6715125270646458
SAMN31484028,SAMN09847849,0.6551618814905315
SAMN31484028,SAMN09847850,0.6462934947049924
SAMN31484028,SAMN09847851,0.6449188214070956
SAMN31484028,SAMN09847852,0.6963267891070297
SAMN31484028,SAMN09847853,0.6498030899727355
SAMN31484028,SAMN09847854,0.41452772073921973
SAMN31484028,SAMN09847855,0.9227812718378756
SAMN31484028,SAMN09847856,0.900990099009901
SAMN31484028,SAMN09847857,0.4166881942650478
SAMN31484028,SAMN09847858,0.6632653061224489
SAMN31484028,SAMN09847859,0.9065613191343181
SAMN31484028,SAMN09847860,0.9459749552772808
SAMN31484028,SAMN09847861,0.8973836221542644
SAMN31484028,SAMN09847862,0.9141868512110727
SAMN31484028,SAMN09847863,0.9154539154539154
SAMN31484028,SAMN09847864,0.4012329822758798
SAMN31484028,SAMN09847865,0.912232204561161
SAMN31484028,SAMN09847866,0.9437880415324025
SAMN31484028,SAMN09847867,0.9339957416607523
SAMN31484033,SAMN02649746,0.6822835867204468
SAMN31484033,SAMN02649748,0.6213395187010727
SAMN31484033,SAMN02649749,0.6310365135453475
SAMN31484033,SAMN02649750,0.883260650788326
SAMN31484033,SAMN02649751,0.6432643264326433
SAMN31484033,SAMN02649752,0.9200139713587147
SAMN31484033,SAMN02649753,0.9171020550330895
SAMN31484033,SAMN02649754,0.6382282996432818
SAMN31484033,SAMN02649755,0.6910518053375196
SAMN31484033,SAMN02649756,0.6387481371087929
SAMN31484033,SAMN02649757,0.903746992093503
SAMN31484033,SAMN02649758,0.9075484764542936
SAMN31484033,SAMN02649759,0.6405267883867105
SAMN31484033,SAMN02649760,0.6698113207547169
SAMN31484033,SAMN02649761,0.9025641025641026
SAMN31484033,SAMN02649762,0.9035567715458276
SAMN31484033,SAMN02649763,0.7372417982989065
SAMN31484033,SAMN02649764,0.6380441264162194
SAMN31484033,SAMN02649765,0.6362826603325415
SAMN31484033,SAMN02649766,0.6469701537533916
SAMN31484033,SAMN02649767,0.6375260184359203
SAMN31484033,SAMN02649769,0.912232204561161
SAMN31484033,SAMN02649770,0.6371733966745843
SAMN31484033,SAMN02649771,0.6467571644042233
SAMN31484033,SAMN02649772,0.6360675155463429
SAMN31484033,SAMN02649773,0.6542569423252975
SAMN31484033,SAMN02649774,0.6271929824561403
SAMN31484033,SAMN02649775,0.6295101202698739
SAMN31484033,SAMN02649776,0.6467571644042233
SAMN31484033,SAMN02649777,0.6492130750605327
SAMN31484033,SAMN02649778,0.9031925849639547
SAMN31484033,SAMN02649779,0.9170731707317074
SAMN31484033,SAMN02649780,0.6455886781090033
SAMN31484033,SAMN02649781,0.6362826603325415
SAMN31484033,SAMN02649782,0.6321533923303835
SAMN31484033,SAMN02649783,0.6359050445103858
SAMN31484033,SAMN02649784,0.6307420494699647
SAMN31484033,SAMN02649785,0.6369047619047619
SAMN31484033,SAMN02649786,0.6368764845605701
SAMN31484033,SAMN02649787,0.6356635071090048
SAMN31484033,SAMN02649788,0.6324180690876883
SAMN31484033,SAMN02649789,0.6247808299240211
SAMN31484033,SAMN02649790,0.89857045609258
SAMN31484033,SAMN02649791,0.435633626097867
SAMN31484033,SAMN02649792,0.6891208096141682
SAMN31484033,SAMN02649793,0.6535168195718655
SAMN31484033,SAMN02649794,0.6248541423570595
SAMN31484033,SAMN02649795,0.6336283185840708
SAMN31484033,SAMN02649796,0.6347356452529846
SAMN31484033,SAMN02649797,0.8912896691424713
SAMN31484033,SAMN02649798,0.6286300968025814
SAMN31484033,SAMN02649799,0.6339444115907746
SAMN31484033,SAMN02649800,0.6398090122351537
SAMN31484033,SAMN02649801,0.6495001514692518
SAMN31484033,SAMN02649802,0.6352071005917159
SAMN31484033,SAMN02649803,0.9008207934336525
SAMN31484033,SAMN02649804,0.626608187134503
SAMN31484033,SAMN02649805,0.6304093567251462
SAMN31484033,SAMN02649806,0.6421084156933213
SAMN31484033,SAMN02649807,0.9137990962808481
SAMN31484033,SAMN02649808,0.6402748730206155
SAMN31484033,SAMN02649809,0.658678955453149
SAMN31484033,SAMN02649810,0.3903169453456451
SAMN31484033,SAMN02649811,0.6359050445103858
SAMN31484033,SAMN02649812,0.6339022954679223
SAMN31484033,SAMN02649813,0.6251094890510949
SAMN31484033,SAMN02649814,0.710236220472441
SAMN31484033,SAMN02649815,0.6391537544696066
SAMN31484033,SAMN03859721,0.8721476510067114
SAMN31484033,SAMN03859722,0.3918748422911935
SAMN31484033,SAMN03859723,0.9446854663774403
SAMN31484033,SAMN03859724,0.39847133757961783
SAMN31484033,SAMN03859727,0.8999314599040439
SAMN31484033,SAMN03859728,0.6516923076923077
SAMN31484033,SAMN03859729,0.6560196560196561
SAMN31484033,SAMN03859732,0.718156337589536
SAMN31484033,SAMN03859735,0.4101298701298701
SAMN31484033,SAMN03859736,0.6903506050263729
SAMN31484033,SAMN03859737,0.8685430463576159
SAMN31484033,SAMN03859738,0.6372286648825454
SAMN31484033,SAMN03859740,0.92031305585201
SAMN31484033,SAMN03859741,0.6532081377151799
SAMN31484033,SAMN03859743,0.41770833333333335
SAMN31484033,SAMN03859744,0.6744621141253508
SAMN31484033,SAMN03859745,0.9770285290848463
SAMN31484033,SAMN03859747,0.8579234972677595
SAMN31484033,SAMN03859748,0.4088644112247574
SAMN31484033,SAMN03859752,0.4379263301500682
SAMN31484033,SAMN03859753,0.9272072072072072
SAMN31484033,SAMN03859755,0.9265557163531114
SAMN31484033,SAMN03859756,0.4603260869565217
SAMN31484033,SAMN03859757,0.6605533105377681
SAMN31484033,SAMN03859758,0.9492201668480232
SAMN31484033,SAMN03859759,0.5327914798206278
SAMN31484033,SAMN03859760,0.5290450552564466
SAMN31484033,SAMN03859761,0.41594996090695857
SAMN31484033,SAMN03859762,0.6970271979759646
SAMN31484033,SAMN03859763,0.5339971550497866
SAMN31484033,SAMN03859765,0.40444444444444444
SAMN31484033,SAMN03859766,0.4283097854526426
SAMN31484033,SAMN03859767,0.8884268884268884
SAMN31484033,SAMN03859769,0.69377990430622
SAMN31484033,SAMN03859770,0.42109375
SAMN31484033,SAMN03859774,0.6829573934837093
SAMN31484033,SAMN03859775,0.4756595050312755
SAMN31484033,SAMN03859776,0.6567441860465116
SAMN31484033,SAMN03859777,0.6528899937849596
SAMN31484033,SAMN03859778,0.4133437581443836
SAMN31484033,SAMN03859783,0.9455659697188176
SAMN31484033,SAMN03859784,0.46374501992031875
SAMN31484033,SAMN03859785,0.8969398522687302
SAMN31484033,SAMN03859786,0.9207573632538569
SAMN31484033,SAMN03859787,0.5035812672176309
SAMN31484033,SAMN03859789,0.4595767769940315
SAMN31484033,SAMN03859790,0.4225130890052356
SAMN31484033,SAMN03859792,0.4219040042429064
SAMN31484033,SAMN03859793,0.9215965787598004
SAMN31484033,SAMN03859794,0.42769803296119085
SAMN31484033,SAMN03859795,0.42311770943796395
SAMN31484033,SAMN03859796,0.9158485273492286
SAMN31484033,SAMN03859797,0.4898470097357441
SAMN31484033,SAMN03859798,0.4179220779220779
SAMN31484033,SAMN03859799,0.48781163434903047
SAMN31484033,SAMN03859800,0.8549695740365112
SAMN31484033,SAMN03859801,0.4260433174854728
SAMN31484033,SAMN03859802,0.6801116971765436
SAMN31484033,SAMN03859803,0.42008412197686645
SAMN31484033,SAMN03859805,0.6778771983955569
SAMN31484033,SAMN03859806,0.48243167875069715
SAMN31484033,SAMN03859807,0.6769420468557337
SAMN31484033,SAMN03859808,0.6320783593510866
SAMN31484033,SAMN03859809,0.45573854863612967
SAMN31484033,SAMN03859813,0.5334467120181405
SAMN31484033,SAMN03859814,0.4062170706006322
SAMN31484033,SAMN03859815,0.4758789860997547
SAMN31484033,SAMN03859816,0.47727883839741864
SAMN31484033,SAMN03859817,0.6504559270516718
SAMN31484033,SAMN03859818,0.4703965236284628
SAMN31484033,SAMN03859819,0.46909962706446456
SAMN31484033,SAMN03859820,0.48005540166204985
SAMN31484033,SAMN03859821,0.4769059543683918
SAMN31484033,SAMN03859824,0.6716604244694132
SAMN31484033,SAMN03859826,0.4226666666666667
SAMN31484033,SAMN03859829,0.6423697270471465
SAMN31484033,SAMN03859830,0.6382651491848662
SAMN31484033,SAMN03859831,0.4098798397863818
SAMN31484033,SAMN03859833,0.46989921002451646
SAMN31484033,SAMN03859838,0.4071065989847716
SAMN31484033,SAMN03859839,0.6793988728866625
SAMN31484033,SAMN03859840,0.6602959309494452
SAMN31484033,SAMN04244164,0.443447525829255
SAMN31484033,SAMN04244165,0.8976840649844452
SAMN31484033,SAMN04244166,0.6693548387096774
SAMN31484033,SAMN09847804,0.6537286063569682
SAMN31484033,SAMN09847805,0.6566890653634697
SAMN31484033,SAMN09847806,0.6921855146124524
SAMN31484033,SAMN09847807,0.7159199237368923
SAMN31484033,SAMN09847808,0.6694809255784866
SAMN31484033,SAMN09847809,0.6661495501085944
SAMN31484033,SAMN09847810,0.6926952141057935
SAMN31484033,SAMN09847811,0.41536090418700233
SAMN31484033,SAMN09847812,0.43947509373326193
SAMN31484033,SAMN09847813,0.956
SAMN31484033,SAMN09847814,0.4202597402597403
SAMN31484033,SAMN09847815,0.6819484240687679
SAMN31484033,SAMN09847816,0.9277660324171952
SAMN31484033,SAMN09847817,0.6923320659062104
SAMN31484033,SAMN09847818,0.9436468054558507
SAMN31484033,SAMN09847819,0.6491228070175439
SAMN31484033,SAMN09847820,0.6488203266787659
SAMN31484033,SAMN09847821,0.8884770889487871
SAMN31484033,SAMN09847822,0.6486241306319928
SAMN31484033,SAMN09847823,0.6479298881837413
SAMN31484033,SAMN09847824,0.67739898989899
SAMN31484033,SAMN09847825,0.6602959309494452
SAMN31484033,SAMN09847826,0.6544454628780935
SAMN31484033,SAMN09847827,0.6543398533007335
SAMN31484033,SAMN09847828,0.6541399327833791
SAMN31484033,SAMN09847829,0.6543398533007335
SAMN31484033,SAMN09847830,0.6542455711667685
SAMN31484033,SAMN09847831,0.9113487409451535
SAMN31484033,SAMN09847832,0.6741043368950346
SAMN31484033,SAMN09847833,0.6648062015503876
SAMN31484033,SAMN09847834,0.6471476003622095
SAMN31484033,SAMN09847835,0.6615051099411583
SAMN31484033,SAMN09847836,0.6651177199504337
SAMN31484033,SAMN09847837,0.68
SAMN31484033,SAMN09847838,0.6552671755725191
SAMN31484033,SAMN09847839,0.6552671755725191
SAMN31484033,SAMN09847840,0.6556675832569508
SAMN31484033,SAMN09847841,0.9421221864951769
SAMN31484033,SAMN09847842,0.632870233520544
SAMN31484033,SAMN09847843,0.6784586228679722
SAMN31484033,SAMN09847844,0.41572745901639346
SAMN31484033,SAMN09847845,0.6645001547508511
SAMN31484033,SAMN09847846,0.6664596273291925
SAMN31484033,SAMN09847847,0.6475558237779119
SAMN31484033,SAMN09847848,0.6717202970297029
SAMN31484033,SAMN09847849,0.6548564447159438
SAMN31484033,SAMN09847850,0.6459909228441755
SAMN31484033,SAMN09847851,0.6446181599518942
SAMN31484033,SAMN09847852,0.6960101329955668
SAMN31484033,SAMN09847853,0.6495001514692518
SAMN31484033,SAMN09847854,0.4146341463414634
SAMN31484033,SAMN09847855,0.9224318658280922
SAMN31484033,SAMN09847856,0.900648685558211
SAMN31484033,SAMN09847857,0.4167958656330749
SAMN31484033,SAMN09847858,0.6634704608722549
SAMN31484033,SAMN09847859,0.9062177945723119
SAMN31484033,SAMN09847860,0.9456171735241503
SAMN31484033,SAMN09847861,0.8970438328236493
SAMN31484033,SAMN09847862,0.913840830449827
SAMN31484033,SAMN09847863,0.9151074151074151
SAMN31484033,SAMN09847864,0.40097611096840485
SAMN31484033,SAMN09847865,0.9118866620594334
SAMN31484033,SAMN09847866,0.9434300035803795
SAMN31484033,SAMN09847867,0.9336408800567778
SAMN31484034,SAMN02649746,0.4831829368334701
SAMN31484034,SAMN02649748,0.46019316105455493
SAMN31484034,SAMN02649749,0.4682034976152623
SAMN31484034,SAMN02649750,0.46364347146207974
SAMN31484034,SAMN02649751,0.4744348762109796
SAMN31484034,SAMN02649752,0.47624161073825505
SAMN31484034,SAMN02649753,0.4753483386923901
SAMN31484034,SAMN02649754,0.4705254734595892
SAMN31484034,SAMN02649755,0.4904564315352697
SAMN31484034,SAMN02649756,0.4721627408993576
SAMN31484034,SAMN02649757,0.4710568242166755
SAMN31484034,SAMN02649758,0.4719551282051282
SAMN31484034,SAMN02649759,0.47313272434175174
SAMN31484034,SAMN02649760,0.4751410911045418
SAMN31484034,SAMN02649761,0.468477974149301
SAMN31484034,SAMN02649762,0.46758039008961516
SAMN31484034,SAMN02649763,0.44688922610015175
SAMN31484034,SAMN02649764,0.47266881028938906
SAMN31484034,SAMN02649765,0.47131038163864425
SAMN31484034,SAMN02649766,0.47742633144093
SAMN31484034,SAMN02649767,0.47181405289874434
SAMN31484034,SAMN02649769,0.471166622375764
SAMN31484034,SAMN02649770,0.4701492537313433
SAMN31484034,SAMN02649771,0.4771436299702461
SAMN31484034,SAMN02649772,0.47072911122937733
SAMN31484034,SAMN02649773,0.4800764192139738
SAMN31484034,SAMN02649774,0.4638443334209834
SAMN31484034,SAMN02649775,0.4662269129287599
SAMN31484034,SAMN02649776,0.47594594594594597
SAMN31484034,SAMN02649777,0.47883884970157353
SAMN31484034,SAMN02649778,0.46991783726477604
SAMN31484034,SAMN02649779,0.47520771911015813
SAMN31484034,SAMN02649780,0.4767693138843868
SAMN31484034,SAMN02649781,0.4705254734595892
SAMN31484034,SAMN02649782,0.4677804295942721
SAMN31484034,SAMN02649783,0.4702745934417489
SAMN31484034,SAMN02649784,0.4671610169491525
SAMN31484034,SAMN02649785,0.4711229946524064
SAMN31484034,SAMN02649786,0.4710589490530808
SAMN31484034,SAMN02649787,0.4699308142629058
SAMN31484034,SAMN02649788,0.46944739638682254
SAMN31484034,SAMN02649789,0.4632991318074191
SAMN31484034,SAMN02649790,0.4672626873520905
SAMN31484034,SAMN02649791,0.4674358974358974
SAMN31484034,SAMN02649792,0.49245810055865924
SAMN31484034,SAMN02649793,0.4802955665024631
SAMN31484034,SAMN02649794,0.4632352941176471
SAMN31484034,SAMN02649795,0.4683275907765704
SAMN31484034,SAMN02649796,0.4498487903225806
SAMN31484034,SAMN02649797,0.4647151071615264
SAMN31484034,SAMN02649798,0.4662090813093981
SAMN31484034,SAMN02649799,0.4698218558893911
SAMN31484034,SAMN02649800,0.4741217484580316
SAMN31484034,SAMN02649801,0.48056537102473496
SAMN31484034,SAMN02649802,0.4685258964143426
SAMN31484034,SAMN02649803,0.46624472573839665
SAMN31484034,SAMN02649804,0.46524486571879936
SAMN31484034,SAMN02649805,0.4648109243697479
SAMN31484034,SAMN02649806,0.47406611126041387
SAMN31484034,SAMN02649807,0.4727272727272727
SAMN31484034,SAMN02649808,0.472780906409225
SAMN31484034,SAMN02649809,0.4846069268829027
SAMN31484034,SAMN02649810,0.41770541846858306
SAMN31484034,SAMN02649811,0.4698827292110874
SAMN31484034,SAMN02649812,0.46582211665347056
SAMN31484034,SAMN02649813,0.46449237243556024
SAMN31484034,SAMN02649814,0.49353863073962057
SAMN31484034,SAMN02649815,0.4725715814824726
SAMN31484034,SAMN03859721,0.45908496732026144
SAMN31484034,SAMN03859722,0.4181444358776664
SAMN31484034,SAMN03859723,0.48277762468999724
SAMN31484034,SAMN03859724,0.4453803632534878
SAMN31484034,SAMN03859727,0.46952835188129305
SAMN31484034,SAMN03859728,0.4797464866354368
SAMN31484034,SAMN03859729,0.482275350370981
SAMN31484034,SAMN03859732,0.44779643231899263
SAMN31484034,SAMN03859735,0.45642263341378386
SAMN31484034,SAMN03859736,0.4821865651346206
SAMN31484034,SAMN03859737,0.45978794931471423
SAMN31484034,SAMN03859738,0.47115384615384615
SAMN31484034,SAMN03859740,0.47985749520416554
SAMN31484034,SAMN03859741,0.47804195804195804
SAMN31484034,SAMN03859743,0.46594885598923286
SAMN31484034,SAMN03859744,0.48233995584988965
SAMN31484034,SAMN03859745,0.493564633463906
SAMN31484034,SAMN03859747,0.45663811563169165
SAMN31484034,SAMN03859748,0.44268456375838927
SAMN31484034,SAMN03859752,0.515813686026452
SAMN31484034,SAMN03859753,0.48322705849736625
SAMN31484034,SAMN03859755,0.48136818687430477
SAMN31484034,SAMN03859756,0.6236786469344608
SAMN31484034,SAMN03859757,0.4860956618464961
SAMN31484034,SAMN03859758,0.4842628382109332
SAMN31484034,SAMN03859759,0.4616617686347849
SAMN31484034,SAMN03859760,0.4565569347004857
SAMN31484034,SAMN03859761,0.4637759224346889
SAMN31484034,SAMN03859762,0.4923547400611621
SAMN31484034,SAMN03859763,0.46020573903627504
SAMN31484034,SAMN03859765,0.43843683083511775
SAMN31484034,SAMN03859766,0.5056520540391508
SAMN31484034,SAMN03859767,0.4671689989235737
SAMN31484034,SAMN03859769,0.4976036086833944
SAMN31484034,SAMN03859770,0.47301672962763086
SAMN31484034,SAMN03859774,0.4828918322295806
SAMN31484034,SAMN03859775,0.6369119420989143
SAMN31484034,SAMN03859776,0.4822518025513034
SAMN31484034,SAMN03859777,0.48175995544416594
SAMN31484034,SAMN03859778,0.4642375168690958
SAMN31484034,SAMN03859783,0.4860996421690063
SAMN31484034,SAMN03859784,0.6233804475853946
SAMN31484034,SAMN03859785,0.4736410816716744
SAMN31484034,SAMN03859786,0.4794816414686825
SAMN31484034,SAMN03859787,0.46184738955823296
SAMN31484034,SAMN03859789,0.6201083684527393
SAMN31484034,SAMN03859790,0.4751696065128901
SAMN31484034,SAMN03859792,0.47484190266703324
SAMN31484034,SAMN03859793,0.4778082191780822
SAMN31484034,SAMN03859794,0.4813895781637717
SAMN31484034,SAMN03859795,0.4760857614073667
SAMN31484034,SAMN03859796,0.47570194384449244
SAMN31484034,SAMN03859797,0.6542142636616239
SAMN31484034,SAMN03859798,0.46919558783965565
SAMN31484034,SAMN03859799,0.655268022181146
SAMN31484034,SAMN03859800,0.4590643274853801
SAMN31484034,SAMN03859801,0.479320734045467
SAMN31484034,SAMN03859802,0.48696129563546525
SAMN31484034,SAMN03859803,0.46967636660320916
SAMN31484034,SAMN03859805,0.4822888283378747
SAMN31484034,SAMN03859806,0.6433868974042027
SAMN31484034,SAMN03859807,0.47840260798696005
SAMN31484034,SAMN03859808,0.4678040726472207
SAMN31484034,SAMN03859809,0.5967832957110609
SAMN31484034,SAMN03859813,0.4611231101511879
SAMN31484034,SAMN03859814,0.4397411701267188
SAMN31484034,SAMN03859815,0.6365558912386707
SAMN31484034,SAMN03859816,0.639618138424821
SAMN31484034,SAMN03859817,0.48091603053435117
SAMN31484034,SAMN03859818,0.5594586812553988
SAMN31484034,SAMN03859819,0.6112733644859814
SAMN31484034,SAMN03859820,0.5692894891368174
SAMN31484034,SAMN03859821,0.568685376661743
SAMN31484034,SAMN03859824,0.4744083654375344
SAMN31484034,SAMN03859826,0.47186982901268615
SAMN31484034,SAMN03859829,0.47302558398220246
SAMN31484034,SAMN03859830,0.46494363486389884
SAMN31484034,SAMN03859831,0.46194298367008024
SAMN31484034,SAMN03859833,0.6273741332529394
SAMN31484034,SAMN03859838,0.45487932843651624
SAMN31484034,SAMN03859839,0.48601495430628633
SAMN31484034,SAMN03859840,0.48470653072471753
SAMN31484034,SAMN04244164,0.4760978321289605
SAMN31484034,SAMN04244165,0.46884193634661675
SAMN31484034,SAMN04244166,0.4803409403354413
SAMN31484034,SAMN09847804,0.48098495212038306
SAMN31484034,SAMN09847805,0.4812994812994813
SAMN31484034,SAMN09847806,0.4948106591865358
SAMN31484034,SAMN09847807,0.4984743411927878
SAMN31484034,SAMN09847808,0.4918994413407821
SAMN31484034,SAMN09847809,0.4885009697977279
SAMN31484034,SAMN09847810,0.49057649667405767
SAMN31484034,SAMN09847811,0.46401062416998673
SAMN31484034,SAMN09847812,0.4727471925499863
SAMN31484034,SAMN09847813,0.48934403542762245
SAMN31484034,SAMN09847814,0.47003493684493414
SAMN31484034,SAMN09847815,0.49971623155505107
SAMN31484034,SAMN09847816,0.47719298245614034
SAMN31484034,SAMN09847817,0.4949636261891438
SAMN31484034,SAMN09847818,0.4841095890410959
SAMN31484034,SAMN09847819,0.47844944429384656
SAMN31484034,SAMN09847820,0.4781783681214421
SAMN31484034,SAMN09847821,0.46320459290187893
SAMN31484034,SAMN09847822,0.47804878048780486
SAMN31484034,SAMN09847823,0.4779192630723381
SAMN31484034,SAMN09847824,0.49704308645451983
SAMN31484034,SAMN09847825,0.48716533259729505
SAMN31484034,SAMN09847826,0.4832968236582694
SAMN31484034,SAMN09847827,0.48315529991783074
SAMN31484034,SAMN09847828,0.4830230010952902
SAMN31484034,SAMN09847829,0.48356164383561645
SAMN31484034,SAMN09847830,0.4831645223104298
SAMN31484034,SAMN09847831,0.47068187848235604
SAMN31484034,SAMN09847832,0.4948106591865358
SAMN31484034,SAMN09847833,0.4890490712503465
SAMN31484034,SAMN09847834,0.4778018408229561
SAMN31484034,SAMN09847835,0.48629188590418165
SAMN31484034,SAMN09847836,0.487825124515772
SAMN31484034,SAMN09847837,0.4971719457013575
SAMN31484034,SAMN09847838,0.4829094886519005
SAMN31484034,SAMN09847839,0.4829094886519005
SAMN31484034,SAMN09847840,0.48236259228876127
SAMN31484034,SAMN09847841,0.4825517993456925
SAMN31484034,SAMN09847842,0.47007182761372707
SAMN31484034,SAMN09847843,0.49577940348902644
SAMN31484034,SAMN09847844,0.46657824933687003
SAMN31484034,SAMN09847845,0.48742051423831906
SAMN31484034,SAMN09847846,0.4898695531501526
SAMN31484034,SAMN09847847,0.478213802435724
SAMN31484034,SAMN09847848,0.4808219178082192
SAMN31484034,SAMN09847849,0.4824945295404814
SAMN31484034,SAMN09847850,0.47479674796747967
SAMN31484034,SAMN09847851,0.47612624763960076
SAMN31484034,SAMN09847852,0.49206349206349204
SAMN31484034,SAMN09847853,0.47935904399782725
SAMN31484034,SAMN09847854,0.4624568851154152
SAMN31484034,SAMN09847855,0.47599892732636095
SAMN31484034,SAMN09847856,0.46745718050065876
SAMN31484034,SAMN09847857,0.4661855118952152
SAMN31484034,SAMN09847858,0.48742051423831906
SAMN31484034,SAMN09847859,0.469684935133704
SAMN31484034,SAMN09847860,0.4855270344074276
SAMN31484034,SAMN09847861,0.4658792650918635
SAMN31484034,SAMN09847862,0.47232570516232036
SAMN31484034,SAMN09847863,0.4728289824187533
SAMN31484034,SAMN09847864,0.4350341925302472
SAMN31484034,SAMN09847865,0.4709008769598724
SAMN31484034,SAMN09847866,0.48441771459814104
SAMN31484034,SAMN09847867,0.4804454101032048
SAMN31484036,SAMN02649746,0.46476241324079015
SAMN31484036,SAMN02649748,0.4490266393442623
SAMN31484036,SAMN02649749,0.45482866043613707
SAMN31484036,SAMN02649750,0.4479857215706272
SAMN31484036,SAMN02649751,0.46149789029535865
SAMN31484036,SAMN02649752,0.4613767735155018
SAMN31484036,SAMN02649753,0.45938155136268344
SAMN31484036,SAMN02649754,0.4589220303506018
SAMN31484036,SAMN02649755,0.4760357432981316
SAMN31484036,SAMN02649756,0.4597218577801102
SAMN31484036,SAMN02649757,0.4564595788926436
SAMN31484036,SAMN02649758,0.4538341158059468
SAMN31484036,SAMN02649759,0.4590897132333596
SAMN31484036,SAMN02649760,0.4576004200577579
SAMN31484036,SAMN02649761,0.4502833590932509
SAMN31484036,SAMN02649762,0.45166279969064194
SAMN31484036,SAMN02649763,0.42709104367135453
SAMN31484036,SAMN02649764,0.46020488573680063
SAMN31484036,SAMN02649765,0.4577777777777778
SAMN31484036,SAMN02649766,0.465147097800159
SAMN31484036,SAMN02649767,0.45787545787545786
SAMN31484036,SAMN02649769,0.45466354897375943
SAMN31484036,SAMN02649770,0.45932513732670677
SAMN31484036,SAMN02649771,0.46447507953340406
SAMN31484036,SAMN02649772,0.4576271186440678
SAMN31484036,SAMN02649773,0.46762974852862493
SAMN31484036,SAMN02649774,0.4536534985799122
SAMN31484036,SAMN02649775,0.4548278539994823
SAMN31484036,SAMN02649776,0.4640869334746886
SAMN31484036,SAMN02649777,0.4668794892258579
SAMN31484036,SAMN02649778,0.455748767194394
SAMN31484036,SAMN02649779,0.4588574423480084
SAMN31484036,SAMN02649780,0.4645127118644068
SAMN31484036,SAMN02649781,0.4581589958158996
SAMN31484036,SAMN02649782,0.4544037412314887
SAMN31484036,SAMN02649783,0.45715778474399166
SAMN31484036,SAMN02649784,0.4553246753246753
SAMN31484036,SAMN02649785,0.45871559633027525
SAMN31484036,SAMN02649786,0.45791949817041294
SAMN31484036,SAMN02649787,0.4576050091312288
SAMN31484036,SAMN02649788,0.45677083333333335
SAMN31484036,SAMN02649789,0.4504899432697267
SAMN31484036,SAMN02649790,0.4498972250770812
SAMN31484036,SAMN02649791,0.45012531328320804
SAMN31484036,SAMN02649792,0.4738276990185387
SAMN31484036,SAMN02649793,0.46820499060906895
SAMN31484036,SAMN02649794,0.4515713549716641
SAMN31484036,SAMN02649795,0.45721716514954486
SAMN31484036,SAMN02649796,0.43853574078654467
SAMN31484036,SAMN02649797,0.44973138910207217
SAMN31484036,SAMN02649798,0.45217166494312305
SAMN31484036,SAMN02649799,0.45598958333333334
SAMN31484036,SAMN02649800,0.4620036813042335
SAMN31484036,SAMN02649801,0.46776771443793286
SAMN31484036,SAMN02649802,0.456629330554832
SAMN31484036,SAMN02649803,0.4556044524980585
SAMN31484036,SAMN02649804,0.45126353790613716
SAMN31484036,SAMN02649805,0.4546157813305828
SAMN31484036,SAMN02649806,0.46
SAMN31484036,SAMN02649807,0.4583769633507853
SAMN31484036,SAMN02649808,0.46030494216614093
SAMN31484036,SAMN02649809,0.4711900915455035
SAMN31484036,SAMN02649810,0.39643211100099107
SAMN31484036,SAMN02649811,0.45906356264713577
SAMN31484036,SAMN02649812,0.4559357179885951
SAMN31484036,SAMN02649813,0.4520371325425477
SAMN31484036,SAMN02649814,0.47319034852546915
SAMN31484036,SAMN02649815,0.46050905274206244
SAMN31484036,SAMN03859721,0.44680851063829785
SAMN31484036,SAMN03859722,0.39769596794390183
SAMN31484036,SAMN03859723,0.46976241900647947
SAMN31484036,SAMN03859724,0.42264344262295084
SAMN31484036,SAMN03859727,0.45085359544749093
SAMN31484036,SAMN03859728,0.46718876586551444
SAMN31484036,SAMN03859729,0.47009698275862066
SAMN31484036,SAMN03859732,0.42397959183673467
SAMN31484036,SAMN03859735,0.43596445373758497
SAMN31484036,SAMN03859736,0.4685668620138519
SAMN31484036,SAMN03859737,0.4461616417532303
SAMN31484036,SAMN03859738,0.45799528919131116
SAMN31484036,SAMN03859740,0.4603047313552526
SAMN31484036,SAMN03859741,0.45774263904034895
SAMN31484036,SAMN03859743,0.44897422409258286
SAMN31484036,SAMN03859744,0.46931603135982697
SAMN31484036,SAMN03859745,0.47326786688488814
SAMN31484036,SAMN03859747,0.44072232399895317
SAMN31484036,SAMN03859748,0.41736183524504694
SAMN31484036,SAMN03859752,0.47416413373860183
SAMN31484036,SAMN03859753,0.4669376693766938
SAMN31484036,SAMN03859755,0.46866485013623976
SAMN31484036,SAMN03859756,0.529957805907173
SAMN31484036,SAMN03859757,0.4765155652648826
SAMN31484036,SAMN03859758,0.46367061356297096
SAMN31484036,SAMN03859759,0.4456635318704284
SAMN31484036,SAMN03859760,0.43899868247694335
SAMN31484036,SAMN03859761,0.4430446194225722
SAMN31484036,SAMN03859762,0.46982408660351827
SAMN31484036,SAMN03859763,0.4421247357293869
SAMN31484036,SAMN03859765,0.4151483602290474
SAMN31484036,SAMN03859766,0.4722814498933902
SAMN31484036,SAMN03859767,0.4501709176965554
SAMN31484036,SAMN03859769,0.4786795048143054
SAMN31484036,SAMN03859770,0.45354040536983414
SAMN31484036,SAMN03859774,0.4627387678235136
SAMN31484036,SAMN03859775,0.5419825891603482
SAMN31484036,SAMN03859776,0.46916598750339583
SAMN31484036,SAMN03859777,0.4678298800436205
SAMN31484036,SAMN03859778,0.4476391453442363
SAMN31484036,SAMN03859783,0.4690693921463152
SAMN31484036,SAMN03859784,0.53060664287675
SAMN31484036,SAMN03859785,0.4570208222103577
SAMN31484036,SAMN03859786,0.46214719071485094
SAMN31484036,SAMN03859787,0.45265649658074697
SAMN31484036,SAMN03859789,0.5269209197980931
SAMN31484036,SAMN03859790,0.45245641838351824
SAMN31484036,SAMN03859792,0.4510695187165775
SAMN31484036,SAMN03859793,0.4657534246575342
SAMN31484036,SAMN03859794,0.4562014465577284
SAMN31484036,SAMN03859795,0.45267379679144387
SAMN31484036,SAMN03859796,0.4611522198731501
SAMN31484036,SAMN03859797,0.550185873605948
SAMN31484036,SAMN03859798,0.4438055410350235
SAMN31484036,SAMN03859799,0.549159304645198
SAMN31484036,SAMN03859800,0.4409550999221386
SAMN31484036,SAMN03859801,0.45396487493347526
SAMN31484036,SAMN03859802,0.4735143855875235
SAMN31484036,SAMN03859803,0.4516728624535316
SAMN31484036,SAMN03859805,0.46942590120160216
SAMN31484036,SAMN03859806,0.5413921512460613
SAMN31484036,SAMN03859807,0.46176314391927775
SAMN31484036,SAMN03859808,0.45668016194331984
SAMN31484036,SAMN03859809,0.5185774946921444
SAMN31484036,SAMN03859813,0.4461172741679873
SAMN31484036,SAMN03859814,0.4132879937222077
SAMN31484036,SAMN03859815,0.5445321307779031
SAMN31484036,SAMN03859816,0.5428809325562032
SAMN31484036,SAMN03859817,0.4692513368983957
SAMN31484036,SAMN03859818,0.6512959614225436
SAMN31484036,SAMN03859819,0.5258408531583265
SAMN31484036,SAMN03859820,0.6588957055214724
SAMN31484036,SAMN03859821,0.656288532675709
SAMN31484036,SAMN03859824,0.45452106251676955
SAMN31484036,SAMN03859826,0.4481094127111826
SAMN31484036,SAMN03859829,0.4592975769126055
SAMN31484036,SAMN03859830,0.4488040849234077
SAMN31484036,SAMN03859831,0.4426450742240216
SAMN31484036,SAMN03859833,0.5370109766394596
SAMN31484036,SAMN03859838,0.43306080735820135
SAMN31484036,SAMN03859839,0.4641316073354908
SAMN31484036,SAMN03859840,0.4720496894409938
SAMN31484036,SAMN04244164,0.44229736983360174
SAMN31484036,SAMN04244165,0.45001305142260506
SAMN31484036,SAMN04244166,0.4595391211146838
SAMN31484036,SAMN09847804,0.46849021185304374
SAMN31484036,SAMN09847805,0.4688252609044688
SAMN31484036,SAMN09847806,0.47121418826739425
SAMN31484036,SAMN09847807,0.47702702702702704
SAMN31484036,SAMN09847808,0.4769062585405849
SAMN31484036,SAMN09847809,0.4760999456816947
SAMN31484036,SAMN09847810,0.477729494839761
SAMN31484036,SAMN09847811,0.44280538302277433
SAMN31484036,SAMN09847812,0.43915343915343913
SAMN31484036,SAMN09847813,0.4701593302727518
SAMN31484036,SAMN09847814,0.4488085886357685
SAMN31484036,SAMN09847815,0.4843186233694144
SAMN31484036,SAMN09847816,0.4603007122131364
SAMN31484036,SAMN09847817,0.47302452316076293
SAMN31484036,SAMN09847818,0.4679882132333244
SAMN31484036,SAMN09847819,0.4657279489904357
SAMN31484036,SAMN09847820,0.46546227417640806
SAMN31484036,SAMN09847821,0.4475363798825632
SAMN31484036,SAMN09847822,0.4653386454183267
SAMN31484036,SAMN09847823,0.46521508231545405
SAMN31484036,SAMN09847824,0.48304383788254757
SAMN31484036,SAMN09847825,0.4716522678185745
SAMN31484036,SAMN09847826,0.47035148913335123
SAMN31484036,SAMN09847827,0.47020933977455714
SAMN31484036,SAMN09847828,0.4700831768178159
SAMN31484036,SAMN09847829,0.47060402684563757
SAMN31484036,SAMN09847830,0.47022532188841204
SAMN31484036,SAMN09847831,0.4538381742738589
SAMN31484036,SAMN09847832,0.4825405554028045
SAMN31484036,SAMN09847833,0.47542764051045344
SAMN31484036,SAMN09847834,0.46549893842887474
SAMN31484036,SAMN09847835,0.47234273318872017
SAMN31484036,SAMN09847836,0.4762550881953867
SAMN31484036,SAMN09847837,0.4839335180055402
SAMN31484036,SAMN09847838,0.46880856760374834
SAMN31484036,SAMN09847839,0.46880856760374834
SAMN31484036,SAMN09847840,0.4694533762057878
SAMN31484036,SAMN09847841,0.4661513859275053
SAMN31484036,SAMN09847842,0.45622720166753516
SAMN31484036,SAMN09847843,0.48222650868007716
SAMN31484036,SAMN09847844,0.4445879617669853
SAMN31484036,SAMN09847845,0.47546760639739766
SAMN31484036,SAMN09847846,0.4762163631421582
SAMN31484036,SAMN09847847,0.4651286130999735
SAMN31484036,SAMN09847848,0.4694974469228702
SAMN31484036,SAMN09847849,0.46957920128651837
SAMN31484036,SAMN09847850,0.46253985122210417
SAMN31484036,SAMN09847851,0.46467319396665785
SAMN31484036,SAMN09847852,0.4791268758526603
SAMN31484036,SAMN09847853,0.46776771443793286
SAMN31484036,SAMN09847854,0.44131334022750773
SAMN31484036,SAMN09847855,0.45923984272608126
SAMN31484036,SAMN09847856,0.45079855744461617
SAMN31484036,SAMN09847857,0.44479166666666664
SAMN31484036,SAMN09847858,0.4742686890574215
SAMN31484036,SAMN09847859,0.4528985507246377
SAMN31484036,SAMN09847860,0.46629363176125765
SAMN31484036,SAMN09847861,0.44969199178644764
SAMN31484036,SAMN09847862,0.4557752341311134
SAMN31484036,SAMN09847863,0.45625
SAMN31484036,SAMN09847864,0.4115089514066496
SAMN31484036,SAMN09847865,0.454025974025974
SAMN31484036,SAMN09847866,0.4671474358974359
SAMN31484036,SAMN09847867,0.4618239660657476
SAMN31484035,SAMN02649746,0.4813614262560778
SAMN31484035,SAMN02649748,0.45796802475502835
SAMN31484035,SAMN02649749,0.46738276133088813
SAMN31484035,SAMN02649750,0.45203376822716806
SAMN31484035,SAMN02649751,0.4723551302498671
SAMN31484035,SAMN02649752,0.46520822351080654
SAMN31484035,SAMN02649753,0.4658941269423229
SAMN31484035,SAMN02649754,0.46851119894598153
SAMN31484035,SAMN02649755,0.48811800054629884
SAMN31484035,SAMN02649756,0.4693446088794926
SAMN31484035,SAMN02649757,0.4609966084007305
SAMN31484035,SAMN02649758,0.46335697399527187
SAMN31484035,SAMN02649759,0.47029177718832893
SAMN31484035,SAMN02649760,0.4726645435244161
SAMN31484035,SAMN02649761,0.46004151530877013
SAMN31484035,SAMN02649762,0.45954356846473027
SAMN31484035,SAMN02649763,0.4391336818521285
SAMN31484035,SAMN02649764,0.47023021963482403
SAMN31484035,SAMN02649765,0.46967299578059074
SAMN31484035,SAMN02649766,0.4753004005340454
SAMN31484035,SAMN02649767,0.4693931398416887
SAMN31484035,SAMN02649769,0.4630065359477124
SAMN31484035,SAMN02649770,0.4704641350210971
SAMN31484035,SAMN02649771,0.47462606837606836
SAMN31484035,SAMN02649772,0.4694897422409258
SAMN31484035,SAMN02649773,0.4794927145169995
SAMN31484035,SAMN02649774,0.4634590377113134
SAMN31484035,SAMN02649775,0.4642857142857143
SAMN31484035,SAMN02649776,0.4738387613454351
SAMN31484035,SAMN02649777,0.47708389171803806
SAMN31484035,SAMN02649778,0.45989583333333334
SAMN31484035,SAMN02649779,0.4657534246575342
SAMN31484035,SAMN02649780,0.4742598026140304
SAMN31484035,SAMN02649781,0.46967299578059074
SAMN31484035,SAMN02649782,0.4661949685534591
SAMN31484035,SAMN02649783,0.46826441927837764
SAMN31484035,SAMN02649784,0.46443514644351463
SAMN31484035,SAMN02649785,0.46948480845442536
SAMN31484035,SAMN02649786,0.46903820816864294
SAMN31484035,SAMN02649787,0.46715712033631107
SAMN31484035,SAMN02649788,0.4662995017046945
SAMN31484035,SAMN02649789,0.461398492331687
SAMN31484035,SAMN02649790,0.45887221934816347
SAMN31484035,SAMN02649791,0.45447686116700203
SAMN31484035,SAMN02649792,0.4851566794942276
SAMN31484035,SAMN02649793,0.4781081081081081
SAMN31484035,SAMN02649794,0.4605809128630705
SAMN31484035,SAMN02649795,0.4663524482848913
SAMN31484035,SAMN02649796,0.4470998257406024
SAMN31484035,SAMN02649797,0.4567901234567901
SAMN31484035,SAMN02649798,0.46426708398539385
SAMN31484035,SAMN02649799,0.46743697478991597
SAMN31484035,SAMN02649800,0.47127349748477626
SAMN31484035,SAMN02649801,0.47719957081545067
SAMN31484035,SAMN02649802,0.4665442141170297
SAMN31484035,SAMN02649803,0.45822522055007786
SAMN31484035,SAMN02649804,0.4637002341920375
SAMN31484035,SAMN02649805,0.4628956927867151
SAMN31484035,SAMN02649806,0.4716029723991507
SAMN31484035,SAMN02649807,0.46295323173935893
SAMN31484035,SAMN02649808,0.47072847682119207
SAMN31484035,SAMN02649809,0.4831613253666486
SAMN31484035,SAMN02649810,0.4139056224899598
SAMN31484035,SAMN02649811,0.46903820816864294
SAMN31484035,SAMN02649812,0.4631222309095648
SAMN31484035,SAMN02649813,0.4621979734996103
SAMN31484035,SAMN02649814,0.48272138228941686
SAMN31484035,SAMN02649815,0.4705260375363468
SAMN31484035,SAMN03859721,0.45050141424530726
SAMN31484035,SAMN03859722,0.41322523435520647
SAMN31484035,SAMN03859723,0.4725304465493911
SAMN31484035,SAMN03859724,0.4343669250645995
SAMN31484035,SAMN03859727,0.45989583333333334
SAMN31484035,SAMN03859728,0.4791609915554345
SAMN31484035,SAMN03859729,0.47965274009766684
SAMN31484035,SAMN03859732,0.4364057672502575
SAMN31484035,SAMN03859735,0.4453803632534878
SAMN31484035,SAMN03859736,0.4720812182741117
SAMN31484035,SAMN03859737,0.45276292335115864
SAMN31484035,SAMN03859738,0.46912928759894457
SAMN31484035,SAMN03859740,0.47288912867547883
SAMN31484035,SAMN03859741,0.46813186813186813
SAMN31484035,SAMN03859743,0.45738485971413445
SAMN31484035,SAMN03859744,0.4797058022337238
SAMN31484035,SAMN03859745,0.48337455344874963
SAMN31484035,SAMN03859747,0.4482758620689655
SAMN31484035,SAMN03859748,0.43756613756613755
SAMN31484035,SAMN03859752,0.5040902679830748
SAMN31484035,SAMN03859753,0.4753204254158713
SAMN31484035,SAMN03859755,0.47427476737821567
SAMN31484035,SAMN03859756,0.6255980861244019
SAMN31484035,SAMN03859757,0.48380010982976385
SAMN31484035,SAMN03859758,0.4743694060211554
SAMN31484035,SAMN03859759,0.4509443861490032
SAMN31484035,SAMN03859760,0.4465942221044262
SAMN31484035,SAMN03859761,0.453319227717535
SAMN31484035,SAMN03859762,0.4786161808771452
SAMN31484035,SAMN03859763,0.45130388504523683
SAMN31484035,SAMN03859765,0.4333948826167238
SAMN31484035,SAMN03859766,0.49945681694731126
SAMN31484035,SAMN03859767,0.45858692775866633
SAMN31484035,SAMN03859769,0.4885009697977279
SAMN31484035,SAMN03859770,0.46043926964805504
SAMN31484035,SAMN03859774,0.4706359945872801
SAMN31484035,SAMN03859775,0.6343061346039309
SAMN31484035,SAMN03859776,0.47275204359673023
SAMN31484035,SAMN03859777,0.48196089231616634
SAMN31484035,SAMN03859778,0.4522107492719089
SAMN31484035,SAMN03859783,0.4778018408229561
SAMN31484035,SAMN03859784,0.6097631426920855
SAMN31484035,SAMN03859785,0.46521622347569164
SAMN31484035,SAMN03859786,0.4710568242166755
SAMN31484035,SAMN03859787,0.45110410094637227
SAMN31484035,SAMN03859789,0.6225402504472272
SAMN31484035,SAMN03859790,0.4613134804573252
SAMN31484035,SAMN03859792,0.4604200323101777
SAMN31484035,SAMN03859793,0.46889307837328303
SAMN31484035,SAMN03859794,0.4660010793308149
SAMN31484035,SAMN03859795,0.4616419919246299
SAMN31484035,SAMN03859796,0.4696808510638298
SAMN31484035,SAMN03859797,0.6478102189781022
SAMN31484035,SAMN03859798,0.4574973600844773
SAMN31484035,SAMN03859799,0.6493624772313297
SAMN31484035,SAMN03859800,0.4522376341271918
SAMN31484035,SAMN03859801,0.46486051502145925
SAMN31484035,SAMN03859802,0.48347778981581796
SAMN31484035,SAMN03859803,0.4574553214190451
SAMN31484035,SAMN03859805,0.4812819822246162
SAMN31484035,SAMN03859806,0.6356447688564477
SAMN31484035,SAMN03859807,0.4652463382157124
SAMN31484035,SAMN03859808,0.4586262844780963
SAMN31484035,SAMN03859809,0.5934800780161605
SAMN31484035,SAMN03859813,0.4518439904483948
SAMN31484035,SAMN03859814,0.4335014600477834
SAMN31484035,SAMN03859815,0.6320023837902264
SAMN31484035,SAMN03859816,0.6360424028268551
SAMN31484035,SAMN03859817,0.4771382463690156
SAMN31484035,SAMN03859818,0.5438398646743727
SAMN31484035,SAMN03859819,0.6095238095238096
SAMN31484035,SAMN03859820,0.5540540540540541
SAMN31484035,SAMN03859821,0.5520231213872833
SAMN31484035,SAMN03859824,0.4643243243243243
SAMN31484035,SAMN03859826,0.4602272727272727
SAMN31484035,SAMN03859829,0.46326140398798143
SAMN31484035,SAMN03859830,0.45897644191714054
SAMN31484035,SAMN03859831,0.449267498643516
SAMN31484035,SAMN03859833,0.6263408820023838
SAMN31484035,SAMN03859838,0.44372907545712076
SAMN31484035,SAMN03859839,0.47766884531590414
SAMN31484035,SAMN03859840,0.48446866485013623
SAMN31484035,SAMN04244164,0.4591143710948112
SAMN31484035,SAMN04244165,0.4610526315789474
SAMN31484035,SAMN04244166,0.4741402653669104
SAMN31484035,SAMN09847804,0.4779908182554685
SAMN31484035,SAMN09847805,0.47990288643107637
SAMN31484035,SAMN09847806,0.4874413469500414
SAMN31484035,SAMN09847807,0.48585418933623503
SAMN31484035,SAMN09847808,0.4895201323772752
SAMN31484035,SAMN09847809,0.48577680525164113
SAMN31484035,SAMN09847810,0.4898630136986301
SAMN31484035,SAMN09847811,0.4510416666666667
SAMN31484035,SAMN09847812,0.45646932761853737
SAMN31484035,SAMN09847813,0.48175381263616557
SAMN31484035,SAMN09847814,0.45794885315054046
SAMN31484035,SAMN09847815,0.49719887955182074
SAMN31484035,SAMN09847816,0.46997874601487777
SAMN31484035,SAMN09847817,0.48679141441937257
SAMN31484035,SAMN09847818,0.47628032345013477
SAMN31484035,SAMN09847819,0.4755151190794755
SAMN31484035,SAMN09847820,0.4756423982869379
SAMN31484035,SAMN09847821,0.457186937516071
SAMN31484035,SAMN09847822,0.4755151190794755
SAMN31484035,SAMN09847823,0.4753879079721776
SAMN31484035,SAMN09847824,0.4954102920723227
SAMN31484035,SAMN09847825,0.48285247686445293
SAMN31484035,SAMN09847826,0.47907102349446395
SAMN31484035,SAMN09847827,0.47893030794165314
SAMN31484035,SAMN09847828,0.4788009721847151
SAMN31484035,SAMN09847829,0.4793299108349095
SAMN31484035,SAMN09847830,0.4789416846652268
SAMN31484035,SAMN09847831,0.46254241712346644
SAMN31484035,SAMN09847832,0.4923843810578787
SAMN31484035,SAMN09847833,0.48916918014806693
SAMN31484035,SAMN09847834,0.47448570665241785
SAMN31484035,SAMN09847835,0.48440919037199126
SAMN31484035,SAMN09847836,0.48633132859486056
SAMN31484035,SAMN09847837,0.49678501537601344
SAMN31484035,SAMN09847838,0.48029157667386607
SAMN31484035,SAMN09847839,0.48029157667386607
SAMN31484035,SAMN09847840,0.48015122873345933
SAMN31484035,SAMN09847841,0.475577026301664
SAMN31484035,SAMN09847842,0.4676826064109301
SAMN31484035,SAMN09847843,0.4937482634065018
SAMN31484035,SAMN09847844,0.453198127925117
SAMN31484035,SAMN09847845,0.4855270344074276
SAMN31484035,SAMN09847846,0.48834658623526184
SAMN31484035,SAMN09847847,0.4752872027785199
SAMN31484035,SAMN09847848,0.47782585181179016
SAMN31484035,SAMN09847849,0.4798811774237105
SAMN31484035,SAMN09847850,0.47309236947791167
SAMN31484035,SAMN09847851,0.4752
SAMN31484035,SAMN09847852,0.4913294797687861
SAMN31484035,SAMN09847853,0.47838926174496643
SAMN31484035,SAMN09847854,0.4506638896120802
SAMN31484035,SAMN09847855,0.46729957805907174
SAMN31484035,SAMN09847856,0.45980290456431533
SAMN31484035,SAMN09847857,0.45385422128998426
SAMN31484035,SAMN09847858,0.4851214851214851
SAMN31484035,SAMN09847859,0.46119791666666665
SAMN31484035,SAMN09847860,0.4757177354440569
SAMN31484035,SAMN09847861,0.45715023231801755
SAMN31484035,SAMN09847862,0.4641361256544503
SAMN31484035,SAMN09847863,0.46462264150943394
SAMN31484035,SAMN09847864,0.4293858512568023
SAMN31484035,SAMN09847865,0.46236278097229483
SAMN31484035,SAMN09847866,0.47580645161290325
SAMN31484035,SAMN09847867,0.472348383649479
SAMN31484037,SAMN02649746,0.5223153908574519
SAMN31484037,SAMN02649748,0.5150248236216357
SAMN31484037,SAMN02649749,0.5246815286624203
SAMN31484037,SAMN02649750,0.5160197968220891
SAMN31484037,SAMN02649751,0.5154666666666666
SAMN31484037,SAMN02649752,0.5269076305220883
SAMN31484037,SAMN02649753,0.5291912158543117
SAMN31484037,SAMN02649754,0.5294275013376137
SAMN31484037,SAMN02649755,0.5154471544715448
SAMN31484037,SAMN02649756,0.5267665952890792
SAMN31484037,SAMN02649757,0.5227995758218452
SAMN31484037,SAMN02649758,0.534640171858217
SAMN31484037,SAMN02649759,0.5205882352941177
SAMN31484037,SAMN02649760,0.5161118508655127
SAMN31484037,SAMN02649761,0.5222896333421261
SAMN31484037,SAMN02649762,0.5326606479022836
SAMN31484037,SAMN02649763,0.47095332671300894
SAMN31484037,SAMN02649764,0.525695931477516
SAMN31484037,SAMN02649765,0.5253468516542156
SAMN31484037,SAMN02649766,0.5182110337439743
SAMN31484037,SAMN02649767,0.5263157894736842
SAMN31484037,SAMN02649769,0.5347593582887701
SAMN31484037,SAMN02649770,0.5160349854227405
SAMN31484037,SAMN02649771,0.5302539168017288
SAMN31484037,SAMN02649772,0.5242021276595744
SAMN31484037,SAMN02649773,0.518348623853211
SAMN31484037,SAMN02649774,0.5099424385138671
SAMN31484037,SAMN02649775,0.5260927152317881
SAMN31484037,SAMN02649776,0.5339832114811807
SAMN31484037,SAMN02649777,0.5213882163034705
SAMN31484037,SAMN02649778,0.5219692959237692
SAMN31484037,SAMN02649779,0.5294748124330118
SAMN31484037,SAMN02649780,0.5339464430619422
SAMN31484037,SAMN02649781,0.5245333333333333
SAMN31484037,SAMN02649782,0.5247077577045696
SAMN31484037,SAMN02649783,0.526287696824126
SAMN31484037,SAMN02649784,0.524820812317494
SAMN31484037,SAMN02649785,0.5285293329761586
SAMN31484037,SAMN02649786,0.5275106837606838
SAMN31484037,SAMN02649787,0.5229992023398032
SAMN31484037,SAMN02649788,0.5224316432174144
SAMN31484037,SAMN02649789,0.5197680548234054
SAMN31484037,SAMN02649790,0.5289452815226011
SAMN31484037,SAMN02649791,0.4098477640342531
SAMN31484037,SAMN02649792,0.5255775577557755
SAMN31484037,SAMN02649793,0.5248573757131214
SAMN31484037,SAMN02649794,0.5212009481169344
SAMN31484037,SAMN02649795,0.5252257036643654
SAMN31484037,SAMN02649796,0.5115452930728241
SAMN31484037,SAMN02649797,0.526813880126183
SAMN31484037,SAMN02649798,0.5192612137203166
SAMN31484037,SAMN02649799,0.5232527238905129
SAMN31484037,SAMN02649800,0.5292381974248928
SAMN31484037,SAMN02649801,0.5215401184706516
SAMN31484037,SAMN02649802,0.5239234449760766
SAMN31484037,SAMN02649803,0.5132580729850355
SAMN31484037,SAMN02649804,0.518557515135562
SAMN31484037,SAMN02649805,0.5191802417235943
SAMN31484037,SAMN02649806,0.5199038204648677
SAMN31484037,SAMN02649807,0.5264564404061999
SAMN31484037,SAMN02649808,0.5287171229200215
SAMN31484037,SAMN02649809,0.5202061296446976
SAMN31484037,SAMN02649810,0.405254196059353
SAMN31484037,SAMN02649811,0.5266951414842499
SAMN31484037,SAMN02649812,0.5216701902748414
SAMN31484037,SAMN02649813,0.5161544523246651
SAMN31484037,SAMN02649814,0.5281995661605207
SAMN31484037,SAMN02649815,0.5279785809906292
SAMN31484037,SAMN03859721,0.5116279069767442
SAMN31484037,SAMN03859722,0.40555146155735694
SAMN31484037,SAMN03859723,0.5147816653105506
SAMN31484037,SAMN03859724,0.41913780214303514
SAMN31484037,SAMN03859727,0.5171503957783641
SAMN31484037,SAMN03859728,0.5122083559413999
SAMN31484037,SAMN03859729,0.5265884919552768
SAMN31484037,SAMN03859732,0.4753802526424336
SAMN31484037,SAMN03859735,0.4320203303684879
SAMN31484037,SAMN03859736,0.5248112189859763
SAMN31484037,SAMN03859737,0.520010395010395
SAMN31484037,SAMN03859738,0.5244195356285029
SAMN31484037,SAMN03859740,0.5311475409836065
SAMN31484037,SAMN03859741,0.5076923076923077
SAMN31484037,SAMN03859743,0.4185287471754959
SAMN31484037,SAMN03859744,0.5119305856832972
SAMN31484037,SAMN03859745,0.5212736755421356
SAMN31484037,SAMN03859747,0.5148913335122082
SAMN31484037,SAMN03859748,0.39974905897114177
SAMN31484037,SAMN03859752,0.43238294533089194
SAMN31484037,SAMN03859753,0.5191466083150985
SAMN31484037,SAMN03859755,0.5241113254340038
SAMN31484037,SAMN03859756,0.43444730077120824
SAMN31484037,SAMN03859757,0.5162612735720142
SAMN31484037,SAMN03859758,0.5093318907222072
SAMN31484037,SAMN03859759,0.8822553897180763
SAMN31484037,SAMN03859760,0.8970538435489332
SAMN31484037,SAMN03859761,0.4301293431397413
SAMN31484037,SAMN03859762,0.5199127114020731
SAMN31484037,SAMN03859763,0.8880269814502529
SAMN31484037,SAMN03859765,0.3972945891783567
SAMN31484037,SAMN03859766,0.43891287782575567
SAMN31484037,SAMN03859767,0.5232965257204417
SAMN31484037,SAMN03859769,0.5229155162893429
SAMN31484037,SAMN03859770,0.42465408805031446
SAMN31484037,SAMN03859774,0.5141150922909881
SAMN31484037,SAMN03859775,0.43820224719101125
SAMN31484037,SAMN03859776,0.5148785148785149
SAMN31484037,SAMN03859777,0.5191091558977179
SAMN31484037,SAMN03859778,0.42831768586653135
SAMN31484037,SAMN03859783,0.5221407226297202
SAMN31484037,SAMN03859784,0.42533034156070804
SAMN31484037,SAMN03859785,0.5042987641053197
SAMN31484037,SAMN03859786,0.5129092360926271
SAMN31484037,SAMN03859787,0.559900853759295
SAMN31484037,SAMN03859789,0.4326750448833034
SAMN31484037,SAMN03859790,0.4249621020717534
SAMN31484037,SAMN03859792,0.4222222222222222
SAMN31484037,SAMN03859793,0.5113390928725702
SAMN31484037,SAMN03859794,0.42780337941628266
SAMN31484037,SAMN03859795,0.42339121552604697
SAMN31484037,SAMN03859796,0.5221476510067115
SAMN31484037,SAMN03859797,0.4552590266875981
SAMN31484037,SAMN03859798,0.4280312578774893
SAMN31484037,SAMN03859799,0.45461658841940533
SAMN31484037,SAMN03859800,0.5157082002129926
SAMN31484037,SAMN03859801,0.4247585155058465
SAMN31484037,SAMN03859802,0.5142780172413793
SAMN31484037,SAMN03859803,0.42154626108998733
SAMN31484037,SAMN03859805,0.5115158007498661
SAMN31484037,SAMN03859806,0.4455497382198953
SAMN31484037,SAMN03859807,0.5201938610662359
SAMN31484037,SAMN03859808,0.4959481361426256
SAMN31484037,SAMN03859809,0.4377145659637077
SAMN31484037,SAMN03859813,0.872
SAMN31484037,SAMN03859814,0.4
SAMN31484037,SAMN03859815,0.4490848156741428
SAMN31484037,SAMN03859816,0.4430379746835443
SAMN31484037,SAMN03859817,0.5109919571045577
SAMN31484037,SAMN03859818,0.45182123482304315
SAMN31484037,SAMN03859819,0.44396769308430084
SAMN31484037,SAMN03859820,0.44505208333333335
SAMN31484037,SAMN03859821,0.44043887147335425
SAMN31484037,SAMN03859824,0.5309661436829067
SAMN31484037,SAMN03859826,0.42405551272166536
SAMN31484037,SAMN03859829,0.5025949194209233
SAMN31484037,SAMN03859830,0.4955393349553934
SAMN31484037,SAMN03859831,0.41391752577319585
SAMN31484037,SAMN03859833,0.4349385245901639
SAMN31484037,SAMN03859838,0.42857142857142855
SAMN31484037,SAMN03859839,0.526445601534667
SAMN31484037,SAMN03859840,0.5282864170538398
SAMN31484037,SAMN04244164,0.44447354635935044
SAMN31484037,SAMN04244165,0.5254418853776112
SAMN31484037,SAMN04244166,0.5317982456140351
SAMN31484037,SAMN09847804,0.5384826075047932
SAMN31484037,SAMN09847805,0.536991536991537
SAMN31484037,SAMN09847806,0.5318383167220376
SAMN31484037,SAMN09847807,0.5246124558063638
SAMN31484037,SAMN09847808,0.5275482093663911
SAMN31484037,SAMN09847809,0.5318681318681319
SAMN31484037,SAMN09847810,0.5176726481783578
SAMN31484037,SAMN09847811,0.43222250062640943
SAMN31484037,SAMN09847812,0.4417463187806768
SAMN31484037,SAMN09847813,0.5313956676720593
SAMN31484037,SAMN09847814,0.4263448969331322
SAMN31484037,SAMN09847815,0.5251458738538483
SAMN31484037,SAMN09847816,0.5343243243243243
SAMN31484037,SAMN09847817,0.531897265948633
SAMN31484037,SAMN09847818,0.5278608317477576
SAMN31484037,SAMN09847819,0.5197421434327155
SAMN31484037,SAMN09847820,0.5198817839871037
SAMN31484037,SAMN09847821,0.5140698280354351
SAMN31484037,SAMN09847822,0.5197421434327155
SAMN31484037,SAMN09847823,0.5191946308724832
SAMN31484037,SAMN09847824,0.5307820299500832
SAMN31484037,SAMN09847825,0.5203915171288744
SAMN31484037,SAMN09847826,0.5249593054801953
SAMN31484037,SAMN09847827,0.5248303934871099
SAMN31484037,SAMN09847828,0.5246880086814976
SAMN31484037,SAMN09847829,0.5252442996742671
SAMN31484037,SAMN09847830,0.5248169243287225
SAMN31484037,SAMN09847831,0.5345794392523364
SAMN31484037,SAMN09847832,0.5339617410590518
SAMN31484037,SAMN09847833,0.5236403388904072
SAMN31484037,SAMN09847834,0.5321969696969697
SAMN31484037,SAMN09847835,0.5300741554517989
SAMN31484037,SAMN09847836,0.5311385459533607
SAMN31484037,SAMN09847837,0.5272222222222223
SAMN31484037,SAMN09847838,0.5236934741402653
SAMN31484037,SAMN09847839,0.5236934741402653
SAMN31484037,SAMN09847840,0.530195865070729
SAMN31484037,SAMN09847841,0.5219854329646615
SAMN31484037,SAMN09847842,0.5211043270507035
SAMN31484037,SAMN09847843,0.5240198785201546
SAMN31484037,SAMN09847844,0.4173053152039555
SAMN31484037,SAMN09847845,0.5323819978046103
SAMN31484037,SAMN09847846,0.5316107751511819
SAMN31484037,SAMN09847847,0.5325939951311874
SAMN31484037,SAMN09847848,0.4989310529128808
SAMN31484037,SAMN09847849,0.537452159650082
SAMN31484037,SAMN09847850,0.5242980561555075
SAMN31484037,SAMN09847851,0.5176470588235295
SAMN31484037,SAMN09847852,0.5188421627525942
SAMN31484037,SAMN09847853,0.5211305518169583
SAMN31484037,SAMN09847854,0.4365418446845941
SAMN31484037,SAMN09847855,0.5315266970753958
SAMN31484037,SAMN09847856,0.5300821627352239
SAMN31484037,SAMN09847857,0.4351664984863774
SAMN31484037,SAMN09847858,0.5319615912208505
SAMN31484037,SAMN09847859,0.5322151224707136
SAMN31484037,SAMN09847860,0.5328625746876697
SAMN31484037,SAMN09847861,0.5286506469500925
SAMN31484037,SAMN09847862,0.5360107095046854
SAMN31484037,SAMN09847863,0.5365853658536586
SAMN31484037,SAMN09847864,0.41006477329347285
SAMN31484037,SAMN09847865,0.5353130016051364
SAMN31484037,SAMN09847866,0.5214690791250337
SAMN31484037,SAMN09847867,0.5254923118424603
SAMN31484038,SAMN02649746,0.5166351095482824
SAMN31484038,SAMN02649748,0.5126996595967531
SAMN31484038,SAMN02649749,0.521935655410795
SAMN31484038,SAMN02649750,0.5137039937353172
SAMN31484038,SAMN02649751,0.5143086386734421
SAMN31484038,SAMN02649752,0.5270088685837141
SAMN31484038,SAMN02649753,0.5288900833109379
SAMN31484038,SAMN02649754,0.5266684534977218
SAMN31484038,SAMN02649755,0.5171568627450981
SAMN31484038,SAMN02649756,0.5244098712446352
SAMN31484038,SAMN02649757,0.5224793828145784
SAMN31484038,SAMN02649758,0.5314685314685315
SAMN31484038,SAMN02649759,0.5243475921442023
SAMN31484038,SAMN02649760,0.5141484249866525
SAMN31484038,SAMN02649761,0.5268189060010622
SAMN31484038,SAMN02649762,0.5319659030367608
SAMN31484038,SAMN02649763,0.4719521316379955
SAMN31484038,SAMN02649764,0.5225201072386059
SAMN31484038,SAMN02649765,0.5213675213675214
SAMN31484038,SAMN02649766,0.5133976420150054
SAMN31484038,SAMN02649767,0.5251875669882101
SAMN31484038,SAMN02649769,0.5316014997321907
SAMN31484038,SAMN02649770,0.5088694731268202
SAMN31484038,SAMN02649771,0.5262303948080044
SAMN31484038,SAMN02649772,0.5230728194185116
SAMN31484038,SAMN02649773,0.5167748917748918
SAMN31484038,SAMN02649774,0.5032679738562091
SAMN31484038,SAMN02649775,0.5193223928004235
SAMN31484038,SAMN02649776,0.5270562770562771
SAMN31484038,SAMN02649777,0.5190078188190888
SAMN31484038,SAMN02649778,0.5216467463479416
SAMN31484038,SAMN02649779,0.5291745092766873
SAMN31484038,SAMN02649780,0.5315803740851179
SAMN31484038,SAMN02649781,0.5238095238095238
SAMN31484038,SAMN02649782,0.5199362041467305
SAMN31484038,SAMN02649783,0.5239368815191228
SAMN31484038,SAMN02649784,0.521669768678543
SAMN31484038,SAMN02649785,0.5261744966442953
SAMN31484038,SAMN02649786,0.5251605995717344
SAMN31484038,SAMN02649787,0.5202450719232818
SAMN31484038,SAMN02649788,0.5196808510638298
SAMN31484038,SAMN02649789,0.5174326465927099
SAMN31484038,SAMN02649790,0.5254102699841185
SAMN31484038,SAMN02649791,0.414272030651341
SAMN31484038,SAMN02649792,0.5248344370860927
SAMN31484038,SAMN02649793,0.5216326530612245
SAMN31484038,SAMN02649794,0.5128811777076762
SAMN31484038,SAMN02649795,0.521669768678543
SAMN31484038,SAMN02649796,0.508130081300813
SAMN31484038,SAMN02649797,0.523696682464455
SAMN31484038,SAMN02649798,0.5189303680169447
SAMN31484038,SAMN02649799,0.5200958211338834
SAMN31484038,SAMN02649800,0.5272922828717397
SAMN31484038,SAMN02649801,0.5199784017278618
SAMN31484038,SAMN02649802,0.5215769845498135
SAMN31484038,SAMN02649803,0.5145042194092827
SAMN31484038,SAMN02649804,0.5154231479040338
SAMN31484038,SAMN02649805,0.5164516978152145
SAMN31484038,SAMN02649806,0.5257065948855989
SAMN31484038,SAMN02649807,0.5261464199517297
SAMN31484038,SAMN02649808,0.5234899328859061
SAMN31484038,SAMN02649809,0.5190424374319913
SAMN31484038,SAMN02649810,0.40356010729090463
SAMN31484038,SAMN02649811,0.5243445692883895
SAMN31484038,SAMN02649812,0.5189303680169447
SAMN31484038,SAMN02649813,0.5114323258869908
SAMN31484038,SAMN02649814,0.5258152173913043
SAMN31484038,SAMN02649815,0.5256238261336196
SAMN31484038,SAMN03859721,0.5128608923884515
SAMN31484038,SAMN03859722,0.4031503814915087
SAMN31484038,SAMN03859723,0.5140136054421769
SAMN31484038,SAMN03859724,0.4195646735051288
SAMN31484038,SAMN03859727,0.5156084656084656
SAMN31484038,SAMN03859728,0.5151432469304229
SAMN31484038,SAMN03859729,0.5241869363213993
SAMN31484038,SAMN03859732,0.4760548796272327
SAMN31484038,SAMN03859735,0.4328739152628892
SAMN31484038,SAMN03859736,0.5261446762395015
SAMN31484038,SAMN03859737,0.5177083333333333
SAMN31484038,SAMN03859738,0.5196261682242991
SAMN31484038,SAMN03859740,0.5316872427983539
SAMN31484038,SAMN03859741,0.5114735969035112
SAMN31484038,SAMN03859743,0.419672131147541
SAMN31484038,SAMN03859744,0.5215009586414681
SAMN31484038,SAMN03859745,0.5251381215469614
SAMN31484038,SAMN03859747,0.513724434876211
SAMN31484038,SAMN03859748,0.40470171890798784
SAMN31484038,SAMN03859752,0.44388565378507144
SAMN31484038,SAMN03859753,0.5179698216735253
SAMN31484038,SAMN03859755,0.5225200331583311
SAMN31484038,SAMN03859756,0.42978395061728397
SAMN31484038,SAMN03859757,0.5175727622185612
SAMN31484038,SAMN03859758,0.5126530612244898
SAMN31484038,SAMN03859759,0.8771580345285525
SAMN31484038,SAMN03859760,0.9119561493662213
SAMN31484038,SAMN03859761,0.4313375796178344
SAMN31484038,SAMN03859762,0.5237441668954159
SAMN31484038,SAMN03859763,0.9021145975443383
SAMN31484038,SAMN03859765,0.3979874213836478
SAMN31484038,SAMN03859766,0.4445866393652419
SAMN31484038,SAMN03859767,0.52215018908698
SAMN31484038,SAMN03859769,0.5221606648199446
SAMN31484038,SAMN03859770,0.4265486725663717
SAMN31484038,SAMN03859774,0.5195515449822259
SAMN31484038,SAMN03859775,0.43687580025608197
SAMN31484038,SAMN03859776,0.5132767588283602
SAMN31484038,SAMN03859777,0.5238095238095238
SAMN31484038,SAMN03859778,0.4302473858709513
SAMN31484038,SAMN03859783,0.5180853957030188
SAMN31484038,SAMN03859784,0.42721122525682786
SAMN31484038,SAMN03859785,0.5035040431266846
SAMN31484038,SAMN03859786,0.5129575207053166
SAMN31484038,SAMN03859787,0.5644579983365677
SAMN31484038,SAMN03859789,0.428388090349076
SAMN31484038,SAMN03859790,0.4200151630022744
SAMN31484038,SAMN03859792,0.42121445042275174
SAMN31484038,SAMN03859793,0.5138436482084691
SAMN31484038,SAMN03859794,0.4238851870835469
SAMN31484038,SAMN03859795,0.42202304737516005
SAMN31484038,SAMN03859796,0.5259319286871961
SAMN31484038,SAMN03859797,0.4577742699289661
SAMN31484038,SAMN03859798,0.42669362992922144
SAMN31484038,SAMN03859799,0.45712037765538943
SAMN31484038,SAMN03859800,0.5133404482390609
SAMN31484038,SAMN03859801,0.42340045883252614
SAMN31484038,SAMN03859802,0.5254698992100245
SAMN31484038,SAMN03859803,0.4230769230769231
SAMN31484038,SAMN03859805,0.5221981591770438
SAMN31484038,SAMN03859806,0.44801263490392207
SAMN31484038,SAMN03859807,0.5227395776935572
SAMN31484038,SAMN03859808,0.4971506105834464
SAMN31484038,SAMN03859809,0.4375
SAMN31484038,SAMN03859813,0.8876518218623481
SAMN31484038,SAMN03859814,0.39858191947328436
SAMN31484038,SAMN03859815,0.4470284237726098
SAMN31484038,SAMN03859816,0.44100482111139305
SAMN31484038,SAMN03859817,0.5098144662543694
SAMN31484038,SAMN03859818,0.4508940139932625
SAMN31484038,SAMN03859819,0.44376899696048633
SAMN31484038,SAMN03859820,0.4452287581699346
SAMN31484038,SAMN03859821,0.44552631578947366
SAMN31484038,SAMN03859824,0.5285517241379311
SAMN31484038,SAMN03859826,0.4252517428350116
SAMN31484038,SAMN03859829,0.5017813099479309
SAMN31484038,SAMN03859830,0.495928338762215
SAMN31484038,SAMN03859831,0.41324023791052494
SAMN31484038,SAMN03859833,0.4343356463634027
SAMN31484038,SAMN03859838,0.43046192259675403
SAMN31484038,SAMN03859839,0.5244505494505495
SAMN31484038,SAMN03859840,0.5263013698630137
SAMN31484038,SAMN04244164,0.4416163736552086
SAMN31484038,SAMN04244165,0.5317139001349528
SAMN31484038,SAMN04244166,0.5306571350013748
SAMN31484038,SAMN09847804,0.5331506849315069
SAMN31484038,SAMN09847805,0.5333515582285402
SAMN31484038,SAMN09847806,0.5358038450821956
SAMN31484038,SAMN09847807,0.5305563167991231
SAMN31484038,SAMN09847808,0.5306178996952065
SAMN31484038,SAMN09847809,0.5265182742511679
SAMN31484038,SAMN09847810,0.5193989071038252
SAMN31484038,SAMN09847811,0.4345088161209068
SAMN31484038,SAMN09847812,0.43817899637868596
SAMN31484038,SAMN09847813,0.527732015376167
SAMN31484038,SAMN09847814,0.4250063019914293
SAMN31484038,SAMN09847815,0.5282280603689212
SAMN31484038,SAMN09847816,0.5319609967497292
SAMN31484038,SAMN09847817,0.5290536801328168
SAMN31484038,SAMN09847818,0.5229806907805276
SAMN31484038,SAMN09847819,0.5173620457604307
SAMN31484038,SAMN09847820,0.5175013462574044
SAMN31484038,SAMN09847821,0.5133298484056456
SAMN31484038,SAMN09847822,0.5173620457604307
SAMN31484038,SAMN09847823,0.5168146354587032
SAMN31484038,SAMN09847824,0.5270758122743683
SAMN31484038,SAMN09847825,0.5221311475409836
SAMN31484038,SAMN09847826,0.5188500135611608
SAMN31484038,SAMN09847827,0.5187194791101465
SAMN31484038,SAMN09847828,0.5185787903444535
SAMN31484038,SAMN09847829,0.5191316146540027
SAMN31484038,SAMN09847830,0.5187093275488069
SAMN31484038,SAMN09847831,0.5310160427807487
SAMN31484038,SAMN09847832,0.5294117647058824
SAMN31484038,SAMN09847833,0.5191466083150985
SAMN31484038,SAMN09847834,0.5265151515151515
SAMN31484038,SAMN09847835,0.5264026402640264
SAMN31484038,SAMN09847836,0.5257958287596048
SAMN31484038,SAMN09847837,0.5298882681564245
SAMN31484038,SAMN09847838,0.5184182015167931
SAMN31484038,SAMN09847839,0.5184182015167931
SAMN31484038,SAMN09847840,0.5278080697928026
SAMN31484038,SAMN09847841,0.5204219637543954
SAMN31484038,SAMN09847842,0.5163346613545817
SAMN31484038,SAMN09847843,0.528349082823791
SAMN31484038,SAMN09847844,0.4124629080118694
SAMN31484038,SAMN09847845,0.5270381553664563
SAMN31484038,SAMN09847846,0.5279383429672447
SAMN31484038,SAMN09847847,0.5265008112493239
SAMN31484038,SAMN09847848,0.49852507374631266
SAMN31484038,SAMN09847849,0.5321301613344271
SAMN31484038,SAMN09847850,0.5227395776935572
SAMN31484038,SAMN09847851,0.5124364803423376
SAMN31484038,SAMN09847852,0.5180821917808219
SAMN31484038,SAMN09847853,0.5158858373721056
SAMN31484038,SAMN09847854,0.43813131313131315
SAMN31484038,SAMN09847855,0.5287634408602151
SAMN31484038,SAMN09847856,0.5261342531175378
SAMN31484038,SAMN09847857,0.43602736255383834
SAMN31484038,SAMN09847858,0.5266190998902305
SAMN31484038,SAMN09847859,0.5298826040554963
SAMN31484038,SAMN09847860,0.5309011707051456
SAMN31484038,SAMN09847861,0.5255223485850304
SAMN31484038,SAMN09847862,0.532850630195763
SAMN31484038,SAMN09847863,0.5334228187919463
SAMN31484038,SAMN09847864,0.40939765058735317
SAMN31484038,SAMN09847865,0.5317439057058666
SAMN31484038,SAMN09847866,0.5178474851270958
SAMN31484038,SAMN09847867,0.5210583153347732
SAMN31484039,SAMN02649746,0.5128681347837623
SAMN31484039,SAMN02649748,0.5126223596084493
SAMN31484039,SAMN02649749,0.5209095661265029
SAMN31484039,SAMN02649750,0.5093469910371319
SAMN31484039,SAMN02649751,0.512214342001576
SAMN31484039,SAMN02649752,0.5178665265370468
SAMN31484039,SAMN02649753,0.5257188077024532
SAMN31484039,SAMN02649754,0.5255532139093783
SAMN31484039,SAMN02649755,0.5085197018104366
SAMN31484039,SAMN02649756,0.5237341772151899
SAMN31484039,SAMN02649757,0.5166840458811262
SAMN31484039,SAMN02649758,0.524624703713458
SAMN31484039,SAMN02649759,0.5152551288795371
SAMN31484039,SAMN02649760,0.5096858638743456
SAMN31484039,SAMN02649761,0.5169997404619777
SAMN31484039,SAMN02649762,0.5255741127348643
SAMN31484039,SAMN02649763,0.4710642471799902
SAMN31484039,SAMN02649764,0.521876647337902
SAMN31484039,SAMN02649765,0.5187516391292946
SAMN31484039,SAMN02649766,0.5129083245521602
SAMN31484039,SAMN02649767,0.5196953781512605
SAMN31484039,SAMN02649769,0.525183630640084
SAMN31484039,SAMN02649770,0.5163569746139755
SAMN31484039,SAMN02649771,0.5238980350504514
SAMN31484039,SAMN02649772,0.524422268907563
SAMN31484039,SAMN02649773,0.5122015915119363
SAMN31484039,SAMN02649774,0.5103359173126615
SAMN31484039,SAMN02649775,0.5231010180109632
SAMN31484039,SAMN02649776,0.5279552715654952
SAMN31484039,SAMN02649777,0.5172139830508474
SAMN31484039,SAMN02649778,0.5150884495317378
SAMN31484039,SAMN02649779,0.5259963050936922
SAMN31484039,SAMN02649780,0.5263018065887354
SAMN31484039,SAMN02649781,0.5207457983193278
SAMN31484039,SAMN02649782,0.5233228511530398
SAMN31484039,SAMN02649783,0.523271101761767
SAMN31484039,SAMN02649784,0.5210457516339869
SAMN31484039,SAMN02649785,0.5254684613354447
SAMN31484039,SAMN02649786,0.5240726124704025
SAMN31484039,SAMN02649787,0.5192458758837392
SAMN31484039,SAMN02649788,0.5222746331236897
SAMN31484039,SAMN02649789,0.5192507804370448
SAMN31484039,SAMN02649790,0.5207684319833853
SAMN31484039,SAMN02649791,0.41100399717846225
SAMN31484039,SAMN02649792,0.5150943396226415
SAMN31484039,SAMN02649793,0.5169378500933582
SAMN31484039,SAMN02649794,0.5151515151515151
SAMN31484039,SAMN02649795,0.5186635343252415
SAMN31484039,SAMN02649796,0.5039900249376559
SAMN31484039,SAMN02649797,0.5175438596491229
SAMN31484039,SAMN02649798,0.5155925155925156
SAMN31484039,SAMN02649799,0.517115233864646
SAMN31484039,SAMN02649800,0.5233447639145344
SAMN31484039,SAMN02649801,0.5161546610169492
SAMN31484039,SAMN02649802,0.5201570680628272
SAMN31484039,SAMN02649803,0.5069695405265875
SAMN31484039,SAMN02649804,0.5156939040207523
SAMN31484039,SAMN02649805,0.5163127912998446
SAMN31484039,SAMN02649806,0.5169781521453014
SAMN31484039,SAMN02649807,0.5178384050367262
SAMN31484039,SAMN02649808,0.5228292425442069
SAMN31484039,SAMN02649809,0.5164218958611482
SAMN31484039,SAMN02649810,0.4021087946321591
SAMN31484039,SAMN02649811,0.5204724409448819
SAMN31484039,SAMN02649812,0.5179593961478397
SAMN31484039,SAMN02649813,0.51254851228978
SAMN31484039,SAMN02649814,0.5198296513175406
SAMN31484039,SAMN02649815,0.5221169036334913
SAMN31484039,SAMN03859721,0.5050089904957616
SAMN31484039,SAMN03859722,0.40475036354823074
SAMN31484039,SAMN03859723,0.5066560170394037
SAMN31484039,SAMN03859724,0.41883915395966553
SAMN31484039,SAMN03859727,0.5139069404730959
SAMN31484039,SAMN03859728,0.5049293898214762
SAMN31484039,SAMN03859729,0.5194213769086525
SAMN31484039,SAMN03859732,0.47431332655137337
SAMN31484039,SAMN03859735,0.4290362953692115
SAMN31484039,SAMN03859736,0.5165475244903363
SAMN31484039,SAMN03859737,0.5132856412876853
SAMN31484039,SAMN03859738,0.5226315789473684
SAMN31484039,SAMN03859740,0.5214362272240086
SAMN31484039,SAMN03859741,0.4987873888439774
SAMN31484039,SAMN03859743,0.4217585692995529
SAMN31484039,SAMN03859744,0.5127175368139224
SAMN31484039,SAMN03859745,0.511302475780409
SAMN31484039,SAMN03859747,0.5088367185439198
SAMN31484039,SAMN03859748,0.39555555555555555
SAMN31484039,SAMN03859752,0.4359637774902975
SAMN31484039,SAMN03859753,0.5120902740462118
SAMN31484039,SAMN03859755,0.516504329004329
SAMN31484039,SAMN03859756,0.42922143579373107
SAMN31484039,SAMN03859757,0.511696692659317
SAMN31484039,SAMN03859758,0.5057256990679094
SAMN31484039,SAMN03859759,0.8677712800519818
SAMN31484039,SAMN03859760,0.8957915831663327
SAMN31484039,SAMN03859761,0.4296796796796797
SAMN31484039,SAMN03859762,0.5132672205842937
SAMN31484039,SAMN03859763,0.8906666666666667
SAMN31484039,SAMN03859765,0.3938347718865598
SAMN31484039,SAMN03859766,0.44051204819277107
SAMN31484039,SAMN03859767,0.517478813559322
SAMN31484039,SAMN03859769,0.5124458874458875
SAMN31484039,SAMN03859770,0.4239265326383718
SAMN31484039,SAMN03859774,0.5108259823576584
SAMN31484039,SAMN03859775,0.43655589123867067
SAMN31484039,SAMN03859776,0.505085653104925
SAMN31484039,SAMN03859777,0.516522210184182
SAMN31484039,SAMN03859778,0.4275344180225282
SAMN31484039,SAMN03859783,0.5142704721259003
SAMN31484039,SAMN03859784,0.42075564278704614
SAMN31484039,SAMN03859785,0.5
SAMN31484039,SAMN03859786,0.509305373525557
SAMN31484039,SAMN03859787,0.5600870038064165
SAMN31484039,SAMN03859789,0.4274905422446406
SAMN31484039,SAMN03859790,0.41892227464613857
SAMN31484039,SAMN03859792,0.4186572793562987
SAMN31484039,SAMN03859793,0.5081095453336878
SAMN31484039,SAMN03859794,0.4212776659959759
SAMN31484039,SAMN03859795,0.4190954773869347
SAMN31484039,SAMN03859796,0.5203811540497618
SAMN31484039,SAMN03859797,0.4473549049820236
SAMN31484039,SAMN03859798,0.4254843517138599
SAMN31484039,SAMN03859799,0.44674859190988225
SAMN31484039,SAMN03859800,0.5152390961639517
SAMN31484039,SAMN03859801,0.42081561170878157
SAMN31484039,SAMN03859802,0.5166444740346205
SAMN31484039,SAMN03859803,0.42085521380345087
SAMN31484039,SAMN03859805,0.513499205929063
SAMN31484039,SAMN03859806,0.43782117163412126
SAMN31484039,SAMN03859807,0.5124272871496562
SAMN31484039,SAMN03859808,0.48859416445623344
SAMN31484039,SAMN03859809,0.44277035236938034
SAMN31484039,SAMN03859813,0.8717105263157895
SAMN31484039,SAMN03859814,0.39542970690511675
SAMN31484039,SAMN03859815,0.4417721518987342
SAMN31484039,SAMN03859816,0.4406187624750499
SAMN31484039,SAMN03859817,0.5077898072352786
SAMN31484039,SAMN03859818,0.44627889255778513
SAMN31484039,SAMN03859819,0.44477686362503116
SAMN31484039,SAMN03859820,0.43958013312852023
SAMN31484039,SAMN03859821,0.4350282485875706
SAMN31484039,SAMN03859824,0.5224203133441383
SAMN31484039,SAMN03859826,0.4211592002024804
SAMN31484039,SAMN03859829,0.49423746984722594
SAMN31484039,SAMN03859830,0.49493333333333334
SAMN31484039,SAMN03859831,0.41260162601626016
SAMN31484039,SAMN03859833,0.43442001516300227
SAMN31484039,SAMN03859838,0.4281510544384502
SAMN31484039,SAMN03859839,0.5167965600644988
SAMN31484039,SAMN03859840,0.5198497854077253
SAMN31484039,SAMN04244164,0.4363916730917502
SAMN31484039,SAMN04244165,0.5196207532262312
SAMN31484039,SAMN04244166,0.5216339693630745
SAMN31484039,SAMN09847804,0.5281954887218046
SAMN31484039,SAMN09847805,0.5271753681392236
SAMN31484039,SAMN09847806,0.5215739484396201
SAMN31484039,SAMN09847807,0.5183106121357925
SAMN31484039,SAMN09847808,0.517418309478801
SAMN31484039,SAMN09847809,0.521680581739833
SAMN31484039,SAMN09847810,0.5106837606837606
SAMN31484039,SAMN09847811,0.43210487261934205
SAMN31484039,SAMN09847812,0.43600812595226
SAMN31484039,SAMN09847813,0.521236559139785
SAMN31484039,SAMN09847814,0.42277227722772276
SAMN31484039,SAMN09847815,0.5149782135076253
SAMN31484039,SAMN09847816,0.5278958554729012
SAMN31484039,SAMN09847817,0.5212449255751015
SAMN31484039,SAMN09847818,0.5178571428571429
SAMN31484039,SAMN09847819,0.5164021164021164
SAMN31484039,SAMN09847820,0.5165387668695423
SAMN31484039,SAMN09847821,0.5112994350282486
SAMN31484039,SAMN09847822,0.5164021164021164
SAMN31484039,SAMN09847823,0.5158646218931782
SAMN31484039,SAMN09847824,0.5205218809459092
SAMN31484039,SAMN09847825,0.5113363563616965
SAMN31484039,SAMN09847826,0.5158371040723982
SAMN31484039,SAMN09847827,0.5157082002129926
SAMN31484039,SAMN09847828,0.5155709342560554
SAMN31484039,SAMN09847829,0.5161118508655127
SAMN31484039,SAMN09847830,0.5156998403406067
SAMN31484039,SAMN09847831,0.5246202200104767
SAMN31484039,SAMN09847832,0.5236413043478261
SAMN31484039,SAMN09847833,0.5185483870967742
SAMN31484039,SAMN09847834,0.5241764080765143
SAMN31484039,SAMN09847835,0.5199246095853527
SAMN31484039,SAMN09847836,0.5209790209790209
SAMN31484039,SAMN09847837,0.5166031573217202
SAMN31484039,SAMN09847838,0.5174341229704551
SAMN31484039,SAMN09847839,0.5174341229704551
SAMN31484039,SAMN09847840,0.5229823623730625
SAMN31484039,SAMN09847841,0.5141721854304636
SAMN31484039,SAMN09847842,0.5177824267782427
SAMN31484039,SAMN09847843,0.5159891598915989
SAMN31484039,SAMN09847844,0.4115216334467671
SAMN31484039,SAMN09847845,0.5221953188054883
SAMN31484039,SAMN09847846,0.5214227970897333
SAMN31484039,SAMN09847847,0.5237589593841253
SAMN31484039,SAMN09847848,0.4955263157894737
SAMN31484039,SAMN09847849,0.5272045028142589
SAMN31484039,SAMN09847850,0.5176439373839214
SAMN31484039,SAMN09847851,0.5123619147816938
SAMN31484039,SAMN09847852,0.5093733261917515
SAMN31484039,SAMN09847853,0.5157532433148001
SAMN31484039,SAMN09847854,0.4356558393255641
SAMN31484039,SAMN09847855,0.5223802001053186
SAMN31484039,SAMN09847856,0.5218636127017179
SAMN31484039,SAMN09847857,0.43429566948730713
SAMN31484039,SAMN09847858,0.521785906401291
SAMN31484039,SAMN09847859,0.5255168803978016
SAMN31484039,SAMN09847860,0.5256136606189968
SAMN31484039,SAMN09847861,0.5212765957446809
SAMN31484039,SAMN09847862,0.5259978991596639
SAMN31484039,SAMN09847863,0.5265509989484752
SAMN31484039,SAMN09847864,0.405047782406273
SAMN31484039,SAMN09847865,0.5253214379427972
SAMN31484039,SAMN09847866,0.5140583554376658
SAMN31484039,SAMN09847867,0.5176158940397351
SAMN31484040,SAMN02649746,0.5125961283479183
SAMN31484040,SAMN02649748,0.5123583934088568
SAMN31484040,SAMN02649749,0.5206374085684431
SAMN31484040,SAMN02649750,0.5090862554389557
SAMN31484040,SAMN02649751,0.5119453924914675
SAMN31484040,SAMN02649752,0.5175945378151261
SAMN31484040,SAMN02649753,0.5254416029528078
SAMN31484040,SAMN02649754,0.5252764612954186
SAMN31484040,SAMN02649755,0.5082490686535391
SAMN31484040,SAMN02649756,0.5234580917237743
SAMN31484040,SAMN02649757,0.5164147993746743
SAMN31484040,SAMN02649758,0.5243485127665175
SAMN31484040,SAMN02649759,0.5149842271293376
SAMN31484040,SAMN02649760,0.5094191522762951
SAMN31484040,SAMN02649761,0.5167315175097277
SAMN31484040,SAMN02649762,0.5252999478351591
SAMN31484040,SAMN02649763,0.4708333333333333
SAMN31484040,SAMN02649764,0.5216016859852476
SAMN31484040,SAMN02649765,0.5184796854521625
SAMN31484040,SAMN02649766,0.5126382306477093
SAMN31484040,SAMN02649767,0.5194225721784776
SAMN31484040,SAMN02649769,0.524908232826429
SAMN31484040,SAMN02649770,0.5160868427936176
SAMN31484040,SAMN02649771,0.523619957537155
SAMN31484040,SAMN02649772,0.5241469816272966
SAMN31484040,SAMN02649773,0.5119300106044539
SAMN31484040,SAMN02649774,0.5100723140495868
SAMN31484040,SAMN02649775,0.5228280720062615
SAMN31484040,SAMN02649776,0.5276742948376796
SAMN31484040,SAMN02649777,0.5169401799894124
SAMN31484040,SAMN02649778,0.514820592823713
SAMN31484040,SAMN02649779,0.5257188077024532
SAMN31484040,SAMN02649780,0.5260223048327137
SAMN31484040,SAMN02649781,0.5204724409448819
SAMN31484040,SAMN02649782,0.5230487166055526
SAMN31484040,SAMN02649783,0.5229960578186597
SAMN31484040,SAMN02649784,0.5207734517899137
SAMN31484040,SAMN02649785,0.525191242416249
SAMN31484040,SAMN02649786,0.5237970023665527
SAMN31484040,SAMN02649787,0.5189740905522114
SAMN31484040,SAMN02649788,0.5220010476689366
SAMN31484040,SAMN02649789,0.5189807592303692
SAMN31484040,SAMN02649790,0.5204981837052413
SAMN31484040,SAMN02649791,0.41081081081081083
SAMN31484040,SAMN02649792,0.5148168103448276
SAMN31484040,SAMN02649793,0.5166622234070914
SAMN31484040,SAMN02649794,0.5148848045560446
SAMN31484040,SAMN02649795,0.5183929037307592
SAMN31484040,SAMN02649796,0.5037387836490529
SAMN31484040,SAMN02649797,0.5172769468798349
SAMN31484040,SAMN02649798,0.5153246753246753
SAMN31484040,SAMN02649799,0.5168451292765736
SAMN31484040,SAMN02649800,0.5230688109675719
SAMN31484040,SAMN02649801,0.5158814187400741
SAMN31484040,SAMN02649802,0.5198848770277341
SAMN31484040,SAMN02649803,0.5067079463364293
SAMN31484040,SAMN02649804,0.515426497277677
SAMN31484040,SAMN02649805,0.5160455486542443
SAMN31484040,SAMN02649806,0.5167061299657985
SAMN31484040,SAMN02649807,0.5175668589407446
SAMN31484040,SAMN02649808,0.5225534159852282
SAMN31484040,SAMN02649809,0.5161462503336002
SAMN31484040,SAMN02649810,0.40191616766467064
SAMN31484040,SAMN02649811,0.520199370409234
SAMN31484040,SAMN02649812,0.5176899063475546
SAMN31484040,SAMN02649813,0.5122834238427721
SAMN31484040,SAMN02649814,0.5195530726256983
SAMN31484040,SAMN02649815,0.5218421052631579
SAMN31484040,SAMN03859721,0.5047496790757381
SAMN31484040,SAMN03859722,0.40455426356589147
SAMN31484040,SAMN03859723,0.5063863757317723
SAMN31484040,SAMN03859724,0.41863323500491645
SAMN31484040,SAMN03859727,0.5136399064692128
SAMN31484040,SAMN03859728,0.5046604527296937
SAMN31484040,SAMN03859729,0.5191432396251673
SAMN31484040,SAMN03859732,0.4740721911540417
SAMN31484040,SAMN03859735,0.42882161621215914
SAMN31484040,SAMN03859736,0.5162741465996296
SAMN31484040,SAMN03859737,0.513023493360572
SAMN31484040,SAMN03859738,0.5223566543924251
SAMN31484040,SAMN03859740,0.5211569362613819
SAMN31484040,SAMN03859741,0.49851871801777536
SAMN31484040,SAMN03859743,0.4215491559086395
SAMN31484040,SAMN03859744,0.5124431362055124
SAMN31484040,SAMN03859745,0.5110274341043571
SAMN31484040,SAMN03859747,0.508568415502241
SAMN31484040,SAMN03859748,0.395360315893386
SAMN31484040,SAMN03859752,0.4357382984225498
SAMN31484040,SAMN03859753,0.5118152524167562
SAMN31484040,SAMN03859755,0.5162249864791779
SAMN31484040,SAMN03859756,0.4290045477513896
SAMN31484040,SAMN03859757,0.5114216608438592
SAMN31484040,SAMN03859758,0.505456481235028
SAMN31484040,SAMN03859759,0.8672077922077922
SAMN31484040,SAMN03859760,0.8951935914552737
SAMN31484040,SAMN03859761,0.4294647323661831
SAMN31484040,SAMN03859762,0.5129922314492366
SAMN31484040,SAMN03859763,0.8900732844770153
SAMN31484040,SAMN03859765,0.393640621148632
SAMN31484040,SAMN03859766,0.44029101856497743
SAMN31484040,SAMN03859767,0.517204870301747
SAMN31484040,SAMN03859769,0.5121687398593835
SAMN31484040,SAMN03859770,0.4237161994542297
SAMN31484040,SAMN03859774,0.5105530323270104
SAMN31484040,SAMN03859775,0.4363361852038249
SAMN31484040,SAMN03859776,0.5048154093097913
SAMN31484040,SAMN03859777,0.516242555495398
SAMN31484040,SAMN03859778,0.4273204903677758
SAMN31484040,SAMN03859783,0.5139962676619568
SAMN31484040,SAMN03859784,0.4205492888670917
SAMN31484040,SAMN03859785,0.4997357293868922
SAMN31484040,SAMN03859786,0.5090385119203563
SAMN31484040,SAMN03859787,0.5597826086956522
SAMN31484040,SAMN03859789,0.4272750189059743
SAMN31484040,SAMN03859790,0.4187143211715066
SAMN31484040,SAMN03859792,0.41844684594119125
SAMN31484040,SAMN03859793,0.5078394897688014
SAMN31484040,SAMN03859794,0.42106586224233283
SAMN31484040,SAMN03859795,0.418884982420894
SAMN31484040,SAMN03859796,0.5201058201058201
SAMN31484040,SAMN03859797,0.4471252566735113
SAMN31484040,SAMN03859798,0.4252730883813307
SAMN31484040,SAMN03859799,0.44651995905834185
SAMN31484040,SAMN03859800,0.5149684873949579
SAMN31484040,SAMN03859801,0.42060515128782194
SAMN31484040,SAMN03859802,0.5163694437050839
SAMN31484040,SAMN03859803,0.4206448387903024
SAMN31484040,SAMN03859805,0.5132275132275133
SAMN31484040,SAMN03859806,0.43759630200308164
SAMN31484040,SAMN03859807,0.5121564482029598
SAMN31484040,SAMN03859808,0.4883351007423118
SAMN31484040,SAMN03859809,0.4425552586835074
SAMN31484040,SAMN03859813,0.871137409598948
SAMN31484040,SAMN03859814,0.3952333664349553
SAMN31484040,SAMN03859815,0.4415485829959514
SAMN31484040,SAMN03859816,0.44039900249376557
SAMN31484040,SAMN03859817,0.5075217735550277
SAMN31484040,SAMN03859818,0.4460522975374461
SAMN31484040,SAMN03859819,0.44455519561425366
SAMN31484040,SAMN03859820,0.43935516888433984
SAMN31484040,SAMN03859821,0.43480492813141686
SAMN31484040,SAMN03859824,0.5221382289416847
SAMN31484040,SAMN03859826,0.42094611687326083
SAMN31484040,SAMN03859829,0.49397267613179746
SAMN31484040,SAMN03859830,0.4946695095948827
SAMN31484040,SAMN03859831,0.41239207719654647
SAMN31484040,SAMN03859833,0.4342005556958828
SAMN31484040,SAMN03859838,0.4279411764705882
SAMN31484040,SAMN03859839,0.5165189363416599
SAMN31484040,SAMN03859840,0.5195710455764075
SAMN31484040,SAMN04244164,0.4361674800924737
SAMN31484040,SAMN04244165,0.5193471966306923
SAMN31484040,SAMN04244166,0.5213537469782433
SAMN31484040,SAMN09847804,0.5279119699409555
SAMN31484040,SAMN09847805,0.5268932298635269
SAMN31484040,SAMN09847806,0.521291022511527
SAMN31484040,SAMN09847807,0.5180336628372962
SAMN31484040,SAMN09847808,0.5171390013495276
SAMN31484040,SAMN09847809,0.521399730820996
SAMN31484040,SAMN09847810,0.5104111051788575
SAMN31484040,SAMN09847811,0.4318912237330037
SAMN31484040,SAMN09847812,0.43578680203045683
SAMN31484040,SAMN09847813,0.5209564750134337
SAMN31484040,SAMN09847814,0.4225630875804057
SAMN31484040,SAMN09847815,0.514697876973326
SAMN31484040,SAMN09847816,0.5276155071694105
SAMN31484040,SAMN09847817,0.5209629429266973
SAMN31484040,SAMN09847818,0.5175812466702184
SAMN31484040,SAMN09847819,0.5161290322580645
SAMN31484040,SAMN09847820,0.5162655382174028
SAMN31484040,SAMN09847821,0.5110369609856262
SAMN31484040,SAMN09847822,0.5161290322580645
SAMN31484040,SAMN09847823,0.5155919661733616
SAMN31484040,SAMN09847824,0.5202390654713394
SAMN31484040,SAMN09847825,0.5110637163423087
SAMN31484040,SAMN09847826,0.515562649640862
SAMN31484040,SAMN09847827,0.5154337413517829
SAMN31484040,SAMN09847828,0.5152966214418728
SAMN31484040,SAMN09847829,0.5158371040723982
SAMN31484040,SAMN09847830,0.5154255319148936
SAMN31484040,SAMN09847831,0.5243455497382199
SAMN31484040,SAMN09847832,0.5233568712656165
SAMN31484040,SAMN09847833,0.5182697474476088
SAMN31484040,SAMN09847834,0.5238980350504514
SAMN31484040,SAMN09847835,0.5196447793326158
SAMN31484040,SAMN09847836,0.5206989247311828
SAMN31484040,SAMN09847837,0.5163220892274211
SAMN31484040,SAMN09847838,0.5171588188347965
SAMN31484040,SAMN09847839,0.5171588188347965
SAMN31484040,SAMN09847840,0.5227029914529915
SAMN31484040,SAMN09847841,0.5138999205718825
SAMN31484040,SAMN09847842,0.5175117616309461
SAMN31484040,SAMN09847843,0.5157096424702059
SAMN31484040,SAMN09847844,0.41132167152575316
SAMN31484040,SAMN09847845,0.5219144931433181
SAMN31484040,SAMN09847846,0.5211419337462968
SAMN31484040,SAMN09847847,0.5234810294507827
SAMN31484040,SAMN09847848,0.4952656496580747
SAMN31484040,SAMN09847849,0.5269220466113046
SAMN31484040,SAMN09847850,0.5173693980376558
SAMN31484040,SAMN09847851,0.5120925341745531
SAMN31484040,SAMN09847852,0.5091006423982869
SAMN31484040,SAMN09847853,0.5154802857898915
SAMN31484040,SAMN09847854,0.43543990086741013
SAMN31484040,SAMN09847855,0.5221052631578947
SAMN31484040,SAMN09847856,0.52159209157128
SAMN31484040,SAMN09847857,0.43407960199004975
SAMN31484040,SAMN09847858,0.521505376344086
SAMN31484040,SAMN09847859,0.5252419565786032
SAMN31484040,SAMN09847860,0.5253333333333333
SAMN31484040,SAMN09847861,0.5210062240663901
SAMN31484040,SAMN09847862,0.5257217847769029
SAMN31484040,SAMN09847863,0.5262743037309511
SAMN31484040,SAMN09847864,0.4048493754592212
SAMN31484040,SAMN09847865,0.5250458956202465
SAMN31484040,SAMN09847866,0.5137857900318133
SAMN31484040,SAMN09847867,0.5173418056658724
SAMN31484041,SAMN02649746,0.5302441731409545
SAMN31484041,SAMN02649748,0.5055614406779662
SAMN31484041,SAMN02649749,0.5127585280687618
SAMN31484041,SAMN02649750,0.5125894513649616
SAMN31484041,SAMN02649751,0.519781718963165
SAMN31484041,SAMN02649752,0.5264882577826324
SAMN31484041,SAMN02649753,0.5254837830471518
SAMN31484041,SAMN02649754,0.5186991869918699
SAMN31484041,SAMN02649755,0.533445284075007
SAMN31484041,SAMN02649756,0.5192934782608696
SAMN31484041,SAMN02649757,0.5194279546681058
SAMN31484041,SAMN02649758,0.5214557305812059
SAMN31484041,SAMN02649759,0.5146739130434783
SAMN31484041,SAMN02649760,0.5233415233415234
SAMN31484041,SAMN02649761,0.5104111051788575
SAMN31484041,SAMN02649762,0.5191946308724832
SAMN31484041,SAMN02649763,0.4766260162601626
SAMN31484041,SAMN02649764,0.5198585418933623
SAMN31484041,SAMN02649765,0.5174654752233956
SAMN31484041,SAMN02649766,0.5226089339545081
SAMN31484041,SAMN02649767,0.5184381778741866
SAMN31484041,SAMN02649769,0.5212219518788862
SAMN31484041,SAMN02649770,0.5154054054054054
SAMN31484041,SAMN02649771,0.5231824417009602
SAMN31484041,SAMN02649772,0.5159201295196978
SAMN31484041,SAMN02649773,0.5194268393496831
SAMN31484041,SAMN02649774,0.5096051227321238
SAMN31484041,SAMN02649775,0.5129922314492366
SAMN31484041,SAMN02649776,0.5240186659346693
SAMN31484041,SAMN02649777,0.5254610514726121
SAMN31484041,SAMN02649778,0.5185883620689655
SAMN31484041,SAMN02649779,0.5257703845104991
SAMN31484041,SAMN02649780,0.5239923224568138
SAMN31484041,SAMN02649781,0.5170546832701678
SAMN31484041,SAMN02649782,0.5135862254506323
SAMN31484041,SAMN02649783,0.5163646199621315
SAMN31484041,SAMN02649784,0.5137096774193548
SAMN31484041,SAMN02649785,0.5173629951166576
SAMN31484041,SAMN02649786,0.5171853856562922
SAMN31484041,SAMN02649787,0.5163381042398055
SAMN31484041,SAMN02649788,0.5141395098303259
SAMN31484041,SAMN02649789,0.5082710779082177
SAMN31484041,SAMN02649790,0.5154997327632282
SAMN31484041,SAMN02649791,0.4208211143695015
SAMN31484041,SAMN02649792,0.5441886899687411
SAMN31484041,SAMN02649793,0.5290519877675841
SAMN31484041,SAMN02649794,0.5081225033288949
SAMN31484041,SAMN02649795,0.5165634258012389
SAMN31484041,SAMN02649796,0.49769349051768325
SAMN31484041,SAMN02649797,0.5134201435025246
SAMN31484041,SAMN02649798,0.5117836100696305
SAMN31484041,SAMN02649799,0.5157809549500945
SAMN31484041,SAMN02649800,0.5222010351402887
SAMN31484041,SAMN02649801,0.5268817204301075
SAMN31484041,SAMN02649802,0.5156418554476807
SAMN31484041,SAMN02649803,0.5174543501611171
SAMN31484041,SAMN02649804,0.5106837606837606
SAMN31484041,SAMN02649805,0.5105249134026112
SAMN31484041,SAMN02649806,0.5127509495387954
SAMN31484041,SAMN02649807,0.5231229597388466
SAMN31484041,SAMN02649808,0.5195971692977681
SAMN31484041,SAMN02649809,0.5319386331938634
SAMN31484041,SAMN02649810,0.39644970414201186
SAMN31484041,SAMN02649811,0.5171853856562922
SAMN31484041,SAMN02649812,0.5117836100696305
SAMN31484041,SAMN02649813,0.5090666666666667
SAMN31484041,SAMN02649814,0.5397267911904098
SAMN31484041,SAMN02649815,0.5213489257546913
SAMN31484041,SAMN03859721,0.5077086656034024
SAMN31484041,SAMN03859722,0.3966633466135458
SAMN31484041,SAMN03859723,0.5366470092670598
SAMN31484041,SAMN03859724,0.40852889225334343
SAMN31484041,SAMN03859727,0.5169537136706136
SAMN31484041,SAMN03859728,0.5194769059543684
SAMN31484041,SAMN03859729,0.5308400781468043
SAMN31484041,SAMN03859732,0.4732142857142857
SAMN31484041,SAMN03859735,0.4231958762886598
SAMN31484041,SAMN03859736,0.5323561946902655
SAMN31484041,SAMN03859737,0.5150554675118859
SAMN31484041,SAMN03859738,0.5161115624153805
SAMN31484041,SAMN03859740,0.5206314040432013
SAMN31484041,SAMN03859741,0.5081369248035915
SAMN31484041,SAMN03859743,0.4363164721141375
SAMN31484041,SAMN03859744,0.5276845637583892
SAMN31484041,SAMN03859745,0.5349165959852983
SAMN31484041,SAMN03859747,0.505578231292517
SAMN31484041,SAMN03859748,0.4095950477173072
SAMN31484041,SAMN03859752,0.4374162422942911
SAMN31484041,SAMN03859753,0.5292299044406971
SAMN31484041,SAMN03859755,0.5344095157179269
SAMN31484041,SAMN03859756,0.43944181147972616
SAMN31484041,SAMN03859757,0.5383526747806396
SAMN31484041,SAMN03859758,0.5224171539961013
SAMN31484041,SAMN03859759,0.9305796598403332
SAMN31484041,SAMN03859760,0.9205738278516445
SAMN31484041,SAMN03859761,0.4268009295120062
SAMN31484041,SAMN03859762,0.525286392847164
SAMN31484041,SAMN03859763,0.9333803313359182
SAMN31484041,SAMN03859765,0.4077794951056157
SAMN31484041,SAMN03859766,0.4387146929256284
SAMN31484041,SAMN03859767,0.5128275109170306
SAMN31484041,SAMN03859769,0.5415121255349501
SAMN31484041,SAMN03859770,0.43078112915699923
SAMN31484041,SAMN03859774,0.5172126596335369
SAMN31484041,SAMN03859775,0.45122271890612675
SAMN31484041,SAMN03859776,0.5218365061590146
SAMN31484041,SAMN03859777,0.5219347581552306
SAMN31484041,SAMN03859778,0.4234838709677419
SAMN31484041,SAMN03859783,0.5378151260504201
SAMN31484041,SAMN03859784,0.4325153374233129
SAMN31484041,SAMN03859785,0.5179856115107914
SAMN31484041,SAMN03859786,0.527556896078969
SAMN31484041,SAMN03859787,0.5734126984126984
SAMN31484041,SAMN03859789,0.4372373949579832
SAMN31484041,SAMN03859790,0.43670392513647
SAMN31484041,SAMN03859792,0.43969385062021643
SAMN31484041,SAMN03859793,0.5312674483528755
SAMN31484041,SAMN03859794,0.44512033853477917
SAMN31484041,SAMN03859795,0.4405170139804801
SAMN31484041,SAMN03859796,0.5291689598238856
SAMN31484041,SAMN03859797,0.4565624164661855
SAMN31484041,SAMN03859798,0.43019062339000513
SAMN31484041,SAMN03859799,0.4562899786780384
SAMN31484041,SAMN03859800,0.5028279019660652
SAMN31484041,SAMN03859801,0.44184825413494355
SAMN31484041,SAMN03859802,0.5304251180883579
SAMN31484041,SAMN03859803,0.43885833987954964
SAMN31484041,SAMN03859805,0.5274785970726319
SAMN31484041,SAMN03859806,0.44896865791588536
SAMN31484041,SAMN03859807,0.5276090557702926
SAMN31484041,SAMN03859808,0.5044370493621742
SAMN31484041,SAMN03859809,0.44836272040302266
SAMN31484041,SAMN03859813,0.9140869565217391
SAMN31484041,SAMN03859814,0.41138253638253636
SAMN31484041,SAMN03859815,0.452914798206278
SAMN31484041,SAMN03859816,0.4545691226243166
SAMN31484041,SAMN03859817,0.5282235749861649
SAMN31484041,SAMN03859818,0.4495919978941827
SAMN31484041,SAMN03859819,0.4446161772282329
SAMN31484041,SAMN03859820,0.4550321199143469
SAMN31484041,SAMN03859821,0.4503222341568206
SAMN31484041,SAMN03859824,0.5216419994414968
SAMN31484041,SAMN03859826,0.43143459915611815
SAMN31484041,SAMN03859829,0.5096665732698235
SAMN31484041,SAMN03859830,0.4940722360077199
SAMN31484041,SAMN03859831,0.41880116186955374
SAMN31484041,SAMN03859833,0.4498151082937137
SAMN31484041,SAMN03859838,0.4198992443324937
SAMN31484041,SAMN03859839,0.5328651685393259
SAMN31484041,SAMN03859840,0.5325874125874126
SAMN31484041,SAMN04244164,0.45685005393743255
SAMN31484041,SAMN04244165,0.5076964623278423
SAMN31484041,SAMN04244166,0.5293296089385475
SAMN31484041,SAMN09847804,0.5314412910406232
SAMN31484041,SAMN09847805,0.5312239800166528
SAMN31484041,SAMN09847806,0.534975927499292
SAMN31484041,SAMN09847807,0.5365034965034965
SAMN31484041,SAMN09847808,0.5335968379446641
SAMN31484041,SAMN09847809,0.5362767154105736
SAMN31484041,SAMN09847810,0.5349424642155487
SAMN31484041,SAMN09847811,0.42933673469387756
SAMN31484041,SAMN09847812,0.4546421920723597
SAMN31484041,SAMN09847813,0.5431472081218274
SAMN31484041,SAMN09847814,0.43509677419354836
SAMN31484041,SAMN09847815,0.5404011461318051
SAMN31484041,SAMN09847816,0.5332047395976853
SAMN31484041,SAMN09847817,0.5433115592161318
SAMN31484041,SAMN09847818,0.5385474860335195
SAMN31484041,SAMN09847819,0.5237702665567464
SAMN31484041,SAMN09847820,0.5239142385926333
SAMN31484041,SAMN09847821,0.5162320383182544
SAMN31484041,SAMN09847822,0.5237702665567464
SAMN31484041,SAMN09847823,0.5232079099148585
SAMN31484041,SAMN09847824,0.5457404230989137
SAMN31484041,SAMN09847825,0.5257588415483152
SAMN31484041,SAMN09847826,0.5291504719600222
SAMN31484041,SAMN09847827,0.5290197167453485
SAMN31484041,SAMN09847828,0.5288728484175458
SAMN31484041,SAMN09847829,0.5294444444444445
SAMN31484041,SAMN09847830,0.5290036081043574
SAMN31484041,SAMN09847831,0.5206477732793522
SAMN31484041,SAMN09847832,0.5437197379663914
SAMN31484041,SAMN09847833,0.5394588500563697
SAMN31484041,SAMN09847834,0.5247252747252747
SAMN31484041,SAMN09847835,0.5357343837929094
SAMN31484041,SAMN09847836,0.5350926445816957
SAMN31484041,SAMN09847837,0.5412135088723526
SAMN31484041,SAMN09847838,0.5278470490440565
SAMN31484041,SAMN09847839,0.5278470490440565
SAMN31484041,SAMN09847840,0.5289875173370319
SAMN31484041,SAMN09847841,0.5337031900138697
SAMN31484041,SAMN09847842,0.5144243731464007
SAMN31484041,SAMN09847843,0.5391403358952462
SAMN31484041,SAMN09847844,0.42820838627700125
SAMN31484041,SAMN09847845,0.5355037889419029
SAMN31484041,SAMN09847846,0.5373134328358209
SAMN31484041,SAMN09847847,0.5251304586652019
SAMN31484041,SAMN09847848,0.5119669876203576
SAMN31484041,SAMN09847849,0.529134295227525
SAMN31484041,SAMN09847850,0.5229837599779796
SAMN31484041,SAMN09847851,0.5216083150984683
SAMN31484041,SAMN09847852,0.537528216704289
SAMN31484041,SAMN09847853,0.5251996695125309
SAMN31484041,SAMN09847854,0.4315278487480838
SAMN31484041,SAMN09847855,0.5257703845104991
SAMN31484041,SAMN09847856,0.5162068041789446
SAMN31484041,SAMN09847857,0.43121149897330596
SAMN31484041,SAMN09847858,0.5359348680516564
SAMN31484041,SAMN09847859,0.5195259897656881
SAMN31484041,SAMN09847860,0.5389538119087368
SAMN31484041,SAMN09847861,0.5152162306460224
SAMN31484041,SAMN09847862,0.5224688684353005
SAMN31484041,SAMN09847863,0.5230352303523035
SAMN31484041,SAMN09847864,0.4085830370746572
SAMN31484041,SAMN09847865,0.5217744116851502
SAMN31484041,SAMN09847866,0.5361713967723984
SAMN31484041,SAMN09847867,0.533480907581627
SAMN31484042,SAMN02649746,0.5266030013642565
SAMN31484042,SAMN02649748,0.5191040843214756
SAMN31484042,SAMN02649749,0.5289079229122056
SAMN31484042,SAMN02649750,0.5196953781512605
SAMN31484042,SAMN02649751,0.5196342119419043
SAMN31484042,SAMN02649752,0.5311909262759924
SAMN31484042,SAMN02649753,0.5334954078876283
SAMN31484042,SAMN02649754,0.5337290879654614
SAMN31484042,SAMN02649755,0.5196828868234008
SAMN31484042,SAMN02649756,0.531047516198704
SAMN31484042,SAMN02649757,0.5270053475935829
SAMN31484042,SAMN02649758,0.5390032502708559
SAMN31484042,SAMN02649759,0.5248112189859763
SAMN31484042,SAMN02649760,0.5202793446145582
SAMN31484042,SAMN02649761,0.5264698057994147
SAMN31484042,SAMN02649762,0.5365461847389559
SAMN31484042,SAMN02649763,0.4744744744744745
SAMN31484042,SAMN02649764,0.5299676025917927
SAMN31484042,SAMN02649765,0.5296017222820237
SAMN31484042,SAMN02649766,0.5224203133441383
SAMN31484042,SAMN02649767,0.5305847480463487
SAMN31484042,SAMN02649769,0.5386896737665139
SAMN31484042,SAMN02649770,0.5157249466950959
SAMN31484042,SAMN02649771,0.5346049046321526
SAMN31484042,SAMN02649772,0.5284334763948498
SAMN31484042,SAMN02649773,0.5180461329715061
SAMN31484042,SAMN02649774,0.5096027361220732
SAMN31484042,SAMN02649775,0.5262456701305622
SAMN31484042,SAMN02649776,0.5383774924883912
SAMN31484042,SAMN02649777,0.5256445047489824
SAMN31484042,SAMN02649778,0.5261612386545649
SAMN31484042,SAMN02649779,0.5337837837837838
SAMN31484042,SAMN02649780,0.5383356070941338
SAMN31484042,SAMN02649781,0.5287789133942981
SAMN31484042,SAMN02649782,0.5289389067524116
SAMN31484042,SAMN02649783,0.5305518169582772
SAMN31484042,SAMN02649784,0.52904953145917
SAMN31484042,SAMN02649785,0.5328289651445556
SAMN31484042,SAMN02649786,0.5317887931034483
SAMN31484042,SAMN02649787,0.527219093590775
SAMN31484042,SAMN02649788,0.5266398929049532
SAMN31484042,SAMN02649789,0.5239234449760766
SAMN31484042,SAMN02649790,0.5331911490269261
SAMN31484042,SAMN02649791,0.412751677852349
SAMN31484042,SAMN02649792,0.5299667036625971
SAMN31484042,SAMN02649793,0.5291860783776378
SAMN31484042,SAMN02649794,0.5217276099629041
SAMN31484042,SAMN02649795,0.5294590251740761
SAMN31484042,SAMN02649796,0.5154771041187004
SAMN31484042,SAMN02649797,0.5306122448979592
SAMN31484042,SAMN02649798,0.5234167110164981
SAMN31484042,SAMN02649799,0.5274725274725275
SAMN31484042,SAMN02649800,0.5335497835497836
SAMN31484042,SAMN02649801,0.5258011950027159
SAMN31484042,SAMN02649802,0.5281501340482574
SAMN31484042,SAMN02649803,0.5173418056658724
SAMN31484042,SAMN02649804,0.5226971064507566
SAMN31484042,SAMN02649805,0.523317435082141
SAMN31484042,SAMN02649806,0.5241174885475613
SAMN31484042,SAMN02649807,0.5307277628032345
SAMN31484042,SAMN02649808,0.5330265295073091
SAMN31484042,SAMN02649809,0.5244870041039672
SAMN31484042,SAMN02649810,0.4081882814415298
SAMN31484042,SAMN02649811,0.5309639203015617
SAMN31484042,SAMN02649812,0.5258528784648188
SAMN31484042,SAMN02649813,0.5202649006622516
SAMN31484042,SAMN02649814,0.5321301613344271
SAMN31484042,SAMN02649815,0.5322711315149878
SAMN31484042,SAMN03859721,0.5156785243741765
SAMN31484042,SAMN03859722,0.4085169596434761
SAMN31484042,SAMN03859723,0.5190150478796169
SAMN31484042,SAMN03859724,0.4222557146445617
SAMN31484042,SAMN03859727,0.5184594953519256
SAMN31484042,SAMN03859728,0.5164203612479474
SAMN31484042,SAMN03859729,0.530949105914718
SAMN31484042,SAMN03859732,0.4790746035872108
SAMN31484042,SAMN03859735,0.4353061747373815
SAMN31484042,SAMN03859736,0.5286918683709546
SAMN31484042,SAMN03859737,0.5241090146750524
SAMN31484042,SAMN03859738,0.5286675639300135
SAMN31484042,SAMN03859740,0.5325997248968363
SAMN31484042,SAMN03859741,0.5119179600886918
SAMN31484042,SAMN03859743,0.42130566801619435
SAMN31484042,SAMN03859744,0.5161378555798687
SAMN31484042,SAMN03859745,0.5256161728053171
SAMN31484042,SAMN03859747,0.5190798376184033
SAMN31484042,SAMN03859748,0.4023773394031361
SAMN31484042,SAMN03859752,0.43425559947299075
SAMN31484042,SAMN03859753,0.5234547461368654
SAMN31484042,SAMN03859755,0.5284959688629414
SAMN31484042,SAMN03859756,0.43816437645838735
SAMN31484042,SAMN03859757,0.5209597352454496
SAMN31484042,SAMN03859758,0.513506139154161
SAMN31484042,SAMN03859759,0.8907506702412868
SAMN31484042,SAMN03859760,0.9058863791923341
SAMN31484042,SAMN03859761,0.4333929941191511
SAMN31484042,SAMN03859762,0.5242157402311503
SAMN31484042,SAMN03859763,0.8973747016706444
SAMN31484042,SAMN03859765,0.40025252525252525
SAMN31484042,SAMN03859766,0.4400409102531322
SAMN31484042,SAMN03859767,0.5275740287965227
SAMN31484042,SAMN03859769,0.5272980501392758
SAMN31484042,SAMN03859770,0.4278468171443064
SAMN31484042,SAMN03859774,0.5183461117196057
SAMN31484042,SAMN03859775,0.44155509783728114
SAMN31484042,SAMN03859776,0.5191407325805564
SAMN31484042,SAMN03859777,0.5234396671289875
SAMN31484042,SAMN03859778,0.43193449334698053
SAMN31484042,SAMN03859783,0.526445601534667
SAMN31484042,SAMN03859784,0.42849962302085953
SAMN31484042,SAMN03859785,0.50840108401084
SAMN31484042,SAMN03859786,0.5170469798657719
SAMN31484042,SAMN03859787,0.5654712260216848
SAMN31484042,SAMN03859789,0.4363683393688567
SAMN31484042,SAMN03859790,0.42817116658176263
SAMN31484042,SAMN03859792,0.42544424414112797
SAMN31484042,SAMN03859793,0.5155228758169934
SAMN31484042,SAMN03859794,0.431078988125968
SAMN31484042,SAMN03859795,0.4266220391349125
SAMN31484042,SAMN03859796,0.5264012997562957
SAMN31484042,SAMN03859797,0.4588390501319261
SAMN31484042,SAMN03859798,0.4312579415501906
SAMN31484042,SAMN03859799,0.4581799053129932
SAMN31484042,SAMN03859800,0.5170195658000536
SAMN31484042,SAMN03859801,0.42798564838544334
SAMN31484042,SAMN03859802,0.518891002989943
SAMN31484042,SAMN03859803,0.4243740419008687
SAMN31484042,SAMN03859805,0.515667206915181
SAMN31484042,SAMN03859806,0.4494322682862424
SAMN31484042,SAMN03859807,0.5244432373709941
SAMN31484042,SAMN03859808,0.49959139199128305
SAMN31484042,SAMN03859809,0.4405732641462812
SAMN31484042,SAMN03859813,0.8810646900269542
SAMN31484042,SAMN03859814,0.4030040733197556
SAMN31484042,SAMN03859815,0.45256043670392515
SAMN31484042,SAMN03859816,0.4460321510589436
SAMN31484042,SAMN03859817,0.5151433207138995
SAMN31484042,SAMN03859818,0.45570609692548203
SAMN31484042,SAMN03859819,0.44732824427480916
SAMN31484042,SAMN03859820,0.44890990281061205
SAMN31484042,SAMN03859821,0.4442687747035573
SAMN31484042,SAMN03859824,0.5345545378850958
SAMN31484042,SAMN03859826,0.42731277533039647
SAMN31484042,SAMN03859829,0.5067511711215211
SAMN31484042,SAMN03859830,0.49959094627761114
SAMN31484042,SAMN03859831,0.41673161860223434
SAMN31484042,SAMN03859833,0.43827479338842973
SAMN31484042,SAMN03859838,0.43175557225144
SAMN31484042,SAMN03859839,0.5308266519214819
SAMN31484042,SAMN03859840,0.532671629445823
SAMN31484042,SAMN04244164,0.4483487450462351
SAMN31484042,SAMN04244165,0.5297136682874122
SAMN31484042,SAMN04244166,0.5362278761061947
SAMN31484042,SAMN09847804,0.542967670627245
SAMN31484042,SAMN09847805,0.5414486367391903
SAMN31484042,SAMN09847806,0.5363128491620112
SAMN31484042,SAMN09847807,0.5289437585733882
SAMN31484042,SAMN09847808,0.5319622012229016
SAMN31484042,SAMN09847809,0.5363082039911308
SAMN31484042,SAMN09847810,0.5219418540866704
SAMN31484042,SAMN09847811,0.4354635008840616
SAMN31484042,SAMN09847812,0.44554455445544555
SAMN31484042,SAMN09847813,0.5358229598893499
SAMN31484042,SAMN09847814,0.42954891028890013
SAMN31484042,SAMN09847815,0.5295766750770956
SAMN31484042,SAMN09847816,0.538293813028073
SAMN31484042,SAMN09847817,0.5355054302422724
SAMN31484042,SAMN09847818,0.5322182615848643
SAMN31484042,SAMN09847819,0.5239772419398537
SAMN31484042,SAMN09847820,0.5241192411924119
SAMN31484042,SAMN09847821,0.5181292695743562
SAMN31484042,SAMN09847822,0.5239772419398537
SAMN31484042,SAMN09847823,0.5234226915786623
SAMN31484042,SAMN09847824,0.5352546166759933
SAMN31484042,SAMN09847825,0.5246845858475041
SAMN31484042,SAMN09847826,0.5292829775588396
SAMN31484042,SAMN09847827,0.5291541199014509
SAMN31484042,SAMN09847828,0.5290093048713739
SAMN31484042,SAMN09847829,0.5295728368017525
SAMN31484042,SAMN09847830,0.5291381668946649
SAMN31484042,SAMN09847831,0.5385029617662898
SAMN31484042,SAMN09847832,0.5384615384615384
SAMN31484042,SAMN09847833,0.5279845602426247
SAMN31484042,SAMN09847834,0.5365720524017468
SAMN31484042,SAMN09847835,0.5344970906068163
SAMN31484042,SAMN09847836,0.5355660116246886
SAMN31484042,SAMN09847837,0.531670403587444
SAMN31484042,SAMN09847838,0.5279978148046982
SAMN31484042,SAMN09847839,0.5279978148046982
SAMN31484042,SAMN09847840,0.5345773874862788
SAMN31484042,SAMN09847841,0.5262585034013605
SAMN31484042,SAMN09847842,0.5253012048192771
SAMN31484042,SAMN09847843,0.5284122562674095
SAMN31484042,SAMN09847844,0.42038375280338897
SAMN31484042,SAMN09847845,0.5368217054263565
SAMN31484042,SAMN09847846,0.536051026067665
SAMN31484042,SAMN09847847,0.5369713506139154
SAMN31484042,SAMN09847848,0.5029649595687331
SAMN31484042,SAMN09847849,0.5419194704908991
SAMN31484042,SAMN09847850,0.5285947712418301
SAMN31484042,SAMN09847851,0.5218446601941747
SAMN31484042,SAMN09847852,0.5231404958677686
SAMN31484042,SAMN09847853,0.5253869128427912
SAMN31484042,SAMN09847854,0.4394630192502533
SAMN31484042,SAMN09847855,0.5354437229437229
SAMN31484042,SAMN09847856,0.5339390700160342
SAMN31484042,SAMN09847857,0.43845371312309256
SAMN31484042,SAMN09847858,0.5363963465264323
SAMN31484042,SAMN09847859,0.5365198711063373
SAMN31484042,SAMN09847860,0.536839222130923
SAMN31484042,SAMN09847861,0.5324813631522897
SAMN31484042,SAMN09847862,0.5399568034557235
SAMN31484042,SAMN09847863,0.5405405405405406
SAMN31484042,SAMN09847864,0.41310899045705674
SAMN31484042,SAMN09847865,0.5392500674399784
SAMN31484042,SAMN09847866,0.5257423045491691
SAMN31484042,SAMN09847867,0.529795918367347
SAMN31484043,SAMN02649746,0.6642402183803457
SAMN31484043,SAMN02649748,0.6107630979498861
SAMN31484043,SAMN02649749,0.6281231841952353
SAMN31484043,SAMN02649750,0.6323656223052602
SAMN31484043,SAMN02649751,0.6314395054459817
SAMN31484043,SAMN02649752,0.6484884410195614
SAMN31484043,SAMN02649753,0.650074074074074
SAMN31484043,SAMN02649754,0.6266044340723453
SAMN31484043,SAMN02649755,0.6598660170523751
SAMN31484043,SAMN02649756,0.6275599765944997
SAMN31484043,SAMN02649757,0.6450381679389313
SAMN31484043,SAMN02649758,0.6471631205673759
SAMN31484043,SAMN02649759,0.6206896551724138
SAMN31484043,SAMN02649760,0.6523809523809524
SAMN31484043,SAMN02649761,0.6390101892285298
SAMN31484043,SAMN02649762,0.6440875912408759
SAMN31484043,SAMN02649763,0.5777414075286416
SAMN31484043,SAMN02649764,0.627818448023426
SAMN31484043,SAMN02649765,0.6266044340723453
SAMN31484043,SAMN02649766,0.6345357776463632
SAMN31484043,SAMN02649767,0.6259118762766268
SAMN31484043,SAMN02649769,0.6491899852724595
SAMN31484043,SAMN02649770,0.6298568507157464
SAMN31484043,SAMN02649771,0.635287152161042
SAMN31484043,SAMN02649772,0.6287878787878788
SAMN31484043,SAMN02649773,0.6307966706302022
SAMN31484043,SAMN02649774,0.6215437788018433
SAMN31484043,SAMN02649775,0.621465666474322
SAMN31484043,SAMN02649776,0.6343195266272189
SAMN31484043,SAMN02649777,0.6366874443455031
SAMN31484043,SAMN02649778,0.6400584795321638
SAMN31484043,SAMN02649779,0.6499703615886189
SAMN31484043,SAMN02649780,0.6370633510953226
SAMN31484043,SAMN02649781,0.6251821626348003
SAMN31484043,SAMN02649782,0.6263800116211505
SAMN31484043,SAMN02649783,0.6248179434896592
SAMN31484043,SAMN02649784,0.6217076700434153
SAMN31484043,SAMN02649785,0.6267173341128325
SAMN31484043,SAMN02649786,0.6257650830661615
SAMN31484043,SAMN02649787,0.6246001744693225
SAMN31484043,SAMN02649788,0.6256902063353676
SAMN31484043,SAMN02649789,0.6187050359712231
SAMN31484043,SAMN02649790,0.6432731508444962
SAMN31484043,SAMN02649791,0.4297010130961206
SAMN31484043,SAMN02649792,0.6628729621654875
SAMN31484043,SAMN02649793,0.6388140161725068
SAMN31484043,SAMN02649794,0.6155389908256881
SAMN31484043,SAMN02649795,0.6235873659808752
SAMN31484043,SAMN02649796,0.6013215859030837
SAMN31484043,SAMN02649797,0.6378612716763006
SAMN31484043,SAMN02649798,0.6191986163159412
SAMN31484043,SAMN02649799,0.6243463102847182
SAMN31484043,SAMN02649800,0.6314553990610329
SAMN31484043,SAMN02649801,0.6398809523809523
SAMN31484043,SAMN02649802,0.6236933797909407
SAMN31484043,SAMN02649803,0.641272621132516
SAMN31484043,SAMN02649804,0.619568345323741
SAMN31484043,SAMN02649805,0.6191159586681975
SAMN31484043,SAMN02649806,0.6217480268927215
SAMN31484043,SAMN02649807,0.6448184233835252
SAMN31484043,SAMN02649808,0.6299882629107981
SAMN31484043,SAMN02649809,0.6532526475037822
SAMN31484043,SAMN02649810,0.38646986469864697
SAMN31484043,SAMN02649811,0.6238719068413392
SAMN31484043,SAMN02649812,0.620600115406809
SAMN31484043,SAMN02649813,0.6185685541822363
SAMN31484043,SAMN02649814,0.6938964241676943
SAMN31484043,SAMN02649815,0.6293911007025761
SAMN31484043,SAMN03859721,0.6269818391467281
SAMN31484043,SAMN03859722,0.38899950223992036
SAMN31484043,SAMN03859723,0.6572298325722983
SAMN31484043,SAMN03859724,0.4011099899091826
SAMN31484043,SAMN03859727,0.6482515427563914
SAMN31484043,SAMN03859728,0.6290854572713643
SAMN31484043,SAMN03859729,0.641203007518797
SAMN31484043,SAMN03859732,0.5728374189912652
SAMN31484043,SAMN03859735,0.41161356628982526
SAMN31484043,SAMN03859736,0.678234398782344
SAMN31484043,SAMN03859737,0.6299257567104511
SAMN31484043,SAMN03859738,0.6299005266237566
SAMN31484043,SAMN03859740,0.6504531722054381
SAMN31484043,SAMN03859741,0.620794180054562
SAMN31484043,SAMN03859743,0.4187483904197785
SAMN31484043,SAMN03859744,0.646969696969697
SAMN31484043,SAMN03859745,0.6654332408263953
SAMN31484043,SAMN03859747,0.6215022091310751
SAMN31484043,SAMN03859748,0.3973271652531483
SAMN31484043,SAMN03859752,0.4318303811057434
SAMN31484043,SAMN03859753,0.6604294478527607
SAMN31484043,SAMN03859755,0.6599938404681244
SAMN31484043,SAMN03859756,0.4620967741935484
SAMN31484043,SAMN03859757,0.6434650455927051
SAMN31484043,SAMN03859758,0.6597497711321331
SAMN31484043,SAMN03859759,0.5070806100217865
SAMN31484043,SAMN03859760,0.5015122353588122
SAMN31484043,SAMN03859761,0.4173756122712039
SAMN31484043,SAMN03859762,0.6593339443935228
SAMN31484043,SAMN03859763,0.5041345093715546
SAMN31484043,SAMN03859765,0.39625064201335386
SAMN31484043,SAMN03859766,0.42518059855521156
SAMN31484043,SAMN03859767,0.6340740740740741
SAMN31484043,SAMN03859769,0.6661500309981401
SAMN31484043,SAMN03859770,0.42173017507724
SAMN31484043,SAMN03859774,0.6435912938331319
SAMN31484043,SAMN03859775,0.4768692845615923
SAMN31484043,SAMN03859776,0.6363086232980333
SAMN31484043,SAMN03859777,0.6310209027567404
SAMN31484043,SAMN03859778,0.41479762825470484
SAMN31484043,SAMN03859783,0.6682956627978008
SAMN31484043,SAMN03859784,0.4551148225469729
SAMN31484043,SAMN03859785,0.6479468599033816
SAMN31484043,SAMN03859786,0.6561099492082462
SAMN31484043,SAMN03859787,0.5069577080491132
SAMN31484043,SAMN03859789,0.4621374865735768
SAMN31484043,SAMN03859790,0.4279407945988055
SAMN31484043,SAMN03859792,0.4217972229499607
SAMN31484043,SAMN03859793,0.6596715328467153
SAMN31484043,SAMN03859794,0.4260230849947534
SAMN31484043,SAMN03859795,0.42187908924365347
SAMN31484043,SAMN03859796,0.6509405792773962
SAMN31484043,SAMN03859797,0.4787234042553192
SAMN31484043,SAMN03859798,0.41859270672829996
SAMN31484043,SAMN03859799,0.47797716150081565
SAMN31484043,SAMN03859800,0.630064591896653
SAMN31484043,SAMN03859801,0.42365815528921313
SAMN31484043,SAMN03859802,0.6525934861278649
SAMN31484043,SAMN03859803,0.41815823605706876
SAMN31484043,SAMN03859805,0.6515606242496998
SAMN31484043,SAMN03859806,0.4714246650259776
SAMN31484043,SAMN03859807,0.6686874810548651
SAMN31484043,SAMN03859808,0.6120071684587813
SAMN31484043,SAMN03859809,0.4645508062452009
SAMN31484043,SAMN03859813,0.5045342126957956
SAMN31484043,SAMN03859814,0.4001036537963203
SAMN31484043,SAMN03859815,0.469562885492089
SAMN31484043,SAMN03859816,0.48160980810234544
SAMN31484043,SAMN03859817,0.6373659117997617
SAMN31484043,SAMN03859818,0.47324549610110245
SAMN31484043,SAMN03859819,0.46880758094235325
SAMN31484043,SAMN03859820,0.47557980900409275
SAMN31484043,SAMN03859821,0.4668304668304668
SAMN31484043,SAMN03859824,0.6623735050597976
SAMN31484043,SAMN03859826,0.42105263157894735
SAMN31484043,SAMN03859829,0.6168929110105581
SAMN31484043,SAMN03859830,0.8751304347826087
SAMN31484043,SAMN03859831,0.41252642706131076
SAMN31484043,SAMN03859833,0.46722192369693716
SAMN31484043,SAMN03859838,0.4078815261044177
SAMN31484043,SAMN03859839,0.6582162492364081
SAMN31484043,SAMN03859840,0.643848009650181
SAMN31484043,SAMN04244164,0.441137034057388
SAMN31484043,SAMN04244165,0.6352664115395937
SAMN31484043,SAMN04244166,0.6401686239084613
SAMN31484043,SAMN09847804,0.6385397965290245
SAMN31484043,SAMN09847805,0.6409566517189835
SAMN31484043,SAMN09847806,0.6606097936556822
SAMN31484043,SAMN09847807,0.6903804515929477
SAMN31484043,SAMN09847808,0.6440523273501674
SAMN31484043,SAMN09847809,0.6499696417729205
SAMN31484043,SAMN09847810,0.66188149053146
SAMN31484043,SAMN09847811,0.41785350966429297
SAMN31484043,SAMN09847812,0.4387728114255488
SAMN31484043,SAMN09847813,0.6776579352850539
SAMN31484043,SAMN09847814,0.421634121274409
SAMN31484043,SAMN09847815,0.6552151036830702
SAMN31484043,SAMN09847816,0.6639615269011121
SAMN31484043,SAMN09847817,0.6736842105263158
SAMN31484043,SAMN09847818,0.6686967113276492
SAMN31484043,SAMN09847819,0.6366063482646099
SAMN31484043,SAMN09847820,0.6363097003856423
SAMN31484043,SAMN09847821,0.6410998552821997
SAMN31484043,SAMN09847822,0.6361209964412812
SAMN31484043,SAMN09847823,0.6354475400118553
SAMN31484043,SAMN09847824,0.6612106238418777
SAMN31484043,SAMN09847825,0.6379206730769231
SAMN31484043,SAMN09847826,0.6417016177351708
SAMN31484043,SAMN09847827,0.641594246329038
SAMN31484043,SAMN09847828,0.6414020371479928
SAMN31484043,SAMN09847829,0.641594246329038
SAMN31484043,SAMN09847830,0.6415094339622641
SAMN31484043,SAMN09847831,0.6483387239047339
SAMN31484043,SAMN09847832,0.6631708821714991
SAMN31484043,SAMN09847833,0.65569774527727
SAMN31484043,SAMN09847834,0.6351791530944625
SAMN31484043,SAMN09847835,0.6464523953911462
SAMN31484043,SAMN09847836,0.6489845407699303
SAMN31484043,SAMN09847837,0.6554388133498146
SAMN31484043,SAMN09847838,0.642023346303502
SAMN31484043,SAMN09847839,0.642023346303502
SAMN31484043,SAMN09847840,0.6468468468468469
SAMN31484043,SAMN09847841,0.6619335347432024
SAMN31484043,SAMN09847842,0.6266006984866124
SAMN31484043,SAMN09847843,0.652027027027027
SAMN31484043,SAMN09847844,0.4131918119787718
SAMN31484043,SAMN09847845,0.6483949121744398
SAMN31484043,SAMN09847846,0.6507598784194529
SAMN31484043,SAMN09847847,0.6336487285629805
SAMN31484043,SAMN09847848,0.9438322076075364
SAMN31484043,SAMN09847849,0.6411254115534272
SAMN31484043,SAMN09847850,0.6388806192319143
SAMN31484043,SAMN09847851,0.6327433628318584
SAMN31484043,SAMN09847852,0.6639042357274402
SAMN31484043,SAMN09847853,0.637444279346211
SAMN31484043,SAMN09847854,0.41857506361323155
SAMN31484043,SAMN09847855,0.6558596073765616
SAMN31484043,SAMN09847856,0.6448598130841121
SAMN31484043,SAMN09847857,0.418925831202046
SAMN31484043,SAMN09847858,0.6483949121744398
SAMN31484043,SAMN09847859,0.6477839741708248
SAMN31484043,SAMN09847860,0.6640459631085576
SAMN31484043,SAMN09847861,0.641860465116279
SAMN31484043,SAMN09847862,0.6497641509433962
SAMN31484043,SAMN09847863,0.6505312868949232
SAMN31484043,SAMN09847864,0.3965080971659919
SAMN31484043,SAMN09847865,0.6488954344624448
SAMN31484043,SAMN09847866,0.665050015156108
SAMN31484043,SAMN09847867,0.6648550724637681
SAMN31484044,SAMN02649746,0.6192004668806537
SAMN31484044,SAMN02649748,0.589936057825966
SAMN31484044,SAMN02649749,0.5987584650112867
SAMN31484044,SAMN02649750,0.597384529771842
SAMN31484044,SAMN02649751,0.6043515602633839
SAMN31484044,SAMN02649752,0.6184172661870504
SAMN31484044,SAMN02649753,0.6171740379092475
SAMN31484044,SAMN02649754,0.6035267349260524
SAMN31484044,SAMN02649755,0.6291371158392435
SAMN31484044,SAMN02649756,0.6016514806378133
SAMN31484044,SAMN02649757,0.6144200626959248
SAMN31484044,SAMN02649758,0.6162890737023229
SAMN31484044,SAMN02649759,0.6068767908309456
SAMN31484044,SAMN02649760,0.6090570364001147
SAMN31484044,SAMN02649761,0.6110953863572035
SAMN31484044,SAMN02649762,0.6118346545866364
SAMN31484044,SAMN02649763,0.5384210526315789
SAMN31484044,SAMN02649764,0.6046246074793035
SAMN31484044,SAMN02649765,0.6035267349260524
SAMN31484044,SAMN02649766,0.6081703107019563
SAMN31484044,SAMN02649767,0.6046710338934776
SAMN31484044,SAMN02649769,0.6174285714285714
SAMN31484044,SAMN02649770,0.6002836879432624
SAMN31484044,SAMN02649771,0.6116560877091748
SAMN31484044,SAMN02649772,0.6024950382761554
SAMN31484044,SAMN02649773,0.61419842886238
SAMN31484044,SAMN02649774,0.5912776069331842
SAMN31484044,SAMN02649775,0.596964586846543
SAMN31484044,SAMN02649776,0.6102623234361487
SAMN31484044,SAMN02649777,0.6087709174841316
SAMN31484044,SAMN02649778,0.6106219823913661
SAMN31484044,SAMN02649779,0.6165996553704768
SAMN31484044,SAMN02649780,0.6124567474048442
SAMN31484044,SAMN02649781,0.6053530751708428
SAMN31484044,SAMN02649782,0.5993218423283413
SAMN31484044,SAMN02649783,0.6031836270608301
SAMN31484044,SAMN02649784,0.5975747320924986
SAMN31484044,SAMN02649785,0.6031339031339031
SAMN31484044,SAMN02649786,0.6036394654535115
SAMN31484044,SAMN02649787,0.6034629577065002
SAMN31484044,SAMN02649788,0.6013590033975085
SAMN31484044,SAMN02649789,0.5934435416082936
SAMN31484044,SAMN02649790,0.6115819209039548
SAMN31484044,SAMN02649791,0.427037579306979
SAMN31484044,SAMN02649792,0.634678624813154
SAMN31484044,SAMN02649793,0.6134110787172011
SAMN31484044,SAMN02649794,0.5926754263349175
SAMN31484044,SAMN02649795,0.5998305563400169
SAMN31484044,SAMN02649796,0.5758713136729222
SAMN31484044,SAMN02649797,0.6074635241301908
SAMN31484044,SAMN02649798,0.5965701433792522
SAMN31484044,SAMN02649799,0.6009629000283205
SAMN31484044,SAMN02649800,0.606744784224064
SAMN31484044,SAMN02649801,0.6108701936976004
SAMN31484044,SAMN02649802,0.60079275198188
SAMN31484044,SAMN02649803,0.6050254093732355
SAMN31484044,SAMN02649804,0.5960729312762973
SAMN31484044,SAMN02649805,0.5943528096169974
SAMN31484044,SAMN02649806,0.606989401317674
SAMN31484044,SAMN02649807,0.6158921399885255
SAMN31484044,SAMN02649808,0.6062339147841006
SAMN31484044,SAMN02649809,0.6191034280691474
SAMN31484044,SAMN02649810,0.3826741082261587
SAMN31484044,SAMN02649811,0.6027280477408354
SAMN31484044,SAMN02649812,0.5961214165261383
SAMN31484044,SAMN02649813,0.5946778711484594
SAMN31484044,SAMN02649814,0.6239041496201052
SAMN31484044,SAMN02649815,0.6057061340941512
SAMN31484044,SAMN03859721,0.5987671616699356
SAMN31484044,SAMN03859722,0.3841059602649007
SAMN31484044,SAMN03859723,0.6227527262010021
SAMN31484044,SAMN03859724,0.3970149253731343
SAMN31484044,SAMN03859727,0.6056058890147226
SAMN31484044,SAMN03859728,0.6114369501466276
SAMN31484044,SAMN03859729,0.6146869514335869
SAMN31484044,SAMN03859732,0.5395526459356247
SAMN31484044,SAMN03859735,0.40836501901140687
SAMN31484044,SAMN03859736,0.6154737757171834
SAMN31484044,SAMN03859737,0.5943630837247859
SAMN31484044,SAMN03859738,0.6039293849658315
SAMN31484044,SAMN03859740,0.625956444967628
SAMN31484044,SAMN03859741,0.6141450313339302
SAMN31484044,SAMN03859743,0.4143183549124143
SAMN31484044,SAMN03859744,0.6186690223792697
SAMN31484044,SAMN03859745,0.637099190890021
SAMN31484044,SAMN03859747,0.592391304347826
SAMN31484044,SAMN03859748,0.3978139298423996
SAMN31484044,SAMN03859752,0.4262684989429176
SAMN31484044,SAMN03859753,0.6236654804270463
SAMN31484044,SAMN03859755,0.6250372578241431
SAMN31484044,SAMN03859756,0.4549061094948426
SAMN31484044,SAMN03859757,0.6204444444444445
SAMN31484044,SAMN03859758,0.6246308328411104
SAMN31484044,SAMN03859759,0.5099838100377766
SAMN31484044,SAMN03859760,0.511908020804818
SAMN31484044,SAMN03859761,0.4151183507253754
SAMN31484044,SAMN03859762,0.6217891939769707
SAMN31484044,SAMN03859763,0.5108130303859841
SAMN31484044,SAMN03859765,0.39426977687626774
SAMN31484044,SAMN03859766,0.42065106815869785
SAMN31484044,SAMN03859767,0.6090594345066359
SAMN31484044,SAMN03859769,0.6396260554885405
SAMN31484044,SAMN03859770,0.4165398274987316
SAMN31484044,SAMN03859774,0.6111924992675066
SAMN31484044,SAMN03859775,0.469436358825086
SAMN31484044,SAMN03859776,0.620260663507109
SAMN31484044,SAMN03859777,0.6217986896962477
SAMN31484044,SAMN03859778,0.40934484509903507
SAMN31484044,SAMN03859783,0.6338361431529134
SAMN31484044,SAMN03859784,0.4606217616580311
SAMN31484044,SAMN03859785,0.610738255033557
SAMN31484044,SAMN03859786,0.6213479895863465
SAMN31484044,SAMN03859787,0.4929163325314087
SAMN31484044,SAMN03859789,0.4541853710060734
SAMN31484044,SAMN03859790,0.4200715015321757
SAMN31484044,SAMN03859792,0.4187128456965624
SAMN31484044,SAMN03859793,0.618475073313783
SAMN31484044,SAMN03859794,0.423983423983424
SAMN31484044,SAMN03859795,0.41916322314049587
SAMN31484044,SAMN03859796,0.6196407879490151
SAMN31484044,SAMN03859797,0.48470078526942867
SAMN31484044,SAMN03859798,0.4192073170731707
SAMN31484044,SAMN03859799,0.48314000539519825
SAMN31484044,SAMN03859800,0.5967007963594995
SAMN31484044,SAMN03859801,0.42166195009004376
SAMN31484044,SAMN03859802,0.6233157586408905
SAMN31484044,SAMN03859803,0.41442824251726784
SAMN31484044,SAMN03859805,0.619615832363213
SAMN31484044,SAMN03859806,0.4766684753119913
SAMN31484044,SAMN03859807,0.6098901098901099
SAMN31484044,SAMN03859808,0.5976002341235002
SAMN31484044,SAMN03859809,0.4499874655302081
SAMN31484044,SAMN03859813,0.5091305532842736
SAMN31484044,SAMN03859814,0.39555669050051073
SAMN31484044,SAMN03859815,0.4751131221719457
SAMN31484044,SAMN03859816,0.47146596858638745
SAMN31484044,SAMN03859817,0.6097914252607184
SAMN31484044,SAMN03859818,0.4639365918097754
SAMN31484044,SAMN03859819,0.4627949183303085
SAMN31484044,SAMN03859820,0.47240915208613726
SAMN31484044,SAMN03859821,0.46931603135982697
SAMN31484044,SAMN03859824,0.6046239391278899
SAMN31484044,SAMN03859826,0.4161265232045631
SAMN31484044,SAMN03859829,0.6046167505179048
SAMN31484044,SAMN03859830,0.5884066414214972
SAMN31484044,SAMN03859831,0.4040508958712023
SAMN31484044,SAMN03859833,0.46459824980111375
SAMN31484044,SAMN03859838,0.40719602977667496
SAMN31484044,SAMN03859839,0.6250369931932525
SAMN31484044,SAMN03859840,0.6209938253454866
SAMN31484044,SAMN04244164,0.4312796208530806
SAMN31484044,SAMN04244165,0.6099168816279736
SAMN31484044,SAMN04244166,0.6164906103286385
SAMN31484044,SAMN09847804,0.6164623467600701
SAMN31484044,SAMN09847805,0.6197840676976948
SAMN31484044,SAMN09847806,0.6373461422996097
SAMN31484044,SAMN09847807,0.6313459268004723
SAMN31484044,SAMN09847808,0.6272700208395355
SAMN31484044,SAMN09847809,0.622491145218418
SAMN31484044,SAMN09847810,0.6310017783046828
SAMN31484044,SAMN09847811,0.41526487572181775
SAMN31484044,SAMN09847812,0.42686721991701243
SAMN31484044,SAMN09847813,0.6338278931750742
SAMN31484044,SAMN09847814,0.41681438338819954
SAMN31484044,SAMN09847815,0.6384009691096305
SAMN31484044,SAMN09847816,0.6249637155297533
SAMN31484044,SAMN09847817,0.637125748502994
SAMN31484044,SAMN09847818,0.6276064610866373
SAMN31484044,SAMN09847819,0.6091721949812519
SAMN31484044,SAMN09847820,0.6093479515291402
SAMN31484044,SAMN09847821,0.5993303571428571
SAMN31484044,SAMN09847822,0.6091721949812519
SAMN31484044,SAMN09847823,0.6085327183626406
SAMN31484044,SAMN09847824,0.6349158653846154
SAMN31484044,SAMN09847825,0.6190895741556535
SAMN31484044,SAMN09847826,0.6138613861386139
SAMN31484044,SAMN09847827,0.6137489076609379
SAMN31484044,SAMN09847828,0.6135701805474665
SAMN31484044,SAMN09847829,0.6142191142191142
SAMN31484044,SAMN09847830,0.6136826783114993
SAMN31484044,SAMN09847831,0.6161961790704306
SAMN31484044,SAMN09847832,0.633423180592992
SAMN31484044,SAMN09847833,0.6260355029585799
SAMN31484044,SAMN09847834,0.6124747328905573
SAMN31484044,SAMN09847835,0.6210153482880756
SAMN31484044,SAMN09847836,0.6230088495575221
SAMN31484044,SAMN09847837,0.6366656599214738
SAMN31484044,SAMN09847838,0.6151382823871907
SAMN31484044,SAMN09847839,0.6151382823871907
SAMN31484044,SAMN09847840,0.6154966501602097
SAMN31484044,SAMN09847841,0.6270839426732963
SAMN31484044,SAMN09847842,0.6022115111993195
SAMN31484044,SAMN09847843,0.6354072738202585
SAMN31484044,SAMN09847844,0.4124406694978766
SAMN31484044,SAMN09847845,0.6234149218519611
SAMN31484044,SAMN09847846,0.6251479289940829
SAMN31484044,SAMN09847847,0.6138070479491623
SAMN31484044,SAMN09847848,0.6098981077147017
SAMN31484044,SAMN09847849,0.618978102189781
SAMN31484044,SAMN09847850,0.6117544875506659
SAMN31484044,SAMN09847851,0.606025824964132
SAMN31484044,SAMN09847852,0.6347644603458557
SAMN31484044,SAMN09847853,0.6104046242774567
SAMN31484044,SAMN09847854,0.4134904714142427
SAMN31484044,SAMN09847855,0.6189243600805292
SAMN31484044,SAMN09847856,0.6098388464800678
SAMN31484044,SAMN09847857,0.4170245011366507
SAMN31484044,SAMN09847858,0.6215022091310751
SAMN31484044,SAMN09847859,0.6138754620415127
SAMN31484044,SAMN09847860,0.628145114101814
SAMN31484044,SAMN09847861,0.6070925978046721
SAMN31484044,SAMN09847862,0.618421052631579
SAMN31484044,SAMN09847863,0.6191294387170676
SAMN31484044,SAMN09847864,0.3949012746813297
SAMN31484044,SAMN09847865,0.6166809483004856
SAMN31484044,SAMN09847866,0.6280773739742087
SAMN31484044,SAMN09847867,0.6214015702239023
SAMN31484045,SAMN02649746,0.6566896138880575
SAMN31484045,SAMN02649748,0.6115819209039548
SAMN31484045,SAMN02649749,0.6190203380120309
SAMN31484045,SAMN02649750,0.8679060665362035
SAMN31484045,SAMN02649751,0.6207596404755001
SAMN31484045,SAMN02649752,0.8984771573604061
SAMN31484045,SAMN02649753,0.8995603652350355
SAMN31484045,SAMN02649754,0.6268440844663002
SAMN31484045,SAMN02649755,0.6693989071038251
SAMN31484045,SAMN02649756,0.6263768115942029
SAMN31484045,SAMN02649757,0.8880721683929168
SAMN31484045,SAMN02649758,0.8821560093739538
SAMN31484045,SAMN02649759,0.627108784176847
SAMN31484045,SAMN02649760,0.645123384253819
SAMN31484045,SAMN02649761,0.8757846052196895
SAMN31484045,SAMN02649762,0.8785974197816738
SAMN31484045,SAMN02649763,0.7087606211544096
SAMN31484045,SAMN02649764,0.6247464503042597
SAMN31484045,SAMN02649765,0.6244945118428654
SAMN31484045,SAMN02649766,0.6256559766763848
SAMN31484045,SAMN02649767,0.6252168883747831
SAMN31484045,SAMN02649769,0.8867357166722352
SAMN31484045,SAMN02649770,0.6169540229885058
SAMN31484045,SAMN02649771,0.6335385517443565
SAMN31484045,SAMN02649772,0.6229130685089235
SAMN31484045,SAMN02649773,0.6300441826215022
SAMN31484045,SAMN02649774,0.607132748372488
SAMN31484045,SAMN02649775,0.6185037121644774
SAMN31484045,SAMN02649776,0.635936582501468
SAMN31484045,SAMN02649777,0.6267914594910793
SAMN31484045,SAMN02649778,0.8869246164109407
SAMN31484045,SAMN02649779,0.8995263870094723
SAMN31484045,SAMN02649780,0.6319485078993563
SAMN31484045,SAMN02649781,0.6259034403006649
SAMN31484045,SAMN02649782,0.6200860832137733
SAMN31484045,SAMN02649783,0.6246029454230436
SAMN31484045,SAMN02649784,0.6187338871383558
SAMN31484045,SAMN02649785,0.624602026049204
SAMN31484045,SAMN02649786,0.625541750939035
SAMN31484045,SAMN02649787,0.6229838709677419
SAMN31484045,SAMN02649788,0.6217303822937625
SAMN31484045,SAMN02649789,0.6130224623258459
SAMN31484045,SAMN02649790,0.8745059288537549
SAMN31484045,SAMN02649791,0.42990196078431375
SAMN31484045,SAMN02649792,0.6694214876033058
SAMN31484045,SAMN02649793,0.6302421736562316
SAMN31484045,SAMN02649794,0.614030105083783
SAMN31484045,SAMN02649795,0.6215208034433285
SAMN31484045,SAMN02649796,0.6212330660768592
SAMN31484045,SAMN02649797,0.8670369160405096
SAMN31484045,SAMN02649798,0.6171852697687696
SAMN31484045,SAMN02649799,0.6222669735327964
SAMN31484045,SAMN02649800,0.6283391405342624
SAMN31484045,SAMN02649801,0.6270491803278688
SAMN31484045,SAMN02649802,0.623956233803628
SAMN31484045,SAMN02649803,0.869765908341576
SAMN31484045,SAMN02649804,0.6143344709897611
SAMN31484045,SAMN02649805,0.6189527603870233
SAMN31484045,SAMN02649806,0.6281640965958685
SAMN31484045,SAMN02649807,0.8963887951400608
SAMN31484045,SAMN02649808,0.6292526897353882
SAMN31484045,SAMN02649809,0.6351231088697716
SAMN31484045,SAMN02649810,0.3870180575890678
SAMN31484045,SAMN02649811,0.6231967686093479
SAMN31484045,SAMN02649812,0.6227441993698081
SAMN31484045,SAMN02649813,0.6124361158432708
SAMN31484045,SAMN02649814,0.6832675372001215
SAMN31484045,SAMN02649815,0.6277181791823717
SAMN31484045,SAMN03859721,0.8522616335828181
SAMN31484045,SAMN03859722,0.38953344853122684
SAMN31484045,SAMN03859723,0.9023207481815033
SAMN31484045,SAMN03859724,0.3977045908183633
SAMN31484045,SAMN03859727,0.8633069828722003
SAMN31484045,SAMN03859728,0.627375296912114
SAMN31484045,SAMN03859729,0.6325622775800712
SAMN31484045,SAMN03859732,0.6993661334138244
SAMN31484045,SAMN03859735,0.40874428063040164
SAMN31484045,SAMN03859736,0.6795530051344005
SAMN31484045,SAMN03859737,0.8537842190016103
SAMN31484045,SAMN03859738,0.6258680555555556
SAMN31484045,SAMN03859740,0.8853917208347588
SAMN31484045,SAMN03859741,0.6378263509411051
SAMN31484045,SAMN03859743,0.4129163488431223
SAMN31484045,SAMN03859744,0.6544960772480386
SAMN31484045,SAMN03859745,0.9200140944326991
SAMN31484045,SAMN03859747,0.8369169698974529
SAMN31484045,SAMN03859748,0.39567430025445294
SAMN31484045,SAMN03859752,0.4236974345411267
SAMN31484045,SAMN03859753,0.887007601935038
SAMN31484045,SAMN03859755,0.8868841082581541
SAMN31484045,SAMN03859756,0.44852164730728616
SAMN31484045,SAMN03859757,0.6420830824804334
SAMN31484045,SAMN03859758,0.8946823204419889
SAMN31484045,SAMN03859759,0.5205666031054209
SAMN31484045,SAMN03859760,0.5226644555002764
SAMN31484045,SAMN03859761,0.4137139943920469
SAMN31484045,SAMN03859762,0.6837738168408113
SAMN31484045,SAMN03859763,0.5156938325991189
SAMN31484045,SAMN03859765,0.39319278638557276
SAMN31484045,SAMN03859766,0.42615817762989505
SAMN31484045,SAMN03859767,0.8655264922870557
SAMN31484045,SAMN03859769,0.6737654320987654
SAMN31484045,SAMN03859770,0.41155600608210846
SAMN31484045,SAMN03859774,0.6722560975609756
SAMN31484045,SAMN03859775,0.4680625496952028
SAMN31484045,SAMN03859776,0.6533333333333333
SAMN31484045,SAMN03859777,0.638118214716526
SAMN31484045,SAMN03859778,0.4136874361593463
SAMN31484045,SAMN03859783,0.9059149083362158
SAMN31484045,SAMN03859784,0.4562402900051787
SAMN31484045,SAMN03859785,0.8626522327469553
SAMN31484045,SAMN03859786,0.8843950117964273
SAMN31484045,SAMN03859787,0.48997058036908264
SAMN31484045,SAMN03859789,0.4478123352662098
SAMN31484045,SAMN03859790,0.41577335375191427
SAMN31484045,SAMN03859792,0.4136328427575523
SAMN31484045,SAMN03859793,0.8878600823045267
SAMN31484045,SAMN03859794,0.4192546583850932
SAMN31484045,SAMN03859795,0.4148167268972638
SAMN31484045,SAMN03859796,0.9008179959100204
SAMN31484045,SAMN03859797,0.4849307629649742
SAMN31484045,SAMN03859798,0.414931437277806
SAMN31484045,SAMN03859799,0.48256285482562855
SAMN31484045,SAMN03859800,0.8372703412073491
SAMN31484045,SAMN03859801,0.4176954732510288
SAMN31484045,SAMN03859802,0.6595616931852296
SAMN31484045,SAMN03859803,0.41337775499743723
SAMN31484045,SAMN03859805,0.65750970438937
SAMN31484045,SAMN03859806,0.47607395323545404
SAMN31484045,SAMN03859807,0.6655668866226755
SAMN31484045,SAMN03859808,0.6263440860215054
SAMN31484045,SAMN03859809,0.4490205926670015
SAMN31484045,SAMN03859813,0.5164744645799012
SAMN31484045,SAMN03859814,0.395188123880215
SAMN31484045,SAMN03859815,0.47807486631016044
SAMN31484045,SAMN03859816,0.4693396226415094
SAMN31484045,SAMN03859817,0.6331761932822628
SAMN31484045,SAMN03859818,0.458311345646438
SAMN31484045,SAMN03859819,0.47137254901960784
SAMN31484045,SAMN03859820,0.46548482406661296
SAMN31484045,SAMN03859821,0.46118598382749326
SAMN31484045,SAMN03859824,0.6597875569044006
SAMN31484045,SAMN03859826,0.4124967591392274
SAMN31484045,SAMN03859829,0.6368038740920097
SAMN31484045,SAMN03859830,0.6338239711625112
SAMN31484045,SAMN03859831,0.40005192107995846
SAMN31484045,SAMN03859833,0.4620488322717622
SAMN31484045,SAMN03859838,0.4065141720537046
SAMN31484045,SAMN03859839,0.6546827794561934
SAMN31484045,SAMN03859840,0.6361202023207378
SAMN31484045,SAMN04244164,0.43060686015831134
SAMN31484045,SAMN04244165,0.8720347477447378
SAMN31484045,SAMN04244166,0.658617567159674
SAMN31484045,SAMN09847804,0.6416047548291234
SAMN31484045,SAMN09847805,0.6435143959631938
SAMN31484045,SAMN09847806,0.665136210590756
SAMN31484045,SAMN09847807,0.6890318627450981
SAMN31484045,SAMN09847808,0.6426634528472431
SAMN31484045,SAMN09847809,0.6416167664670659
SAMN31484045,SAMN09847810,0.6709284627092846
SAMN31484045,SAMN09847811,0.4142354124748491
SAMN31484045,SAMN09847812,0.42693707748309934
SAMN31484045,SAMN09847813,0.9169284467713787
SAMN31484045,SAMN09847814,0.41219635627530365
SAMN31484045,SAMN09847815,0.6541998773758431
SAMN31484045,SAMN09847816,0.9045020463847203
SAMN31484045,SAMN09847817,0.6663611365719523
SAMN31484045,SAMN09847818,0.9022711631108052
SAMN31484045,SAMN09847819,0.6267173341128325
SAMN31484045,SAMN09847820,0.6264250219234142
SAMN31484045,SAMN09847821,0.8540856031128404
SAMN31484045,SAMN09847822,0.6262419637638807
SAMN31484045,SAMN09847823,0.6255841121495327
SAMN31484045,SAMN09847824,0.6520547945205479
SAMN31484045,SAMN09847825,0.6346611177170036
SAMN31484045,SAMN09847826,0.6316410861865407
SAMN31484045,SAMN09847827,0.6315323294951284
SAMN31484045,SAMN09847828,0.6313459268004723
SAMN31484045,SAMN09847829,0.6315323294951284
SAMN31484045,SAMN09847830,0.6314547064030688
SAMN31484045,SAMN09847831,0.885923949299533
SAMN31484045,SAMN09847832,0.6499848346982104
SAMN31484045,SAMN09847833,0.6408260999700689
SAMN31484045,SAMN09847834,0.6348693865570884
SAMN31484045,SAMN09847835,0.636689572751718
SAMN31484045,SAMN09847836,0.6411483253588517
SAMN31484045,SAMN09847837,0.6529051987767585
SAMN31484045,SAMN09847838,0.6329300678666273
SAMN31484045,SAMN09847839,0.6329300678666273
SAMN31484045,SAMN09847840,0.6323399232812039
SAMN31484045,SAMN09847841,0.9009934909215485
SAMN31484045,SAMN09847842,0.6188971855255601
SAMN31484045,SAMN09847843,0.6520547945205479
SAMN31484045,SAMN09847844,0.40648379052369077
SAMN31484045,SAMN09847845,0.6405736480430236
SAMN31484045,SAMN09847846,0.6418939166916392
SAMN31484045,SAMN09847847,0.6367107195301028
SAMN31484045,SAMN09847848,0.6554621848739496
SAMN31484045,SAMN09847849,0.6417334520629266
SAMN31484045,SAMN09847850,0.6341965862271924
SAMN31484045,SAMN09847851,0.623437045652806
SAMN31484045,SAMN09847852,0.6740128558310376
SAMN31484045,SAMN09847853,0.6280023432923257
SAMN31484045,SAMN09847854,0.4138798089011818
SAMN31484045,SAMN09847855,0.8899360484685291
SAMN31484045,SAMN09847856,0.8770654329147389
SAMN31484045,SAMN09847857,0.41563369592714394
SAMN31484045,SAMN09847858,0.6395939086294417
SAMN31484045,SAMN09847859,0.8816882685277501
SAMN31484045,SAMN09847860,0.9042881646655232
SAMN31484045,SAMN09847861,0.870607553366174
SAMN31484045,SAMN09847862,0.8888888888888888
SAMN31484045,SAMN09847863,0.8900804289544236
SAMN31484045,SAMN09847864,0.3983923637277066
SAMN31484045,SAMN09847865,0.8864016037420648
SAMN31484045,SAMN09847866,0.90216271884655
SAMN31484045,SAMN09847867,0.8957055214723927
SAMN31484046,SAMN02649746,0.4702572347266881
SAMN31484046,SAMN02649748,0.4460633946830266
SAMN31484046,SAMN02649749,0.45218968644726615
SAMN31484046,SAMN02649750,0.4465104431991849
SAMN31484046,SAMN02649751,0.4549750590706222
SAMN31484046,SAMN02649752,0.45984251968503936
SAMN31484046,SAMN02649753,0.45938155136268344
SAMN31484046,SAMN02649754,0.457015939378103
SAMN31484046,SAMN02649755,0.4692722371967655
SAMN31484046,SAMN02649756,0.4566640481801519
SAMN31484046,SAMN02649757,0.4557027799428423
SAMN31484046,SAMN02649758,0.4568740198640878
SAMN31484046,SAMN02649759,0.45755584756898815
SAMN31484046,SAMN02649760,0.46259220231822973
SAMN31484046,SAMN02649761,0.4540289256198347
SAMN31484046,SAMN02649762,0.4539116963594113
SAMN31484046,SAMN02649763,0.43026706231454004
SAMN31484046,SAMN02649764,0.45523560209424085
SAMN31484046,SAMN02649765,0.45587467362924283
SAMN31484046,SAMN02649766,0.4574215660427103
SAMN31484046,SAMN02649767,0.4567320261437908
SAMN31484046,SAMN02649769,0.4573138990109318
SAMN31484046,SAMN02649770,0.45097529258777636
SAMN31484046,SAMN02649771,0.4617623709976184
SAMN31484046,SAMN02649772,0.4549713690786049
SAMN31484046,SAMN02649773,0.46098535286284953
SAMN31484046,SAMN02649774,0.4450718685831622
SAMN31484046,SAMN02649775,0.45069695405265875
SAMN31484046,SAMN02649776,0.4609891563078551
SAMN31484046,SAMN02649777,0.45911616829849167
SAMN31484046,SAMN02649778,0.45537104307213283
SAMN31484046,SAMN02649779,0.45923984272608126
SAMN31484046,SAMN02649780,0.4606444796619123
SAMN31484046,SAMN02649781,0.457015939378103
SAMN31484046,SAMN02649782,0.452893848948871
SAMN31484046,SAMN02649783,0.4560167058209345
SAMN31484046,SAMN02649784,0.4523068947641265
SAMN31484046,SAMN02649785,0.4564250196283695
SAMN31484046,SAMN02649786,0.45639686684073105
SAMN31484046,SAMN02649787,0.45419052576782926
SAMN31484046,SAMN02649788,0.4522326064382139
SAMN31484046,SAMN02649789,0.44824922760041197
SAMN31484046,SAMN02649790,0.4521358723623263
SAMN31484046,SAMN02649791,0.4418141041614752
SAMN31484046,SAMN02649792,0.47543668122270744
SAMN31484046,SAMN02649793,0.4611481975967957
SAMN31484046,SAMN02649794,0.448586118251928
SAMN31484046,SAMN02649795,0.45381421899325375
SAMN31484046,SAMN02649796,0.4342786683107275
SAMN31484046,SAMN02649797,0.4508448540706605
SAMN31484046,SAMN02649798,0.45142118863049097
SAMN31484046,SAMN02649799,0.45447450572320497
SAMN31484046,SAMN02649800,0.45778710015731516
SAMN31484046,SAMN02649801,0.4592161016949153
SAMN31484046,SAMN02649802,0.4539781591263651
SAMN31484046,SAMN02649803,0.44997421351211964
SAMN31484046,SAMN02649804,0.44976816074188564
SAMN31484046,SAMN02649805,0.4497558468260087
SAMN31484046,SAMN02649806,0.46
SAMN31484046,SAMN02649807,0.45914091147197483
SAMN31484046,SAMN02649808,0.45915418965064353
SAMN31484046,SAMN02649809,0.4644867327794157
SAMN31484046,SAMN02649810,0.4030370923574807
SAMN31484046,SAMN02649811,0.4560167058209345
SAMN31484046,SAMN02649812,0.45104624128132265
SAMN31484046,SAMN02649813,0.4475578406169666
SAMN31484046,SAMN02649814,0.4680737376436014
SAMN31484046,SAMN02649815,0.45668673122219317
SAMN31484046,SAMN03859721,0.4475506540138497
SAMN31484046,SAMN03859722,0.4043784599899346
SAMN31484046,SAMN03859723,0.46462200699488837
SAMN31484046,SAMN03859724,0.4296010296010296
SAMN31484046,SAMN03859727,0.44860537190082644
SAMN31484046,SAMN03859728,0.46166263115415657
SAMN31484046,SAMN03859729,0.4626105601715358
SAMN31484046,SAMN03859732,0.43496143958868894
SAMN31484046,SAMN03859735,0.4435102469784551
SAMN31484046,SAMN03859736,0.4638874137015401
SAMN31484046,SAMN03859737,0.44396660763976725
SAMN31484046,SAMN03859738,0.45647058823529413
SAMN31484046,SAMN03859740,0.4657901797692514
SAMN31484046,SAMN03859741,0.46573464912280704
SAMN31484046,SAMN03859743,0.44669117647058826
SAMN31484046,SAMN03859744,0.4629878869448183
SAMN31484046,SAMN03859745,0.47326786688488814
SAMN31484046,SAMN03859747,0.44526122341822
SAMN31484046,SAMN03859748,0.42180962343096234
SAMN31484046,SAMN03859752,0.47538716814159293
SAMN31484046,SAMN03859753,0.4661430119176598
SAMN31484046,SAMN03859755,0.46348085799619876
SAMN31484046,SAMN03859756,0.5308190261750634
SAMN31484046,SAMN03859757,0.46650393273664226
SAMN31484046,SAMN03859758,0.4652478448275862
SAMN31484046,SAMN03859759,0.44604128560229944
SAMN31484046,SAMN03859760,0.44662251655629137
SAMN31484046,SAMN03859761,0.45219228737453776
SAMN31484046,SAMN03859762,0.47141696017339474
SAMN31484046,SAMN03859763,0.4444150344097406
SAMN31484046,SAMN03859765,0.41699244201198854
SAMN31484046,SAMN03859766,0.47385272145144075
SAMN31484046,SAMN03859767,0.4539941998418139
SAMN31484046,SAMN03859769,0.47990088105726875
SAMN31484046,SAMN03859770,0.4516298633017876
SAMN31484046,SAMN03859774,0.4639203015616586
SAMN31484046,SAMN03859775,0.5320870535714286
SAMN31484046,SAMN03859776,0.46996466431095407
SAMN31484046,SAMN03859777,0.4710382513661202
SAMN31484046,SAMN03859778,0.4476391453442363
SAMN31484046,SAMN03859783,0.46630872483221475
SAMN31484046,SAMN03859784,0.5571069533649818
SAMN31484046,SAMN03859785,0.45430322408739676
SAMN31484046,SAMN03859786,0.4602212855637513
SAMN31484046,SAMN03859787,0.4409079050352204
SAMN31484046,SAMN03859789,0.5307843688501547
SAMN31484046,SAMN03859790,0.45245641838351824
SAMN31484046,SAMN03859792,0.45379051701044737
SAMN31484046,SAMN03859793,0.4614354579539368
SAMN31484046,SAMN03859794,0.4608976081698468
SAMN31484046,SAMN03859795,0.4550080342795929
SAMN31484046,SAMN03859796,0.4630854723471818
SAMN31484046,SAMN03859797,0.5532951289398281
SAMN31484046,SAMN03859798,0.4533017626940279
SAMN31484046,SAMN03859799,0.5531428571428572
SAMN31484046,SAMN03859800,0.44545691226243167
SAMN31484046,SAMN03859801,0.4570666666666667
SAMN31484046,SAMN03859802,0.4640662570130911
SAMN31484046,SAMN03859803,0.4497480774330416
SAMN31484046,SAMN03859805,0.46278575225943647
SAMN31484046,SAMN03859806,0.5453762205628949
SAMN31484046,SAMN03859807,0.4598249801113763
SAMN31484046,SAMN03859808,0.45432497978981407
SAMN31484046,SAMN03859809,0.508568415502241
SAMN31484046,SAMN03859813,0.4468816067653277
SAMN31484046,SAMN03859814,0.4162516382699869
SAMN31484046,SAMN03859815,0.5410573678290214
SAMN31484046,SAMN03859816,0.5288778877887789
SAMN31484046,SAMN03859817,0.45755968169761274
SAMN31484046,SAMN03859818,0.5360246705915335
SAMN31484046,SAMN03859819,0.5179542981501633
SAMN31484046,SAMN03859820,0.5460263007432818
SAMN31484046,SAMN03859821,0.5448533640023002
SAMN31484046,SAMN03859824,0.4568664337543671
SAMN31484046,SAMN03859826,0.45317545748116256
SAMN31484046,SAMN03859829,0.4581066376496192
SAMN31484046,SAMN03859830,0.44608369098712447
SAMN31484046,SAMN03859831,0.44070080862533695
SAMN31484046,SAMN03859833,0.5271252796420581
SAMN31484046,SAMN03859838,0.4419023136246787
SAMN31484046,SAMN03859839,0.46928281461434374
SAMN31484046,SAMN03859840,0.4661108122646584
SAMN31484046,SAMN04244164,0.4430719656283566
SAMN31484046,SAMN04244165,0.4564761405348715
SAMN31484046,SAMN04244166,0.4685899164195201
SAMN31484046,SAMN09847804,0.4669166889900884
SAMN31484046,SAMN09847805,0.4672547447206629
SAMN31484046,SAMN09847806,0.4784754592816013
SAMN31484046,SAMN09847807,0.47145934302638665
SAMN31484046,SAMN09847808,0.4712768853797985
SAMN31484046,SAMN09847809,0.46852202107538504
SAMN31484046,SAMN09847810,0.47054054054054056
SAMN31484046,SAMN09847811,0.45031217481789804
SAMN31484046,SAMN09847812,0.44029653163886684
SAMN31484046,SAMN09847813,0.4701593302727518
SAMN31484046,SAMN09847814,0.45146904512067154
SAMN31484046,SAMN09847815,0.47898230088495575
SAMN31484046,SAMN09847816,0.46687864334923157
SAMN31484046,SAMN09847817,0.4782608695652174
SAMN31484046,SAMN09847818,0.46720214190093706
SAMN31484046,SAMN09847819,0.45798097251585623
SAMN31484046,SAMN09847820,0.45810203542162303
SAMN31484046,SAMN09847821,0.4442180336220071
SAMN31484046,SAMN09847822,0.45798097251585623
SAMN31484046,SAMN09847823,0.45785997357992075
SAMN31484046,SAMN09847824,0.4765303321438375
SAMN31484046,SAMN09847825,0.4657165904813122
SAMN31484046,SAMN09847826,0.4621131270010672
SAMN31484046,SAMN09847827,0.46196957566052843
SAMN31484046,SAMN09847828,0.461846318036286
SAMN31484046,SAMN09847829,0.4623598505072077
SAMN31484046,SAMN09847830,0.46198986396372366
SAMN31484046,SAMN09847831,0.45648220316965443
SAMN31484046,SAMN09847832,0.474835886214442
SAMN31484046,SAMN09847833,0.4682518238313969
SAMN31484046,SAMN09847834,0.4612331304577931
SAMN31484046,SAMN09847835,0.46677471636953
SAMN31484046,SAMN09847836,0.46788990825688076
SAMN31484046,SAMN09847837,0.4794255730461199
SAMN31484046,SAMN09847838,0.4629333333333333
SAMN31484046,SAMN09847839,0.4629333333333333
SAMN31484046,SAMN09847840,0.4631803628601921
SAMN31484046,SAMN09847841,0.4653702717101758
SAMN31484046,SAMN09847842,0.45244282744282743
SAMN31484046,SAMN09847843,0.4761251372118551
SAMN31484046,SAMN09847844,0.44795442775763855
SAMN31484046,SAMN09847845,0.46830321014297277
SAMN31484046,SAMN09847846,0.46982408660351827
SAMN31484046,SAMN09847847,0.4628011649457241
SAMN31484046,SAMN09847848,0.4577446014396161
SAMN31484046,SAMN09847849,0.46800535475234273
SAMN31484046,SAMN09847850,0.4598249801113763
SAMN31484046,SAMN09847851,0.4561957379636938
SAMN31484046,SAMN09847852,0.47189790931306
SAMN31484046,SAMN09847853,0.4592161016949153
SAMN31484046,SAMN09847854,0.4488045738045738
SAMN31484046,SAMN09847855,0.4584752423369138
SAMN31484046,SAMN09847856,0.45304437564499483
SAMN31484046,SAMN09847857,0.4527363184079602
SAMN31484046,SAMN09847858,0.4667205604958232
SAMN31484046,SAMN09847859,0.45478103135527337
SAMN31484046,SAMN09847860,0.465122470713525
SAMN31484046,SAMN09847861,0.4511819116135663
SAMN31484046,SAMN09847862,0.4576712685595207
SAMN31484046,SAMN09847863,0.458148631029987
SAMN31484046,SAMN09847864,0.4158542842483325
SAMN31484046,SAMN09847865,0.4566744730679157
SAMN31484046,SAMN09847866,0.4640191897654584
SAMN31484046,SAMN09847867,0.4610492845786963
SAMN31484047,SAMN02649746,0.4589901148811114
SAMN31484047,SAMN02649748,0.4442164657604514
SAMN31484047,SAMN02649749,0.4507152145643693
SAMN31484047,SAMN02649750,0.4409890390007647
SAMN31484047,SAMN02649751,0.45694664553618597
SAMN31484047,SAMN02649752,0.453781512605042
SAMN31484047,SAMN02649753,0.45142707515056296
SAMN31484047,SAMN02649754,0.4536406495547407
SAMN31484047,SAMN02649755,0.4725841476655809
SAMN31484047,SAMN02649756,0.45519053876478316
SAMN31484047,SAMN02649757,0.4489477786438036
SAMN31484047,SAMN02649758,0.45159602302459445
SAMN31484047,SAMN02649759,0.45569620253164556
SAMN31484047,SAMN02649760,0.4526813880126183
SAMN31484047,SAMN02649761,0.44843628844662703
SAMN31484047,SAMN02649762,0.44869475316619284
SAMN31484047,SAMN02649763,0.4298485224733052
SAMN31484047,SAMN02649764,0.4552866912151499
SAMN31484047,SAMN02649765,0.4521193092621664
SAMN31484047,SAMN02649766,0.4590294351630867
SAMN31484047,SAMN02649767,0.4533542976939203
SAMN31484047,SAMN02649769,0.4509242384795626
SAMN31484047,SAMN02649770,0.45328448050248626
SAMN31484047,SAMN02649771,0.45874237198195805
SAMN31484047,SAMN02649772,0.45312091930007836
SAMN31484047,SAMN02649773,0.46184738955823296
SAMN31484047,SAMN02649774,0.44731404958677684
SAMN31484047,SAMN02649775,0.4492227979274611
SAMN31484047,SAMN02649776,0.4575821845174973
SAMN31484047,SAMN02649777,0.46112886048988283
SAMN31484047,SAMN02649778,0.4482490272373541
SAMN31484047,SAMN02649779,0.4520440251572327
SAMN31484047,SAMN02649780,0.45878611184733636
SAMN31484047,SAMN02649781,0.4536406495547407
SAMN31484047,SAMN02649782,0.4502863092139511
SAMN31484047,SAMN02649783,0.45302276890866267
SAMN31484047,SAMN02649784,0.4508324661810614
SAMN31484047,SAMN02649785,0.4538057742782152
SAMN31484047,SAMN02649786,0.453783713013878
SAMN31484047,SAMN02649787,0.4530964201724588
SAMN31484047,SAMN02649788,0.45189048239895696
SAMN31484047,SAMN02649789,0.44639628003099974
SAMN31484047,SAMN02649790,0.4465619366469225
SAMN31484047,SAMN02649791,0.44360902255639095
SAMN31484047,SAMN02649792,0.47356888523692137
SAMN31484047,SAMN02649793,0.4627988181573999
SAMN31484047,SAMN02649794,0.4459912348543439
SAMN31484047,SAMN02649795,0.45158771473191045
SAMN31484047,SAMN02649796,0.43245917862444333
SAMN31484047,SAMN02649797,0.4449282786885246
SAMN31484047,SAMN02649798,0.4484455958549223
SAMN31484047,SAMN02649799,0.45072992700729925
SAMN31484047,SAMN02649800,0.45669913135035534
SAMN31484047,SAMN02649801,0.46279007735396105
SAMN31484047,SAMN02649802,0.45136897001303783
SAMN31484047,SAMN02649803,0.4473752262735971
SAMN31484047,SAMN02649804,0.446797520661157
SAMN31484047,SAMN02649805,0.4482847562548362
SAMN31484047,SAMN02649806,0.45622362869198313
SAMN31484047,SAMN02649807,0.4504315982212922
SAMN31484047,SAMN02649808,0.4546172059984215
SAMN31484047,SAMN02649809,0.46616338635750876
SAMN31484047,SAMN02649810,0.3983050847457627
SAMN31484047,SAMN02649811,0.45264259549973834
SAMN31484047,SAMN02649812,0.449572206378014
SAMN31484047,SAMN02649813,0.4471985540924348
SAMN31484047,SAMN02649814,0.47055660123689164
SAMN31484047,SAMN02649815,0.4552140793275545
SAMN31484047,SAMN03859721,0.44051282051282054
SAMN31484047,SAMN03859722,0.3964303670186023
SAMN31484047,SAMN03859723,0.46116504854368934
SAMN31484047,SAMN03859724,0.42364151429307234
SAMN31484047,SAMN03859727,0.44900077861406695
SAMN31484047,SAMN03859728,0.46135135135135136
SAMN31484047,SAMN03859729,0.4646709816612729
SAMN31484047,SAMN03859732,0.42754367934224047
SAMN31484047,SAMN03859735,0.43479401731828915
SAMN31484047,SAMN03859736,0.46086261980830673
SAMN31484047,SAMN03859737,0.441400304414003
SAMN31484047,SAMN03859738,0.4534731323722149
SAMN31484047,SAMN03859740,0.4599892588614393
SAMN31484047,SAMN03859741,0.4558139534883721
SAMN31484047,SAMN03859743,0.44784790071296543
SAMN31484047,SAMN03859744,0.4662510165356465
SAMN31484047,SAMN03859745,0.47139337530796604
SAMN31484047,SAMN03859747,0.4380577427821522
SAMN31484047,SAMN03859748,0.4220762155059133
SAMN31484047,SAMN03859752,0.4971799210377891
SAMN31484047,SAMN03859753,0.46306355241716457
SAMN31484047,SAMN03859755,0.4627761112626125
SAMN31484047,SAMN03859756,0.6134128166915053
SAMN31484047,SAMN03859757,0.4666121559007904
SAMN31484047,SAMN03859758,0.46336847796701813
SAMN31484047,SAMN03859759,0.4422623723487824
SAMN31484047,SAMN03859760,0.43783068783068785
SAMN31484047,SAMN03859761,0.4426575270234643
SAMN31484047,SAMN03859762,0.46476964769647694
SAMN31484047,SAMN03859763,0.43981972428419935
SAMN31484047,SAMN03859765,0.4161214341795342
SAMN31484047,SAMN03859766,0.4887625236934741
SAMN31484047,SAMN03859767,0.44790292798733844
SAMN31484047,SAMN03859769,0.480487129809023
SAMN31484047,SAMN03859770,0.4508975712777191
SAMN31484047,SAMN03859774,0.4561356297093649
SAMN31484047,SAMN03859775,0.6135222911130794
SAMN31484047,SAMN03859776,0.4605156037991859
SAMN31484047,SAMN03859777,0.4635345534007102
SAMN31484047,SAMN03859778,0.44344608879492603
SAMN31484047,SAMN03859783,0.4648342764753436
SAMN31484047,SAMN03859784,0.5971223021582733
SAMN31484047,SAMN03859785,0.45318352059925093
SAMN31484047,SAMN03859786,0.4602964531498147
SAMN31484047,SAMN03859787,0.43900523560209426
SAMN31484047,SAMN03859789,0.6099227569815805
SAMN31484047,SAMN03859790,0.45056983832494035
SAMN31484047,SAMN03859792,0.44993288590604025
SAMN31484047,SAMN03859793,0.45798657718120805
SAMN31484047,SAMN03859794,0.45586652314316467
SAMN31484047,SAMN03859795,0.45115405260332797
SAMN31484047,SAMN03859796,0.4550502379693284
SAMN31484047,SAMN03859797,0.6304019341190692
SAMN31484047,SAMN03859798,0.44456121912769314
SAMN31484047,SAMN03859799,0.6300090388671287
SAMN31484047,SAMN03859800,0.4394373534774681
SAMN31484047,SAMN03859801,0.4543995720780957
SAMN31484047,SAMN03859802,0.46889307837328303
SAMN31484047,SAMN03859803,0.4451527224435591
SAMN31484047,SAMN03859805,0.4671845700508974
SAMN31484047,SAMN03859806,0.6173361522198731
SAMN31484047,SAMN03859807,0.45563230605738575
SAMN31484047,SAMN03859808,0.4477088948787062
SAMN31484047,SAMN03859809,0.577402381611742
SAMN31484047,SAMN03859813,0.44574157601485803
SAMN31484047,SAMN03859814,0.4161179878851725
SAMN31484047,SAMN03859815,0.6136094674556213
SAMN31484047,SAMN03859816,0.615946261682243
SAMN31484047,SAMN03859817,0.46269055897298744
SAMN31484047,SAMN03859818,0.536056338028169
SAMN31484047,SAMN03859819,0.5882184729768373
SAMN31484047,SAMN03859820,0.5434470891884141
SAMN31484047,SAMN03859821,0.5431457431457432
SAMN31484047,SAMN03859824,0.4526117393645665
SAMN31484047,SAMN03859826,0.44773706896551724
SAMN31484047,SAMN03859829,0.4514285714285714
SAMN31484047,SAMN03859830,0.44453419493807217
SAMN31484047,SAMN03859831,0.4418541610192464
SAMN31484047,SAMN03859833,0.6060874704491725
SAMN31484047,SAMN03859838,0.43337612323491653
SAMN31484047,SAMN03859839,0.4682065217391304
SAMN31484047,SAMN03859840,0.46820027063599456
SAMN31484047,SAMN04244164,0.4544465596954039
SAMN31484047,SAMN04244165,0.4496591504981647
SAMN31484047,SAMN04244166,0.458041958041958
SAMN31484047,SAMN09847804,0.4619098712446352
SAMN31484047,SAMN09847805,0.46265060240963857
SAMN31484047,SAMN09847806,0.4774229074889868
SAMN31484047,SAMN09847807,0.4751830756712775
SAMN31484047,SAMN09847808,0.4722146181220914
SAMN31484047,SAMN09847809,0.46943765281173594
SAMN31484047,SAMN09847810,0.47346938775510206
SAMN31484047,SAMN09847811,0.4424226670132571
SAMN31484047,SAMN09847812,0.45069667738478025
SAMN31484047,SAMN09847813,0.4659090909090909
SAMN31484047,SAMN09847814,0.44768664563617244
SAMN31484047,SAMN09847815,0.47956630525437866
SAMN31484047,SAMN09847816,0.4565159925984668
SAMN31484047,SAMN09847817,0.48005502063273725
SAMN31484047,SAMN09847818,0.46259050683829445
SAMN31484047,SAMN09847819,0.45998404679606486
SAMN31484047,SAMN09847820,0.4601063829787234
SAMN31484047,SAMN09847821,0.4445866393652419
SAMN31484047,SAMN09847822,0.45998404679606486
SAMN31484047,SAMN09847823,0.45986177565124936
SAMN31484047,SAMN09847824,0.47709713024282563
SAMN31484047,SAMN09847825,0.46820027063599456
SAMN31484047,SAMN09847826,0.46455424274973145
SAMN31484047,SAMN09847827,0.46441042170292773
SAMN31484047,SAMN09847828,0.4642857142857143
SAMN31484047,SAMN09847829,0.4648038688876948
SAMN31484047,SAMN09847830,0.46442953020134226
SAMN31484047,SAMN09847831,0.44935064935064933
SAMN31484047,SAMN09847832,0.4749862561847169
SAMN31484047,SAMN09847833,0.46956521739130436
SAMN31484047,SAMN09847834,0.45898593044863284
SAMN31484047,SAMN09847835,0.46648575305291723
SAMN31484047,SAMN09847836,0.46880086814975586
SAMN31484047,SAMN09847837,0.47877947295423023
SAMN31484047,SAMN09847838,0.46380697050938335
SAMN31484047,SAMN09847839,0.46380697050938335
SAMN31484047,SAMN09847840,0.464448618191575
SAMN31484047,SAMN09847841,0.463121325494388
SAMN31484047,SAMN09847842,0.45210127903941527
SAMN31484047,SAMN09847843,0.47628240485383344
SAMN31484047,SAMN09847844,0.44421380384016607
SAMN31484047,SAMN09847845,0.4688177874186551
SAMN31484047,SAMN09847846,0.470348204570185
SAMN31484047,SAMN09847847,0.4593949044585987
SAMN31484047,SAMN09847848,0.46211714132187
SAMN31484047,SAMN09847849,0.4626105601715358
SAMN31484047,SAMN09847850,0.45679340600904017
SAMN31484047,SAMN09847851,0.4577930669489283
SAMN31484047,SAMN09847852,0.4748496446145435
SAMN31484047,SAMN09847853,0.4604527296937417
SAMN31484047,SAMN09847854,0.44017648585517777
SAMN31484047,SAMN09847855,0.45547675334909377
SAMN31484047,SAMN09847856,0.44670967741935486
SAMN31484047,SAMN09847857,0.44441538059115876
SAMN31484047,SAMN09847858,0.4676239501490111
SAMN31484047,SAMN09847859,0.4495460440985733
SAMN31484047,SAMN09847860,0.4617026954897251
SAMN31484047,SAMN09847861,0.4456158395474415
SAMN31484047,SAMN09847862,0.4512767066180302
SAMN31484047,SAMN09847863,0.45174752217005737
SAMN31484047,SAMN09847864,0.41244535870403704
SAMN31484047,SAMN09847865,0.449531737773153
SAMN31484047,SAMN09847866,0.46254681647940077
SAMN31484047,SAMN09847867,0.4595744680851064
SAMN31484048,SAMN02649746,0.6082857142857143
SAMN31484048,SAMN02649748,0.5647598488936859
SAMN31484048,SAMN02649749,0.5816129920176163
SAMN31484048,SAMN02649750,0.7381307853090475
SAMN31484048,SAMN02649751,0.5802057269947178
SAMN31484048,SAMN02649752,0.7534583461420228
SAMN31484048,SAMN02649753,0.7550706822372465
SAMN31484048,SAMN02649754,0.5756406723615322
SAMN31484048,SAMN02649755,0.5934472934472934
SAMN31484048,SAMN02649756,0.5768380320619126
SAMN31484048,SAMN02649757,0.7617295308187673
SAMN31484048,SAMN02649758,0.7555282555282555
SAMN31484048,SAMN02649759,0.5734439834024896
SAMN31484048,SAMN02649760,0.5998876088788986
SAMN31484048,SAMN02649761,0.7443336355394379
SAMN31484048,SAMN02649762,0.7509857446163178
SAMN31484048,SAMN02649763,0.8782884310618067
SAMN31484048,SAMN02649764,0.5783499446290143
SAMN31484048,SAMN02649765,0.5760749724366042
SAMN31484048,SAMN02649766,0.5851272015655578
SAMN31484048,SAMN02649767,0.576710816777042
SAMN31484048,SAMN02649769,0.7572696663605755
SAMN31484048,SAMN02649770,0.5825726141078839
SAMN31484048,SAMN02649771,0.5817978782802904
SAMN31484048,SAMN02649772,0.5829881248273957
SAMN31484048,SAMN02649773,0.5808988764044943
SAMN31484048,SAMN02649774,0.5753275109170306
SAMN31484048,SAMN02649775,0.5734571272528672
SAMN31484048,SAMN02649776,0.5835662381218558
SAMN31484048,SAMN02649777,0.5843137254901961
SAMN31484048,SAMN02649778,0.7517514468473957
SAMN31484048,SAMN02649779,0.7549953888718106
SAMN31484048,SAMN02649780,0.5856863293262511
SAMN31484048,SAMN02649781,0.5799944736114949
SAMN31484048,SAMN02649782,0.5769230769230769
SAMN31484048,SAMN02649783,0.5757575757575758
SAMN31484048,SAMN02649784,0.5718194254445964
SAMN31484048,SAMN02649785,0.5756488128106019
SAMN31484048,SAMN02649786,0.5766262403528115
SAMN31484048,SAMN02649787,0.5760660247592847
SAMN31484048,SAMN02649788,0.578860445912469
SAMN31484048,SAMN02649789,0.5726752113444232
SAMN31484048,SAMN02649790,0.7503782148260212
SAMN31484048,SAMN02649791,0.465512978986403
SAMN31484048,SAMN02649792,0.5896848137535816
SAMN31484048,SAMN02649793,0.5881188118811881
SAMN31484048,SAMN02649794,0.5660070479804825
SAMN31484048,SAMN02649795,0.5744039462866539
SAMN31484048,SAMN02649796,0.5782781456953643
SAMN31484048,SAMN02649797,0.7449684589966957
SAMN31484048,SAMN02649798,0.5687823481340234
SAMN31484048,SAMN02649799,0.5737029920395279
SAMN31484048,SAMN02649800,0.5781898699141987
SAMN31484048,SAMN02649801,0.584524810765349
SAMN31484048,SAMN02649802,0.5735455543358946
SAMN31484048,SAMN02649803,0.7673206621704476
SAMN31484048,SAMN02649804,0.5739225313693399
SAMN31484048,SAMN02649805,0.5701873472712463
SAMN31484048,SAMN02649806,0.5722575297043382
SAMN31484048,SAMN02649807,0.7551459293394778
SAMN31484048,SAMN02649808,0.5763696734919757
SAMN31484048,SAMN02649809,0.5881019830028329
SAMN31484048,SAMN02649810,0.3909484833895041
SAMN31484048,SAMN02649811,0.5744563721442334
SAMN31484048,SAMN02649812,0.573067467904944
SAMN31484048,SAMN02649813,0.5708843537414966
SAMN31484048,SAMN02649814,0.6221582733812949
SAMN31484048,SAMN02649815,0.5776672194582643
SAMN31484048,SAMN03859721,0.7453996983408748
SAMN31484048,SAMN03859722,0.39178015564202334
SAMN31484048,SAMN03859723,0.7521957340025094
SAMN31484048,SAMN03859724,0.47221504264667874
SAMN31484048,SAMN03859727,0.7689941556444171
SAMN31484048,SAMN03859728,0.5883190883190883
SAMN31484048,SAMN03859729,0.5888195232690124
SAMN31484048,SAMN03859732,0.836381135707411
SAMN31484048,SAMN03859735,0.4796534523496981
SAMN31484048,SAMN03859736,0.6015293118096856
SAMN31484048,SAMN03859737,0.7786561264822134
SAMN31484048,SAMN03859738,0.5834257206208425
SAMN31484048,SAMN03859740,0.7598116169544741
SAMN31484048,SAMN03859741,0.5700800915331807
SAMN31484048,SAMN03859743,0.4808700209643606
SAMN31484048,SAMN03859744,0.5839250213007668
SAMN31484048,SAMN03859745,0.7641629535327816
SAMN31484048,SAMN03859747,0.7221713937175969
SAMN31484048,SAMN03859748,0.3905782652043868
SAMN31484048,SAMN03859752,0.43339439937189217
SAMN31484048,SAMN03859753,0.7691082802547771
SAMN31484048,SAMN03859755,0.769107771026543
SAMN31484048,SAMN03859756,0.4481058640373638
SAMN31484048,SAMN03859757,0.5755252697331061
SAMN31484048,SAMN03859758,0.758349086326402
SAMN31484048,SAMN03859759,0.498416050686378
SAMN31484048,SAMN03859760,0.4877854487519915
SAMN31484048,SAMN03859761,0.48031496062992124
SAMN31484048,SAMN03859762,0.606514845776881
SAMN31484048,SAMN03859763,0.49585893668180603
SAMN31484048,SAMN03859765,0.39092495636998253
SAMN31484048,SAMN03859766,0.42612635288195316
SAMN31484048,SAMN03859767,0.7454489355137304
SAMN31484048,SAMN03859769,0.5958923922476136
SAMN31484048,SAMN03859770,0.46205472379969026
SAMN31484048,SAMN03859774,0.5967372638809387
SAMN31484048,SAMN03859775,0.4634970122109639
SAMN31484048,SAMN03859776,0.5735752764388999
SAMN31484048,SAMN03859777,0.5689948892674617
SAMN31484048,SAMN03859778,0.4540289256198347
SAMN31484048,SAMN03859783,0.7751029458346531
SAMN31484048,SAMN03859784,0.4450341167551175
SAMN31484048,SAMN03859785,0.7450919289498286
SAMN31484048,SAMN03859786,0.7644320297951583
SAMN31484048,SAMN03859787,0.47257603327268
SAMN31484048,SAMN03859789,0.44815966822187664
SAMN31484048,SAMN03859790,0.4903566710700132
SAMN31484048,SAMN03859792,0.4838795630162537
SAMN31484048,SAMN03859793,0.7469578783151326
SAMN31484048,SAMN03859794,0.48786343024806617
SAMN31484048,SAMN03859795,0.483896726111259
SAMN31484048,SAMN03859796,0.7459975369458128
SAMN31484048,SAMN03859797,0.4624079915878023
SAMN31484048,SAMN03859798,0.4793733681462141
SAMN31484048,SAMN03859799,0.46097433211105293
SAMN31484048,SAMN03859800,0.7455548743102391
SAMN31484048,SAMN03859801,0.4881868861162729
SAMN31484048,SAMN03859802,0.588135593220339
SAMN31484048,SAMN03859803,0.4815108293713682
SAMN31484048,SAMN03859805,0.5874578177727784
SAMN31484048,SAMN03859806,0.4553359683794466
SAMN31484048,SAMN03859807,0.5924985899605189
SAMN31484048,SAMN03859808,0.5567734682405846
SAMN31484048,SAMN03859809,0.46820230345518277
SAMN31484048,SAMN03859813,0.4966693312017053
SAMN31484048,SAMN03859814,0.39251632345555
SAMN31484048,SAMN03859815,0.4583657587548638
SAMN31484048,SAMN03859816,0.4647995889003083
SAMN31484048,SAMN03859817,0.5834269662921349
SAMN31484048,SAMN03859818,0.4680073126142596
SAMN31484048,SAMN03859819,0.4574630667345899
SAMN31484048,SAMN03859820,0.46476642913697547
SAMN31484048,SAMN03859821,0.45629786110377607
SAMN31484048,SAMN03859824,0.5994824611845888
SAMN31484048,SAMN03859826,0.4861893268972915
SAMN31484048,SAMN03859829,0.5639567936327459
SAMN31484048,SAMN03859830,0.5799543118218161
SAMN31484048,SAMN03859831,0.45081967213114754
SAMN31484048,SAMN03859833,0.4511784511784512
SAMN31484048,SAMN03859838,0.4799279464745239
SAMN31484048,SAMN03859839,0.5926243567753001
SAMN31484048,SAMN03859840,0.5898237635019897
SAMN31484048,SAMN04244164,0.43908165927471954
SAMN31484048,SAMN04244165,0.7454044117647058
SAMN31484048,SAMN04244166,0.5936698032506416
SAMN31484048,SAMN09847804,0.585214446952596
SAMN31484048,SAMN09847805,0.588882618510158
SAMN31484048,SAMN09847806,0.5952724127990775
SAMN31484048,SAMN09847807,0.6214574898785425
SAMN31484048,SAMN09847808,0.592305483778352
SAMN31484048,SAMN09847809,0.5952517162471396
SAMN31484048,SAMN09847810,0.5937767627747644
SAMN31484048,SAMN09847811,0.48454946767073487
SAMN31484048,SAMN09847812,0.4364384971693258
SAMN31484048,SAMN09847813,0.775023832221163
SAMN31484048,SAMN09847814,0.4883293994230265
SAMN31484048,SAMN09847815,0.5908432338452623
SAMN31484048,SAMN09847816,0.7688473520249222
SAMN31484048,SAMN09847817,0.6016166281755196
SAMN31484048,SAMN09847818,0.7802406586447118
SAMN31484048,SAMN09847819,0.5847101652198263
SAMN31484048,SAMN09847820,0.5844301316157939
SAMN31484048,SAMN09847821,0.7458696305196756
SAMN31484048,SAMN09847822,0.5842665173572228
SAMN31484048,SAMN09847823,0.5841029946823397
SAMN31484048,SAMN09847824,0.5947429231658001
SAMN31484048,SAMN09847825,0.5875674141356798
SAMN31484048,SAMN09847826,0.5899321266968326
SAMN31484048,SAMN09847827,0.5898161244695899
SAMN31484048,SAMN09847828,0.5896493212669683
SAMN31484048,SAMN09847829,0.5898161244695899
SAMN31484048,SAMN09847830,0.589765337856941
SAMN31484048,SAMN09847831,0.758873929008568
SAMN31484048,SAMN09847832,0.5966532025389498
SAMN31484048,SAMN09847833,0.5849914724275156
SAMN31484048,SAMN09847834,0.5838926174496645
SAMN31484048,SAMN09847835,0.5929102344196684
SAMN31484048,SAMN09847836,0.5953129465561589
SAMN31484048,SAMN09847837,0.5893063583815029
SAMN31484048,SAMN09847838,0.5889328063241107
SAMN31484048,SAMN09847839,0.5889328063241107
SAMN31484048,SAMN09847840,0.5942193255879853
SAMN31484048,SAMN09847841,0.7700752823086575
SAMN31484048,SAMN09847842,0.5770500825536599
SAMN31484048,SAMN09847843,0.5869502730669732
SAMN31484048,SAMN09847844,0.47669327839299513
SAMN31484048,SAMN09847845,0.5952584975721222
SAMN31484048,SAMN09847846,0.5959335624284078
SAMN31484048,SAMN09847847,0.5834031852472757
SAMN31484048,SAMN09847848,0.601027397260274
SAMN31484048,SAMN09847849,0.5867418899858956
SAMN31484048,SAMN09847850,0.5738573021181717
SAMN31484048,SAMN09847851,0.5813370473537605
SAMN31484048,SAMN09847852,0.596727898966705
SAMN31484048,SAMN09847853,0.5849691531127313
SAMN31484048,SAMN09847854,0.4768793593386722
SAMN31484048,SAMN09847855,0.7647604327666151
SAMN31484048,SAMN09847856,0.750758035172832
SAMN31484048,SAMN09847857,0.48331595411887385
SAMN31484048,SAMN09847858,0.5943477019697402
SAMN31484048,SAMN09847859,0.7554132357426044
SAMN31484048,SAMN09847860,0.7785129174543163
SAMN31484048,SAMN09847861,0.7471333735666867
SAMN31484048,SAMN09847862,0.7585044437634079
SAMN31484048,SAMN09847863,0.7594354096348573
SAMN31484048,SAMN09847864,0.3868201861832435
SAMN31484048,SAMN09847865,0.7575015309246785
SAMN31484048,SAMN09847866,0.7692307692307693
SAMN31484048,SAMN09847867,0.7641921397379913
SAMN31484049,SAMN02649746,0.6059743954480796
SAMN31484049,SAMN02649748,0.5669630827270278
SAMN31484049,SAMN02649749,0.5799287085275568
SAMN31484049,SAMN02649750,0.7413484486873508
SAMN31484049,SAMN02649751,0.58157602663707
SAMN31484049,SAMN02649752,0.7508417508417509
SAMN31484049,SAMN02649753,0.7497708524289642
SAMN31484049,SAMN02649754,0.5778756191524491
SAMN31484049,SAMN02649755,0.5912056737588652
SAMN31484049,SAMN02649756,0.5773366418527709
SAMN31484049,SAMN02649757,0.7494685696932888
SAMN31484049,SAMN02649758,0.7529051987767584
SAMN31484049,SAMN02649759,0.5726495726495726
SAMN31484049,SAMN02649760,0.5980968373915477
SAMN31484049,SAMN02649761,0.7470570479927559
SAMN31484049,SAMN02649762,0.7484143763213531
SAMN31484049,SAMN02649763,0.8662060301507538
SAMN31484049,SAMN02649764,0.5805916505391209
SAMN31484049,SAMN02649765,0.5787444933920705
SAMN31484049,SAMN02649766,0.5873813512004467
SAMN31484049,SAMN02649767,0.5776431718061674
SAMN31484049,SAMN02649769,0.7546479731789089
SAMN31484049,SAMN02649770,0.5795704845814978
SAMN31484049,SAMN02649771,0.5827298050139276
SAMN31484049,SAMN02649772,0.5769547325102881
SAMN31484049,SAMN02649773,0.5836139169472503
SAMN31484049,SAMN02649774,0.5715449361933207
SAMN31484049,SAMN02649775,0.5722448979591837
SAMN31484049,SAMN02649776,0.5844952593418851
SAMN31484049,SAMN02649777,0.5852431525992174
SAMN31484049,SAMN02649778,0.7528875379939209
SAMN31484049,SAMN02649779,0.7502292876796087
SAMN31484049,SAMN02649780,0.5830782076259393
SAMN31484049,SAMN02649781,0.5778756191524491
SAMN31484049,SAMN02649782,0.574398249452954
SAMN31484049,SAMN02649783,0.5771240032994226
SAMN31484049,SAMN02649784,0.5740437158469945
SAMN31484049,SAMN02649785,0.578323221180364
SAMN31484049,SAMN02649786,0.5784259768849752
SAMN31484049,SAMN02649787,0.5782967032967034
SAMN31484049,SAMN02649788,0.5750273822562979
SAMN31484049,SAMN02649789,0.5676335050149092
SAMN31484049,SAMN02649790,0.7478156071105755
SAMN31484049,SAMN02649791,0.46548323471400394
SAMN31484049,SAMN02649792,0.5869937250427838
SAMN31484049,SAMN02649793,0.5859154929577465
SAMN31484049,SAMN02649794,0.5707700650759219
SAMN31484049,SAMN02649795,0.5757658643326039
SAMN31484049,SAMN02649796,0.5791699709225483
SAMN31484049,SAMN02649797,0.7429682824655894
SAMN31484049,SAMN02649798,0.5722842363190852
SAMN31484049,SAMN02649799,0.575068493150685
SAMN31484049,SAMN02649800,0.5791217895608948
SAMN31484049,SAMN02649801,0.5858981533296027
SAMN31484049,SAMN02649802,0.5744797371303395
SAMN31484049,SAMN02649803,0.7700551132884262
SAMN31484049,SAMN02649804,0.5701492537313433
SAMN31484049,SAMN02649805,0.5723969631236443
SAMN31484049,SAMN02649806,0.5732009925558312
SAMN31484049,SAMN02649807,0.7519877675840979
SAMN31484049,SAMN02649808,0.5768699972398564
SAMN31484049,SAMN02649809,0.5836619718309859
SAMN31484049,SAMN02649810,0.3921191734742912
SAMN31484049,SAMN02649811,0.5771240032994226
SAMN31484049,SAMN02649812,0.5748568311971639
SAMN31484049,SAMN02649813,0.5739532354540511
SAMN31484049,SAMN02649814,0.6206995412844036
SAMN31484049,SAMN02649815,0.5785990071704358
SAMN31484049,SAMN03859721,0.7465382299819386
SAMN31484049,SAMN03859722,0.3936376881981544
SAMN31484049,SAMN03859723,0.7539135879774578
SAMN31484049,SAMN03859724,0.4755877034358047
SAMN31484049,SAMN03859727,0.76468788249694
SAMN31484049,SAMN03859728,0.5892552586696987
SAMN31484049,SAMN03859729,0.5866063859847415
SAMN31484049,SAMN03859732,0.82453909726637
SAMN31484049,SAMN03859735,0.47842008893539106
SAMN31484049,SAMN03859736,0.5992667794698252
SAMN31484049,SAMN03859737,0.7754237288135594
SAMN31484049,SAMN03859738,0.5786718104160926
SAMN31484049,SAMN03859740,0.7543695380774033
SAMN31484049,SAMN03859741,0.5683760683760684
SAMN31484049,SAMN03859743,0.4761656681427455
SAMN31484049,SAMN03859744,0.5817307692307693
SAMN31484049,SAMN03859745,0.7619651347068146
SAMN31484049,SAMN03859747,0.7191863995142683
SAMN31484049,SAMN03859748,0.3907531692766592
SAMN31484049,SAMN03859752,0.43158717748240816
SAMN31484049,SAMN03859753,0.7663284717818643
SAMN31484049,SAMN03859755,0.7657542966263526
SAMN31484049,SAMN03859756,0.448124191461837
SAMN31484049,SAMN03859757,0.5751485989244268
SAMN31484049,SAMN03859758,0.7550956412668548
SAMN31484049,SAMN03859759,0.49710678590215673
SAMN31484049,SAMN03859760,0.4861147844485586
SAMN31484049,SAMN03859761,0.4786928104575163
SAMN31484049,SAMN03859762,0.6028104387725839
SAMN31484049,SAMN03859763,0.49454351876497205
SAMN31484049,SAMN03859765,0.39317729083665337
SAMN31484049,SAMN03859766,0.4290744466800805
SAMN31484049,SAMN03859767,0.7407180116600184
SAMN31484049,SAMN03859769,0.5940651109190435
SAMN31484049,SAMN03859770,0.4650502966210988
SAMN31484049,SAMN03859774,0.5917496443812233
SAMN31484049,SAMN03859775,0.45893595041322316
SAMN31484049,SAMN03859776,0.5705417607223476
SAMN31484049,SAMN03859777,0.5650946060434905
SAMN31484049,SAMN03859778,0.45365602471678684
SAMN31484049,SAMN03859783,0.7678515256369928
SAMN31484049,SAMN03859784,0.4436052366565962
SAMN31484049,SAMN03859785,0.7440993788819876
SAMN31484049,SAMN03859786,0.7628324056895486
SAMN31484049,SAMN03859787,0.47099948213360954
SAMN31484049,SAMN03859789,0.4481778237270613
SAMN31484049,SAMN03859790,0.4890760726506976
SAMN31484049,SAMN03859792,0.48261215821608705
SAMN31484049,SAMN03859793,0.7475879240585123
SAMN31484049,SAMN03859794,0.4877659574468085
SAMN31484049,SAMN03859795,0.4826306019623442
SAMN31484049,SAMN03859796,0.7412737293325169
SAMN31484049,SAMN03859797,0.460853626603823
SAMN31484049,SAMN03859798,0.476995061086561
SAMN31484049,SAMN03859799,0.4594312548917297
SAMN31484049,SAMN03859800,0.738733252131547
SAMN31484049,SAMN03859801,0.4869082253372124
SAMN31484049,SAMN03859802,0.5859353023909986
SAMN31484049,SAMN03859803,0.47948448185165704
SAMN31484049,SAMN03859805,0.5852702324278913
SAMN31484049,SAMN03859806,0.45418745077448147
SAMN31484049,SAMN03859807,0.5916245081506464
SAMN31484049,SAMN03859808,0.5564583917063604
SAMN31484049,SAMN03859809,0.4634146341463415
SAMN31484049,SAMN03859813,0.4965462274176408
SAMN31484049,SAMN03859814,0.3923385077616425
SAMN31484049,SAMN03859815,0.4591097308488613
SAMN31484049,SAMN03859816,0.45841836734693875
SAMN31484049,SAMN03859817,0.5825867861142218
SAMN31484049,SAMN03859818,0.46682279469164717
SAMN31484049,SAMN03859819,0.4567149022594567
SAMN31484049,SAMN03859820,0.46396633350867966
SAMN31484049,SAMN03859821,0.45552631578947367
SAMN31484049,SAMN03859824,0.597651775486827
SAMN31484049,SAMN03859826,0.484508547008547
SAMN31484049,SAMN03859829,0.5618454571185961
SAMN31484049,SAMN03859830,0.5706198697990377
SAMN31484049,SAMN03859831,0.45006587615283267
SAMN31484049,SAMN03859833,0.4470770023177955
SAMN31484049,SAMN03859838,0.4787179487179487
SAMN31484049,SAMN03859839,0.5899260102447353
SAMN31484049,SAMN03859840,0.5880520951302378
SAMN31484049,SAMN04244164,0.4380036391993761
SAMN31484049,SAMN04244165,0.7417682926829269
SAMN31484049,SAMN04244166,0.5909736020437127
SAMN31484049,SAMN09847804,0.5825842696629213
SAMN31484049,SAMN09847805,0.5862359550561798
SAMN31484049,SAMN09847806,0.5934539190353144
SAMN31484049,SAMN09847807,0.6195276497695853
SAMN31484049,SAMN09847808,0.5895970277222063
SAMN31484049,SAMN09847809,0.5925398633257403
SAMN31484049,SAMN09847810,0.591529277998863
SAMN31484049,SAMN09847811,0.4860031104199067
SAMN31484049,SAMN09847812,0.4387047031611411
SAMN31484049,SAMN09847813,0.7716635041113219
SAMN31484049,SAMN09847814,0.48784313725490197
SAMN31484049,SAMN09847815,0.5881165272569945
SAMN31484049,SAMN09847816,0.7661290322580645
SAMN31484049,SAMN09847817,0.5988505747126437
SAMN31484049,SAMN09847818,0.7774274905422447
SAMN31484049,SAMN09847819,0.5860816098378983
SAMN31484049,SAMN09847820,0.5858021240916713
SAMN31484049,SAMN09847821,0.7490996398559424
SAMN31484049,SAMN09847822,0.5856384464934339
SAMN31484049,SAMN09847823,0.5850321139346552
SAMN31484049,SAMN09847824,0.5920069005175388
SAMN31484049,SAMN09847825,0.5880520951302378
SAMN31484049,SAMN09847826,0.5904090267983074
SAMN31484049,SAMN09847827,0.590293453724605
SAMN31484049,SAMN09847828,0.5901269393511989
SAMN31484049,SAMN09847829,0.590293453724605
SAMN31484049,SAMN09847830,0.5902425267907502
SAMN31484049,SAMN09847831,0.7562461913467398
SAMN31484049,SAMN09847832,0.5939115450890293
SAMN31484049,SAMN09847833,0.5801073749646792
SAMN31484049,SAMN09847834,0.5857063093243998
SAMN31484049,SAMN09847835,0.5902105862265224
SAMN31484049,SAMN09847836,0.5926031294452347
SAMN31484049,SAMN09847837,0.5884216589861752
SAMN31484049,SAMN09847838,0.5903071287686672
SAMN31484049,SAMN09847839,0.5903071287686672
SAMN31484049,SAMN09847840,0.5919864559819413
SAMN31484049,SAMN09847841,0.7684375
SAMN31484049,SAMN09847842,0.5792800219840616
SAMN31484049,SAMN09847843,0.5842632331902718
SAMN31484049,SAMN09847844,0.4758726899383984
SAMN31484049,SAMN09847845,0.5934566145092461
SAMN31484049,SAMN09847846,0.5932155074116305
SAMN31484049,SAMN09847847,0.5865438302624232
SAMN31484049,SAMN09847848,0.5919637804187889
SAMN31484049,SAMN09847849,0.5841055883178883
SAMN31484049,SAMN09847850,0.5726187170230491
SAMN31484049,SAMN09847851,0.584469802393543
SAMN31484049,SAMN09847852,0.594
SAMN31484049,SAMN09847853,0.5876750700280112
SAMN31484049,SAMN09847854,0.47605561277033986
SAMN31484049,SAMN09847855,0.7620806401969837
SAMN31484049,SAMN09847856,0.7572078907435509
SAMN31484049,SAMN09847857,0.4820779220779221
SAMN31484049,SAMN09847858,0.5916453537936914
SAMN31484049,SAMN09847859,0.7565429093122337
SAMN31484049,SAMN09847860,0.7757214554579673
SAMN31484049,SAMN09847861,0.7503768465480857
SAMN31484049,SAMN09847862,0.7558742752517547
SAMN31484049,SAMN09847863,0.7567980446073939
SAMN31484049,SAMN09847864,0.3836217401901048
SAMN31484049,SAMN09847865,0.7554132357426044
SAMN31484049,SAMN09847866,0.7698089570936424
SAMN31484049,SAMN09847867,0.7664279040797259
SAMN31484056,SAMN02649746,0.41337993010484275
SAMN31484056,SAMN02649748,0.4172539489671932
SAMN31484056,SAMN02649749,0.4209491025325793
SAMN31484056,SAMN02649750,0.42190915715326693
SAMN31484056,SAMN02649751,0.41160493827160494
SAMN31484056,SAMN02649752,0.4140990879960562
SAMN31484056,SAMN02649753,0.4147783251231527
SAMN31484056,SAMN02649754,0.4235148514851485
SAMN31484056,SAMN02649755,0.40019910403185666
SAMN31484056,SAMN02649756,0.42135248947238046
SAMN31484056,SAMN02649757,0.41236861403079933
SAMN31484056,SAMN02649758,0.41705693862459947
SAMN31484056,SAMN02649759,0.4150383378679199
SAMN31484056,SAMN02649760,0.4105911330049261
SAMN31484056,SAMN02649761,0.4072727272727273
SAMN31484056,SAMN02649762,0.4136839542244948
SAMN31484056,SAMN02649763,0.4551892551892552
SAMN31484056,SAMN02649764,0.42459627329192545
SAMN31484056,SAMN02649765,0.4203507038775006
SAMN31484056,SAMN02649766,0.41408380857922145
SAMN31484056,SAMN02649767,0.42217272952239543
SAMN31484056,SAMN02649769,0.4169325153374233
SAMN31484056,SAMN02649770,0.41063986271144887
SAMN31484056,SAMN02649771,0.42581936452339253
SAMN31484056,SAMN02649772,0.4213510848126233
SAMN31484056,SAMN02649773,0.4096115537848606
SAMN31484056,SAMN02649774,0.40522875816993464
SAMN31484056,SAMN02649775,0.41895200783545544
SAMN31484056,SAMN02649776,0.4261761761761762
SAMN31484056,SAMN02649777,0.4169364881693649
SAMN31484056,SAMN02649778,0.41314439286586857
SAMN31484056,SAMN02649779,0.4146341463414634
SAMN31484056,SAMN02649780,0.42803504380475593
SAMN31484056,SAMN02649781,0.42598561864616913
SAMN31484056,SAMN02649782,0.42754698318496537
SAMN31484056,SAMN02649783,0.42154682480850014
SAMN31484056,SAMN02649784,0.4186103609133317
SAMN31484056,SAMN02649785,0.42114384748700173
SAMN31484056,SAMN02649786,0.42154682480850014
SAMN31484056,SAMN02649787,0.42061143984220906
SAMN31484056,SAMN02649788,0.4202363367799114
SAMN31484056,SAMN02649789,0.41428919775664474
SAMN31484056,SAMN02649790,0.4131649259169298
SAMN31484056,SAMN02649791,0.7987326493663247
SAMN31484056,SAMN02649792,0.4033190847372391
SAMN31484056,SAMN02649793,0.4213440724893028
SAMN31484056,SAMN02649794,0.4222766217870257
SAMN31484056,SAMN02649795,0.422101895151366
SAMN31484056,SAMN02649796,0.4073291050035236
SAMN31484056,SAMN02649797,0.4186498300145702
SAMN31484056,SAMN02649798,0.41682974559686886
SAMN31484056,SAMN02649799,0.4187992125984252
SAMN31484056,SAMN02649800,0.42519880715705766
SAMN31484056,SAMN02649801,0.4184131736526946
SAMN31484056,SAMN02649802,0.4204433497536946
SAMN31484056,SAMN02649803,0.40455426356589147
SAMN31484056,SAMN02649804,0.4170940170940171
SAMN31484056,SAMN02649805,0.41749939068973924
SAMN31484056,SAMN02649806,0.41798810703667
SAMN31484056,SAMN02649807,0.41422594142259417
SAMN31484056,SAMN02649808,0.4221891288160834
SAMN31484056,SAMN02649809,0.4055333998005982
SAMN31484056,SAMN02649810,0.45311327831957987
SAMN31484056,SAMN02649811,0.4197926949654492
SAMN31484056,SAMN02649812,0.4199558715371415
SAMN31484056,SAMN02649813,0.4129958627403261
SAMN31484056,SAMN02649814,0.4139650872817955
SAMN31484056,SAMN02649815,0.423859126984127
SAMN31484056,SAMN03859721,0.41135095804026195
SAMN31484056,SAMN03859722,0.45316839182024743
SAMN31484056,SAMN03859723,0.40124688279301746
SAMN31484056,SAMN03859724,0.9115782449115782
SAMN31484056,SAMN03859727,0.41348973607038125
SAMN31484056,SAMN03859728,0.4097536450477627
SAMN31484056,SAMN03859729,0.42078708375378404
SAMN31484056,SAMN03859732,0.4559939301972686
SAMN31484056,SAMN03859735,0.936795353604373
SAMN31484056,SAMN03859736,0.4181002243829469
SAMN31484056,SAMN03859737,0.42376573088092934
SAMN31484056,SAMN03859738,0.4219252660232616
SAMN31484056,SAMN03859740,0.4123246492985972
SAMN31484056,SAMN03859741,0.407955124936257
SAMN31484056,SAMN03859743,0.8581235697940504
SAMN31484056,SAMN03859744,0.4039039039039039
SAMN31484056,SAMN03859745,0.41057424740703263
SAMN31484056,SAMN03859747,0.4045499505440158
SAMN31484056,SAMN03859748,0.42653787493645146
SAMN31484056,SAMN03859752,0.45
SAMN31484056,SAMN03859753,0.41289506953223765
SAMN31484056,SAMN03859755,0.40921752342365153
SAMN31484056,SAMN03859756,0.4350715746421268
SAMN31484056,SAMN03859757,0.39969909729187564
SAMN31484056,SAMN03859758,0.3961701069385725
SAMN31484056,SAMN03859759,0.4258241758241758
SAMN31484056,SAMN03859760,0.4282818043588444
SAMN31484056,SAMN03859761,0.9113881401617251
SAMN31484056,SAMN03859762,0.41137965760322254
SAMN31484056,SAMN03859763,0.4175685879687893
SAMN31484056,SAMN03859765,0.4287169042769857
SAMN31484056,SAMN03859766,0.460907459625737
SAMN31484056,SAMN03859767,0.4108604016860898
SAMN31484056,SAMN03859769,0.40720081135902636
SAMN31484056,SAMN03859770,0.8575154874470167
SAMN31484056,SAMN03859774,0.4089881998493598
SAMN31484056,SAMN03859775,0.4315310763011622
SAMN31484056,SAMN03859776,0.41091736163760423
SAMN31484056,SAMN03859777,0.40307925290257446
SAMN31484056,SAMN03859778,0.8518639633747548
SAMN31484056,SAMN03859783,0.41242796291656225
SAMN31484056,SAMN03859784,0.4249256689791873
SAMN31484056,SAMN03859785,0.4033383158943697
SAMN31484056,SAMN03859786,0.40976331360946744
SAMN31484056,SAMN03859787,0.43165829145728646
SAMN31484056,SAMN03859789,0.4336734693877551
SAMN31484056,SAMN03859790,0.8572831423895254
SAMN31484056,SAMN03859792,0.8512888301387971
SAMN31484056,SAMN03859793,0.40029835902536054
SAMN31484056,SAMN03859794,0.8647391159853772
SAMN31484056,SAMN03859795,0.8520475561426685
SAMN31484056,SAMN03859796,0.4108335394509028
SAMN31484056,SAMN03859797,0.4463685706901008
SAMN31484056,SAMN03859798,0.8612018288700196
SAMN31484056,SAMN03859799,0.44464469618949537
SAMN31484056,SAMN03859800,0.41267883571780956
SAMN31484056,SAMN03859801,0.861056105610561
SAMN31484056,SAMN03859802,0.407066434436427
SAMN31484056,SAMN03859803,0.862046204620462
SAMN31484056,SAMN03859805,0.40509774808215787
SAMN31484056,SAMN03859806,0.4412451361867704
SAMN31484056,SAMN03859807,0.4111801242236025
SAMN31484056,SAMN03859808,0.4035264483627204
SAMN31484056,SAMN03859809,0.5225923057061709
SAMN31484056,SAMN03859813,0.4228154117350793
SAMN31484056,SAMN03859814,0.4298897718533709
SAMN31484056,SAMN03859815,0.4433384379785605
SAMN31484056,SAMN03859816,0.43099575742450713
SAMN31484056,SAMN03859817,0.4010378057820608
SAMN31484056,SAMN03859818,0.44603580562659845
SAMN31484056,SAMN03859819,0.43659510733899154
SAMN31484056,SAMN03859820,0.4418904958677686
SAMN31484056,SAMN03859821,0.4361894900336526
SAMN31484056,SAMN03859824,0.4192239411615521
SAMN31484056,SAMN03859826,0.8930390492359932
SAMN31484056,SAMN03859829,0.41091001784348713
SAMN31484056,SAMN03859830,0.4044915468079738
SAMN31484056,SAMN03859831,0.7992177314211213
SAMN31484056,SAMN03859833,0.4253920080930703
SAMN31484056,SAMN03859838,0.959349593495935
SAMN31484056,SAMN03859839,0.41158690176322416
SAMN31484056,SAMN03859840,0.4157020634121792
SAMN31484056,SAMN04244164,0.5103429504627109
SAMN31484056,SAMN04244165,0.41726440761810535
SAMN31484056,SAMN04244166,0.4157642911105515
SAMN31484056,SAMN09847804,0.42918563480020233
SAMN31484056,SAMN09847805,0.4324734446130501
SAMN31484056,SAMN09847806,0.4104383075753737
SAMN31484056,SAMN09847807,0.4124718256949662
SAMN31484056,SAMN09847808,0.41851004322400204
SAMN31484056,SAMN09847809,0.4234965744734839
SAMN31484056,SAMN09847810,0.4015472922385825
SAMN31484056,SAMN09847811,0.9353752945136318
SAMN31484056,SAMN09847812,0.5065736517306144
SAMN31484056,SAMN09847813,0.41322937625754524
SAMN31484056,SAMN09847814,0.9109474389019083
SAMN31484056,SAMN09847815,0.4074923547400612
SAMN31484056,SAMN09847816,0.4199403281949279
SAMN31484056,SAMN09847817,0.4107684529828109
SAMN31484056,SAMN09847818,0.41198501872659177
SAMN31484056,SAMN09847819,0.41662518666002984
SAMN31484056,SAMN09847820,0.4167289021657954
SAMN31484056,SAMN09847821,0.41183574879227053
SAMN31484056,SAMN09847822,0.41662518666002984
SAMN31484056,SAMN09847823,0.4161691542288557
SAMN31484056,SAMN09847824,0.4139511201629328
SAMN31484056,SAMN09847825,0.414989939637827
SAMN31484056,SAMN09847826,0.4194277108433735
SAMN31484056,SAMN09847827,0.41928194828019083
SAMN31484056,SAMN09847828,0.41917670682730923
SAMN31484056,SAMN09847829,0.41963837267704673
SAMN31484056,SAMN09847830,0.41932245922208283
SAMN31484056,SAMN09847831,0.4179543782192789
SAMN31484056,SAMN09847832,0.414380081300813
SAMN31484056,SAMN09847833,0.40611682125846077
SAMN31484056,SAMN09847834,0.42460615153788445
SAMN31484056,SAMN09847835,0.42294998730642297
SAMN31484056,SAMN09847836,0.4233206590621039
SAMN31484056,SAMN09847837,0.4062023385866802
SAMN31484056,SAMN09847838,0.41844149336006015
SAMN31484056,SAMN09847839,0.41844149336006015
SAMN31484056,SAMN09847840,0.42221663734606685
SAMN31484056,SAMN09847841,0.41123818995524614
SAMN31484056,SAMN09847842,0.4169124877089479
SAMN31484056,SAMN09847843,0.40572007086813466
SAMN31484056,SAMN09847844,0.850176451716394
SAMN31484056,SAMN09847845,0.4240811153358682
SAMN31484056,SAMN09847846,0.4246505717916137
SAMN31484056,SAMN09847847,0.4264264264264264
SAMN31484056,SAMN09847848,0.40268456375838924
SAMN31484056,SAMN09847849,0.42987111448066717
SAMN31484056,SAMN09847850,0.4111801242236025
SAMN31484056,SAMN09847851,0.42216687422166876
SAMN31484056,SAMN09847852,0.4025062656641604
SAMN31484056,SAMN09847853,0.4162929745889387
SAMN31484056,SAMN09847854,0.8970636753546685
SAMN31484056,SAMN09847855,0.4142857142857143
SAMN31484056,SAMN09847856,0.41358325219084713
SAMN31484056,SAMN09847857,0.9327929753461668
SAMN31484056,SAMN09847858,0.4237202230106437
SAMN31484056,SAMN09847859,0.4164423782725716
SAMN31484056,SAMN09847860,0.41737393909136294
SAMN31484056,SAMN09847861,0.4185140073081608
SAMN31484056,SAMN09847862,0.4175878162613608
SAMN31484056,SAMN09847863,0.4179985247110893
SAMN31484056,SAMN09847864,0.4306532663316583
SAMN31484056,SAMN09847865,0.4170348551791851
SAMN31484056,SAMN09847866,0.4043607532210109
SAMN31484056,SAMN09847867,0.40573264146281196
SAMN31484055,SAMN02649746,0.40782262082710513
SAMN31484055,SAMN02649748,0.41802679658952496
SAMN31484055,SAMN02649749,0.42209072978303747
SAMN31484055,SAMN02649750,0.4127176015473888
SAMN31484055,SAMN02649751,0.41377601585728446
SAMN31484055,SAMN02649752,0.4120838471023428
SAMN31484055,SAMN02649753,0.413810110974106
SAMN31484055,SAMN02649754,0.4222001982160555
SAMN31484055,SAMN02649755,0.4009481037924152
SAMN31484055,SAMN02649756,0.42144452717795977
SAMN31484055,SAMN02649757,0.4120959843290891
SAMN31484055,SAMN02649758,0.4115621156211562
SAMN31484055,SAMN02649759,0.42216687422166876
SAMN31484055,SAMN02649760,0.4047677562054559
SAMN31484055,SAMN02649761,0.413515491583313
SAMN31484055,SAMN02649762,0.40792031098153547
SAMN31484055,SAMN02649763,0.4489646772228989
SAMN31484055,SAMN02649764,0.4264705882352941
SAMN31484055,SAMN02649765,0.4236111111111111
SAMN31484055,SAMN02649766,0.4190974819247071
SAMN31484055,SAMN02649767,0.422266303000248
SAMN31484055,SAMN02649769,0.4111165523996082
SAMN31484055,SAMN02649770,0.41244466305951794
SAMN31484055,SAMN02649771,0.4248496993987976
SAMN31484055,SAMN02649772,0.42214532871972316
SAMN31484055,SAMN02649773,0.41924139663401155
SAMN31484055,SAMN02649774,0.40665210002427776
SAMN31484055,SAMN02649775,0.4179946065212062
SAMN31484055,SAMN02649776,0.4248496993987976
SAMN31484055,SAMN02649777,0.4159600997506234
SAMN31484055,SAMN02649778,0.41564492398234426
SAMN31484055,SAMN02649779,0.4136655155402072
SAMN31484055,SAMN02649780,0.42278860569715143
SAMN31484055,SAMN02649781,0.42502482621648463
SAMN31484055,SAMN02649782,0.42061143984220906
SAMN31484055,SAMN02649783,0.42199108469539376
SAMN31484055,SAMN02649784,0.41939453605710064
SAMN31484055,SAMN02649785,0.42017848289538917
SAMN31484055,SAMN02649786,0.42199108469539376
SAMN31484055,SAMN02649787,0.422106824925816
SAMN31484055,SAMN02649788,0.42102665350444224
SAMN31484055,SAMN02649789,0.41471163245356796
SAMN31484055,SAMN02649790,0.4084404559786563
SAMN31484055,SAMN02649791,0.7782426778242678
SAMN31484055,SAMN02649792,0.40231621349446123
SAMN31484055,SAMN02649793,0.4164362905252576
SAMN31484055,SAMN02649794,0.4164631167562286
SAMN31484055,SAMN02649795,0.4200935730115735
SAMN31484055,SAMN02649796,0.4050751879699248
SAMN31484055,SAMN02649797,0.4125484496124031
SAMN31484055,SAMN02649798,0.41830225711481844
SAMN31484055,SAMN02649799,0.4213386021239812
SAMN31484055,SAMN02649800,0.4228187919463087
SAMN31484055,SAMN02649801,0.4160219615672573
SAMN31484055,SAMN02649802,0.41913214990138065
SAMN31484055,SAMN02649803,0.404952658412236
SAMN31484055,SAMN02649804,0.41821743388834476
SAMN31484055,SAMN02649805,0.41896846736739185
SAMN31484055,SAMN02649806,0.423728813559322
SAMN31484055,SAMN02649807,0.4122137404580153
SAMN31484055,SAMN02649808,0.42086956521739133
SAMN31484055,SAMN02649809,0.40034834535954217
SAMN31484055,SAMN02649810,0.44602343555223134
SAMN31484055,SAMN02649811,0.4223433242506812
SAMN31484055,SAMN02649812,0.41691176470588237
SAMN31484055,SAMN02649813,0.416177908113392
SAMN31484055,SAMN02649814,0.4098156452416542
SAMN31484055,SAMN02649815,0.4214835028528901
SAMN31484055,SAMN03859721,0.408
SAMN31484055,SAMN03859722,0.44564670357322594
SAMN31484055,SAMN03859723,0.4072772898368883
SAMN31484055,SAMN03859724,0.8965174129353234
SAMN31484055,SAMN03859727,0.40667641325536064
SAMN31484055,SAMN03859728,0.4176798378926038
SAMN31484055,SAMN03859729,0.4158690176322418
SAMN31484055,SAMN03859732,0.4543153631991901
SAMN31484055,SAMN03859735,0.9244897959183673
SAMN31484055,SAMN03859736,0.4146523797657613
SAMN31484055,SAMN03859737,0.4125571325475102
SAMN31484055,SAMN03859738,0.4199059173062639
SAMN31484055,SAMN03859740,0.4148855921548906
SAMN31484055,SAMN03859741,0.41307692307692306
SAMN31484055,SAMN03859743,0.8545276234063419
SAMN31484055,SAMN03859744,0.404666332162569
SAMN31484055,SAMN03859745,0.40636846095526913
SAMN31484055,SAMN03859747,0.3997530864197531
SAMN31484055,SAMN03859748,0.43028600612870277
SAMN31484055,SAMN03859752,0.4555320275277925
SAMN31484055,SAMN03859753,0.4062027231467474
SAMN31484055,SAMN03859755,0.4025252525252525
SAMN31484055,SAMN03859756,0.4337256908904811
SAMN31484055,SAMN03859757,0.4018621036738802
SAMN31484055,SAMN03859758,0.4028542814221332
SAMN31484055,SAMN03859759,0.42236645032451325
SAMN31484055,SAMN03859760,0.42332995951417
SAMN31484055,SAMN03859761,0.9006377979187646
SAMN31484055,SAMN03859762,0.4121655729429581
SAMN31484055,SAMN03859763,0.4137323943661972
SAMN31484055,SAMN03859765,0.4328472755180353
SAMN31484055,SAMN03859766,0.46296296296296297
SAMN31484055,SAMN03859767,0.4067376764924449
SAMN31484055,SAMN03859769,0.4061944656004062
SAMN31484055,SAMN03859770,0.8642622950819672
SAMN31484055,SAMN03859774,0.41154233870967744
SAMN31484055,SAMN03859775,0.43346007604562736
SAMN31484055,SAMN03859776,0.41063291139240504
SAMN31484055,SAMN03859777,0.40598073998986317
SAMN31484055,SAMN03859778,0.849476439790576
SAMN31484055,SAMN03859783,0.4029925187032419
SAMN31484055,SAMN03859784,0.4282159741229161
SAMN31484055,SAMN03859785,0.3981596617756777
SAMN31484055,SAMN03859786,0.4056650246305419
SAMN31484055,SAMN03859787,0.4263857536995235
SAMN31484055,SAMN03859789,0.4319632371713046
SAMN31484055,SAMN03859790,0.8542894564505567
SAMN31484055,SAMN03859792,0.8476536682088566
SAMN31484055,SAMN03859793,0.40279510856002
SAMN31484055,SAMN03859794,0.8610834164174144
SAMN31484055,SAMN03859795,0.8478045559590623
SAMN31484055,SAMN03859796,0.40985636453689944
SAMN31484055,SAMN03859797,0.45178060826618144
SAMN31484055,SAMN03859798,0.8600392413342054
SAMN31484055,SAMN03859799,0.4500258933195236
SAMN31484055,SAMN03859800,0.41485148514851483
SAMN31484055,SAMN03859801,0.8574257425742574
SAMN31484055,SAMN03859802,0.40783237715140935
SAMN31484055,SAMN03859803,0.8565776458951533
SAMN31484055,SAMN03859805,0.4058546266435128
SAMN31484055,SAMN03859806,0.4447628973423658
SAMN31484055,SAMN03859807,0.4101990049751244
SAMN31484055,SAMN03859808,0.4039383993940924
SAMN31484055,SAMN03859809,0.5170103092783506
SAMN31484055,SAMN03859813,0.4189733266230498
SAMN31484055,SAMN03859814,0.4252432155657962
SAMN31484055,SAMN03859815,0.4434782608695652
SAMN31484055,SAMN03859816,0.432540675844806
SAMN31484055,SAMN03859817,0.39728395061728394
SAMN31484055,SAMN03859818,0.44211602351137236
SAMN31484055,SAMN03859819,0.43779724655819774
SAMN31484055,SAMN03859820,0.43830665978316985
SAMN31484055,SAMN03859821,0.4385554689529748
SAMN31484055,SAMN03859824,0.4139240506329114
SAMN31484055,SAMN03859826,0.8893039049235993
SAMN31484055,SAMN03859829,0.41026295634414095
SAMN31484055,SAMN03859830,0.4034866093986862
SAMN31484055,SAMN03859831,0.797389885807504
SAMN31484055,SAMN03859833,0.4269406392694064
SAMN31484055,SAMN03859838,0.9346514745308311
SAMN31484055,SAMN03859839,0.4063364344983656
SAMN31484055,SAMN03859840,0.40974140095405476
SAMN31484055,SAMN04244164,0.5044824775876121
SAMN31484055,SAMN04244165,0.4131455399061033
SAMN31484055,SAMN04244166,0.4144189563902193
SAMN31484055,SAMN09847804,0.4235234729934377
SAMN31484055,SAMN09847805,0.4278858297549886
SAMN31484055,SAMN09847806,0.41374045801526715
SAMN31484055,SAMN09847807,0.41574446680080485
SAMN31484055,SAMN09847808,0.4222222222222222
SAMN31484055,SAMN09847809,0.41818642350557245
SAMN31484055,SAMN09847810,0.40230172629472105
SAMN31484055,SAMN09847811,0.9336253369272237
SAMN31484055,SAMN09847812,0.5056421278882322
SAMN31484055,SAMN09847813,0.405161613630669
SAMN31484055,SAMN09847814,0.8996332110703568
SAMN31484055,SAMN09847815,0.4093582204039887
SAMN31484055,SAMN09847816,0.41404118084842473
SAMN31484055,SAMN09847817,0.40550088316931615
SAMN31484055,SAMN09847818,0.4064291054074259
SAMN31484055,SAMN09847819,0.4152964623816642
SAMN31484055,SAMN09847820,0.41539995016197356
SAMN31484055,SAMN09847821,0.41020062847474015
SAMN31484055,SAMN09847822,0.4152964623816642
SAMN31484055,SAMN09847823,0.4148406374501992
SAMN31484055,SAMN09847824,0.4079248158496317
SAMN31484055,SAMN09847825,0.4207995951417004
SAMN31484055,SAMN09847826,0.4177342376287365
SAMN31484055,SAMN09847827,0.41758793969849245
SAMN31484055,SAMN09847828,0.41748304446119067
SAMN31484055,SAMN09847829,0.41794420708720786
SAMN31484055,SAMN09847830,0.4176293319939729
SAMN31484055,SAMN09847831,0.41317658584374234
SAMN31484055,SAMN09847832,0.40872210953346855
SAMN31484055,SAMN09847833,0.3995
SAMN31484055,SAMN09847834,0.42399198597545706
SAMN31484055,SAMN09847835,0.4187167131625666
SAMN31484055,SAMN09847836,0.41873417721518985
SAMN31484055,SAMN09847837,0.40734132041804744
SAMN31484055,SAMN09847838,0.4178168130489335
SAMN31484055,SAMN09847839,0.4178168130489335
SAMN31484055,SAMN09847840,0.4173149309912171
SAMN31484055,SAMN09847841,0.40500992063492064
SAMN31484055,SAMN09847842,0.4197926949654492
SAMN31484055,SAMN09847843,0.4072099517644072
SAMN31484055,SAMN09847844,0.8460551635663887
SAMN31484055,SAMN09847845,0.4180576631259484
SAMN31484055,SAMN09847846,0.4200507614213198
SAMN31484055,SAMN09847847,0.4254572788774743
SAMN31484055,SAMN09847848,0.4020413243714215
SAMN31484055,SAMN09847849,0.42529025744573445
SAMN31484055,SAMN09847850,0.4042605895466931
SAMN31484055,SAMN09847851,0.4166045239870743
SAMN31484055,SAMN09847852,0.40326633165829145
SAMN31484055,SAMN09847853,0.4192096048024012
SAMN31484055,SAMN09847854,0.8847290640394089
SAMN31484055,SAMN09847855,0.40845416564266407
SAMN31484055,SAMN09847856,0.41365853658536583
SAMN31484055,SAMN09847857,0.9219380888290714
SAMN31484055,SAMN09847858,0.4187753036437247
SAMN31484055,SAMN09847859,0.4165236577592547
SAMN31484055,SAMN09847860,0.41145703611457035
SAMN31484055,SAMN09847861,0.4113647401651287
SAMN31484055,SAMN09847862,0.41211081147340034
SAMN31484055,SAMN09847863,0.41251533742331287
SAMN31484055,SAMN09847864,0.43220766129032256
SAMN31484055,SAMN09847865,0.41121724222385503
SAMN31484055,SAMN09847866,0.4044190665342602
SAMN31484055,SAMN09847867,0.40370828182941904
SAMN31484057,SAMN02649746,0.410802775024777
SAMN31484057,SAMN02649748,0.4198547215496368
SAMN31484057,SAMN02649749,0.42321822189566494
SAMN31484057,SAMN02649750,0.417288706958825
SAMN31484057,SAMN02649751,0.41392031480570585
SAMN31484057,SAMN02649752,0.41258570029382957
SAMN31484057,SAMN02649753,0.41429970617042117
SAMN31484057,SAMN02649754,0.4240334892883526
SAMN31484057,SAMN02649755,0.3977272727272727
SAMN31484057,SAMN02649756,0.42328564380858413
SAMN31484057,SAMN02649757,0.41293774319066145
SAMN31484057,SAMN02649758,0.4141389432485323
SAMN31484057,SAMN02649759,0.415948806300763
SAMN31484057,SAMN02649760,0.4080684596577017
SAMN31484057,SAMN02649761,0.4092225977788508
SAMN31484057,SAMN02649762,0.4108264862252296
SAMN31484057,SAMN02649763,0.45236363636363636
SAMN31484057,SAMN02649764,0.4286422200198216
SAMN31484057,SAMN02649765,0.4247351564424735
SAMN31484057,SAMN02649766,0.4209613478691774
SAMN31484057,SAMN02649767,0.42374969204237495
SAMN31484057,SAMN02649769,0.41402825133950316
SAMN31484057,SAMN02649770,0.4146699266503667
SAMN31484057,SAMN02649771,0.42633150821304133
SAMN31484057,SAMN02649772,0.42362475442043224
SAMN31484057,SAMN02649773,0.4126550868486352
SAMN31484057,SAMN02649774,0.40820265379975873
SAMN31484057,SAMN02649775,0.4205265724037055
SAMN31484057,SAMN02649776,0.4266865820263879
SAMN31484057,SAMN02649777,0.4178438661710037
SAMN31484057,SAMN02649778,0.4171539961013645
SAMN31484057,SAMN02649779,0.414156257653686
SAMN31484057,SAMN02649780,0.42498758072528564
SAMN31484057,SAMN02649781,0.42684431285467556
SAMN31484057,SAMN02649782,0.4224454790492526
SAMN31484057,SAMN02649783,0.42382476002953484
SAMN31484057,SAMN02649784,0.42158062148275016
SAMN31484057,SAMN02649785,0.42342786683107275
SAMN31484057,SAMN02649786,0.42382476002953484
SAMN31484057,SAMN02649787,0.42428711897738447
SAMN31484057,SAMN02649788,0.42390770741286204
SAMN31484057,SAMN02649789,0.41656546028661645
SAMN31484057,SAMN02649790,0.41133896260554886
SAMN31484057,SAMN02649791,0.7815101070154578
SAMN31484057,SAMN02649792,0.4004491017964072
SAMN31484057,SAMN02649793,0.41833166833166835
SAMN31484057,SAMN02649794,0.42106543420092435
SAMN31484057,SAMN02649795,0.4226248775710088
SAMN31484057,SAMN02649796,0.40987827715355807
SAMN31484057,SAMN02649797,0.41576283441793205
SAMN31484057,SAMN02649798,0.4191033138401559
SAMN31484057,SAMN02649799,0.4217753800882786
SAMN31484057,SAMN02649800,0.42535837864557585
SAMN31484057,SAMN02649801,0.41861042183622826
SAMN31484057,SAMN02649802,0.4209752511639304
SAMN31484057,SAMN02649803,0.40651387213510254
SAMN31484057,SAMN02649804,0.4193626854779859
SAMN31484057,SAMN02649805,0.42010684798445846
SAMN31484057,SAMN02649806,0.4185358639388711
SAMN31484057,SAMN02649807,0.41271393643031784
SAMN31484057,SAMN02649808,0.42271604938271606
SAMN31484057,SAMN02649809,0.40371287128712874
SAMN31484057,SAMN02649810,0.4509560466848771
SAMN31484057,SAMN02649811,0.4241752831117676
SAMN31484057,SAMN02649812,0.4201414289197757
SAMN31484057,SAMN02649813,0.4176784847013113
SAMN31484057,SAMN02649814,0.41138613861386136
SAMN31484057,SAMN02649815,0.42402565367538236
SAMN31484057,SAMN03859721,0.41192084942084944
SAMN31484057,SAMN03859722,0.4480860645484113
SAMN31484057,SAMN03859723,0.40712151394422313
SAMN31484057,SAMN03859724,0.899439498846027
SAMN31484057,SAMN03859727,0.413022351797862
SAMN31484057,SAMN03859728,0.41282565130260523
SAMN31484057,SAMN03859729,0.41777221526908637
SAMN31484057,SAMN03859732,0.4541572469228837
SAMN31484057,SAMN03859735,0.9286197564276049
SAMN31484057,SAMN03859736,0.41549121504578074
SAMN31484057,SAMN03859737,0.4184652278177458
SAMN31484057,SAMN03859738,0.4231527093596059
SAMN31484057,SAMN03859740,0.40974639482844355
SAMN31484057,SAMN03859741,0.40678824721377915
SAMN31484057,SAMN03859743,0.8552418046088932
SAMN31484057,SAMN03859744,0.40139095876800795
SAMN31484057,SAMN03859745,0.399900149775337
SAMN31484057,SAMN03859747,0.40171779141104297
SAMN31484057,SAMN03859748,0.42417360585415087
SAMN31484057,SAMN03859752,0.44737529381039437
SAMN31484057,SAMN03859753,0.4099347717009533
SAMN31484057,SAMN03859755,0.4062814070351759
SAMN31484057,SAMN03859756,0.4340868681737364
SAMN31484057,SAMN03859757,0.4017478152309613
SAMN31484057,SAMN03859758,0.39787076008913097
SAMN31484057,SAMN03859759,0.4252730883813307
SAMN31484057,SAMN03859760,0.4251948705054061
SAMN31484057,SAMN03859761,0.9054776219104876
SAMN31484057,SAMN03859762,0.4091477130717321
SAMN31484057,SAMN03859763,0.4149387959030727
SAMN31484057,SAMN03859765,0.4317605276509386
SAMN31484057,SAMN03859766,0.46385696040868457
SAMN31484057,SAMN03859767,0.4090125584831322
SAMN31484057,SAMN03859769,0.4042767295597484
SAMN31484057,SAMN03859770,0.8600649350649351
SAMN31484057,SAMN03859774,0.40818363273453095
SAMN31484057,SAMN03859775,0.43022088353413657
SAMN31484057,SAMN03859776,0.4093875502008032
SAMN31484057,SAMN03859777,0.4012531328320802
SAMN31484057,SAMN03859778,0.8454309786130914
SAMN31484057,SAMN03859783,0.4109009457441513
SAMN31484057,SAMN03859784,0.4226322263222632
SAMN31484057,SAMN03859785,0.4057071960297767
SAMN31484057,SAMN03859786,0.41312361759646105
SAMN31484057,SAMN03859787,0.4296407185628742
SAMN31484057,SAMN03859789,0.4326996197718631
SAMN31484057,SAMN03859790,0.8550065019505851
SAMN31484057,SAMN03859792,0.846002621231979
SAMN31484057,SAMN03859793,0.40336967294350845
SAMN31484057,SAMN03859794,0.8593080724876442
SAMN31484057,SAMN03859795,0.8461538461538461
SAMN31484057,SAMN03859796,0.41002949852507375
SAMN31484057,SAMN03859797,0.44344703770197486
SAMN31484057,SAMN03859798,0.857096565132858
SAMN31484057,SAMN03859799,0.441747572815534
SAMN31484057,SAMN03859800,0.41672816728167283
SAMN31484057,SAMN03859801,0.8556937172774869
SAMN31484057,SAMN03859802,0.40454433193381084
SAMN31484057,SAMN03859803,0.855461085676913
SAMN31484057,SAMN03859805,0.40260378285433557
SAMN31484057,SAMN03859806,0.43761255466941085
SAMN31484057,SAMN03859807,0.41106719367588934
SAMN31484057,SAMN03859808,0.4020515386539905
SAMN31484057,SAMN03859809,0.5202564102564102
SAMN31484057,SAMN03859813,0.42014496375906024
SAMN31484057,SAMN03859814,0.42748091603053434
SAMN31484057,SAMN03859815,0.4401114206128134
SAMN31484057,SAMN03859816,0.4297049342920903
SAMN31484057,SAMN03859817,0.4023610427939006
SAMN31484057,SAMN03859818,0.4424150177574835
SAMN31484057,SAMN03859819,0.4374068554396423
SAMN31484057,SAMN03859820,0.4371640644996161
SAMN31484057,SAMN03859821,0.4315033350436121
SAMN31484057,SAMN03859824,0.4154929577464789
SAMN31484057,SAMN03859826,0.8847058823529412
SAMN31484057,SAMN03859829,0.40936708860759496
SAMN31484057,SAMN03859830,0.4030075187969925
SAMN31484057,SAMN03859831,0.7932816537467701
SAMN31484057,SAMN03859833,0.42412060301507537
SAMN31484057,SAMN03859838,0.9373750832778148
SAMN31484057,SAMN03859839,0.4086478380404899
SAMN31484057,SAMN03859840,0.41273408239700377
SAMN31484057,SAMN04244164,0.5067494600431965
SAMN31484057,SAMN04244165,0.40742550073277967
SAMN31484057,SAMN04244166,0.4127936031984008
SAMN31484057,SAMN09847804,0.42645582329317266
SAMN31484057,SAMN09847805,0.42936010037641154
SAMN31484057,SAMN09847806,0.4064305450891736
SAMN31484057,SAMN09847807,0.4105943795075852
SAMN31484057,SAMN09847808,0.415489404641776
SAMN31484057,SAMN09847809,0.4204431017119839
SAMN31484057,SAMN09847810,0.3990587069606143
SAMN31484057,SAMN09847811,0.9376675603217158
SAMN31484057,SAMN09847812,0.5082799145299145
SAMN31484057,SAMN09847813,0.4102820064886449
SAMN31484057,SAMN09847814,0.9044459190444591
SAMN31484057,SAMN09847815,0.404551201011378
SAMN31484057,SAMN09847816,0.41732477788746297
SAMN31484057,SAMN09847817,0.4078254326561324
SAMN31484057,SAMN09847818,0.4090683845391477
SAMN31484057,SAMN09847819,0.41718247090864075
SAMN31484057,SAMN09847820,0.41728578504210007
SAMN31484057,SAMN09847821,0.41410009624639077
SAMN31484057,SAMN09847822,0.41718247090864075
SAMN31484057,SAMN09847823,0.41672853254145015
SAMN31484057,SAMN09847824,0.4109623642333923
SAMN31484057,SAMN09847825,0.4159159159159159
SAMN31484057,SAMN09847826,0.42032967032967034
SAMN31484057,SAMN09847827,0.42018486135398453
SAMN31484057,SAMN09847828,0.42007992007992007
SAMN31484057,SAMN09847829,0.4205397301349325
SAMN31484057,SAMN09847830,0.4202247191011236
SAMN31484057,SAMN09847831,0.41469944025310296
SAMN31484057,SAMN09847832,0.4113940005041593
SAMN31484057,SAMN09847833,0.40358298084100525
SAMN31484057,SAMN09847834,0.4258337481333997
SAMN31484057,SAMN09847835,0.4198992443324937
SAMN31484057,SAMN09847836,0.42027162977867205
SAMN31484057,SAMN09847837,0.4022177419354839
SAMN31484057,SAMN09847838,0.41970074812967584
SAMN31484057,SAMN09847839,0.41970074812967584
SAMN31484057,SAMN09847840,0.41920199501246885
SAMN31484057,SAMN09847841,0.4083395016037503
SAMN31484057,SAMN09847842,0.4216335540838852
SAMN31484057,SAMN09847843,0.40281265695630336
SAMN31484057,SAMN09847844,0.843879173290938
SAMN31484057,SAMN09847845,0.4199547625031415
SAMN31484057,SAMN09847846,0.421583459404942
SAMN31484057,SAMN09847847,0.42800199302441455
SAMN31484057,SAMN09847848,0.401580637194369
SAMN31484057,SAMN09847849,0.4271381991472285
SAMN31484057,SAMN09847850,0.40828402366863903
SAMN31484057,SAMN09847851,0.4202325006183527
SAMN31484057,SAMN09847852,0.4
SAMN31484057,SAMN09847853,0.4210787969177231
SAMN31484057,SAMN09847854,0.8815489749430524
SAMN31484057,SAMN09847855,0.4113908579809338
SAMN31484057,SAMN09847856,0.4165453663270257
SAMN31484057,SAMN09847857,0.9260374832663989
SAMN31484057,SAMN09847858,0.4206688458637164
SAMN31484057,SAMN09847859,0.4194099000243843
SAMN31484057,SAMN09847860,0.41441664602427547
SAMN31484057,SAMN09847861,0.41527677060671986
SAMN31484057,SAMN09847862,0.41467576791808874
SAMN31484057,SAMN09847863,0.4150805270863836
SAMN31484057,SAMN09847864,0.4307846076961519
SAMN31484057,SAMN09847865,0.41412911084043846
SAMN31484057,SAMN09847866,0.4067127344521224
SAMN31484057,SAMN09847867,0.4070339399901623
SAMN31484058,SAMN02649746,0.4116186693147964
SAMN31484058,SAMN02649748,0.42066957787481807
SAMN31484058,SAMN02649749,0.4240490797546012
SAMN31484058,SAMN02649750,0.4180940892641737
SAMN31484058,SAMN02649751,0.41473632331197635
SAMN31484058,SAMN02649752,0.4133954857703631
SAMN31484058,SAMN02649753,0.4151128557409225
SAMN31484058,SAMN02649754,0.42487046632124353
SAMN31484058,SAMN02649755,0.39851485148514854
SAMN31484058,SAMN02649756,0.4241225902125556
SAMN31484058,SAMN02649757,0.4137426900584795
SAMN31484058,SAMN02649758,0.4149509803921569
SAMN31484058,SAMN02649759,0.41676942046855736
SAMN31484058,SAMN02649760,0.4088682018618324
SAMN31484058,SAMN02649761,0.41001451378809867
SAMN31484058,SAMN02649762,0.4116222760290557
SAMN31484058,SAMN02649763,0.45324265241680833
SAMN31484058,SAMN02649764,0.429493545183714
SAMN31484058,SAMN02649765,0.42557393236237967
SAMN31484058,SAMN02649766,0.4217974180734856
SAMN31484058,SAMN02649767,0.4245865218464577
SAMN31484058,SAMN02649769,0.4148365056124939
SAMN31484058,SAMN02649770,0.41548260656540914
SAMN31484058,SAMN02649771,0.42718204488778055
SAMN31484058,SAMN02649772,0.42445866141732286
SAMN31484058,SAMN02649773,0.41347588264545004
SAMN31484058,SAMN02649774,0.40899202320522116
SAMN31484058,SAMN02649775,0.42134831460674155
SAMN31484058,SAMN02649776,0.4275380394113245
SAMN31484058,SAMN02649777,0.4186739508318848
SAMN31484058,SAMN02649778,0.41796875
SAMN31484058,SAMN02649779,0.41496932515337426
SAMN31484058,SAMN02649780,0.4258337481333997
SAMN31484058,SAMN02649781,0.4276885043263288
SAMN31484058,SAMN02649782,0.4232752271053278
SAMN31484058,SAMN02649783,0.4246609124537608
SAMN31484058,SAMN02649784,0.42240745280706055
SAMN31484058,SAMN02649785,0.42426488757104025
SAMN31484058,SAMN02649786,0.4246609124537608
SAMN31484058,SAMN02649787,0.42512315270935963
SAMN31484058,SAMN02649788,0.4247417609444171
SAMN31484058,SAMN02649789,0.41737649063032367
SAMN31484058,SAMN02649790,0.41213439690597053
SAMN31484058,SAMN02649791,0.783373063170441
SAMN31484058,SAMN02649792,0.40125
SAMN31484058,SAMN02649793,0.4191691691691692
SAMN31484058,SAMN02649794,0.42188642456738973
SAMN31484058,SAMN02649795,0.4234543670264966
SAMN31484058,SAMN02649796,0.4106472795497186
SAMN31484058,SAMN02649797,0.4165660468485873
SAMN31484058,SAMN02649798,0.419921875
SAMN31484058,SAMN02649799,0.4226044226044226
SAMN31484058,SAMN02649800,0.42620108964834075
SAMN31484058,SAMN02649801,0.4194430631526604
SAMN31484058,SAMN02649802,0.4218021114657501
SAMN31484058,SAMN02649803,0.4072999758278946
SAMN31484058,SAMN02649804,0.4201803558371923
SAMN31484058,SAMN02649805,0.4209245742092457
SAMN31484058,SAMN02649806,0.41936280563102
SAMN31484058,SAMN02649807,0.41352278294953454
SAMN31484058,SAMN02649808,0.4235526966848095
SAMN31484058,SAMN02649809,0.4045138888888889
SAMN31484058,SAMN02649810,0.4518536949489923
SAMN31484058,SAMN02649811,0.42501233349777995
SAMN31484058,SAMN02649812,0.42096261910579036
SAMN31484058,SAMN02649813,0.41849148418491483
SAMN31484058,SAMN02649814,0.41220238095238093
SAMN31484058,SAMN02649815,0.42486406327236775
SAMN31484058,SAMN03859721,0.4127176015473888
SAMN31484058,SAMN03859722,0.44898470794685386
SAMN31484058,SAMN03859723,0.40793413173652693
SAMN31484058,SAMN03859724,0.9018181818181819
SAMN31484058,SAMN03859727,0.41382667964946446
SAMN31484058,SAMN03859728,0.41365461847389556
SAMN31484058,SAMN03859729,0.41861048407323803
SAMN31484058,SAMN03859732,0.45507173420588976
SAMN31484058,SAMN03859735,0.9311397557666214
SAMN31484058,SAMN03859736,0.41631539796677414
SAMN31484058,SAMN03859737,0.41926958193176356
SAMN31484058,SAMN03859738,0.42398815399802564
SAMN31484058,SAMN03859740,0.4105630293971101
SAMN31484058,SAMN03859741,0.40761421319796953
SAMN31484058,SAMN03859743,0.8574682720468597
SAMN31484058,SAMN03859744,0.4021901443504231
SAMN31484058,SAMN03859745,0.40070035017508754
SAMN31484058,SAMN03859747,0.4025079911482665
SAMN31484058,SAMN03859748,0.425031605562579
SAMN31484058,SAMN03859752,0.4483119602198377
SAMN31484058,SAMN03859753,0.4107591754650578
SAMN31484058,SAMN03859755,0.4070996978851964
SAMN31484058,SAMN03859756,0.4349707304657674
SAMN31484058,SAMN03859757,0.4025519139354516
SAMN31484058,SAMN03859758,0.39866038203919624
SAMN31484058,SAMN03859759,0.4261194029850746
SAMN31484058,SAMN03859760,0.42605190224237843
SAMN31484058,SAMN03859761,0.9079035498995311
SAMN31484058,SAMN03859762,0.40996744302529425
SAMN31484058,SAMN03859763,0.4157697121401752
SAMN31484058,SAMN03859765,0.43263853584138284
SAMN31484058,SAMN03859766,0.4648067571026363
SAMN31484058,SAMN03859767,0.40981988650382434
SAMN31484058,SAMN03859769,0.40509200907486764
SAMN31484058,SAMN03859770,0.8623046875
SAMN31484058,SAMN03859774,0.409
SAMN31484058,SAMN03859775,0.43108651911468815
SAMN31484058,SAMN03859776,0.4102112676056338
SAMN31484058,SAMN03859777,0.4020592667001507
SAMN31484058,SAMN03859778,0.8476283300844705
SAMN31484058,SAMN03859783,0.4117206982543641
SAMN31484058,SAMN03859784,0.4234656149864432
SAMN31484058,SAMN03859785,0.4065141720537046
SAMN31484058,SAMN03859786,0.41393745382910613
SAMN31484058,SAMN03859787,0.4305
SAMN31484058,SAMN03859789,0.4335788671577343
SAMN31484058,SAMN03859790,0.8572359843546284
SAMN31484058,SAMN03859792,0.8482260183968463
SAMN31484058,SAMN03859793,0.4041708043694141
SAMN31484058,SAMN03859794,0.861579121242154
SAMN31484058,SAMN03859795,0.8483754512635379
SAMN31484058,SAMN03859796,0.41083743842364534
SAMN31484058,SAMN03859797,0.4443587766640966
SAMN31484058,SAMN03859798,0.859324236517219
SAMN31484058,SAMN03859799,0.44265232974910396
SAMN31484058,SAMN03859800,0.4175499137293567
SAMN31484058,SAMN03859801,0.8579396325459318
SAMN31484058,SAMN03859802,0.4053452115812918
SAMN31484058,SAMN03859803,0.8577049180327869
SAMN31484058,SAMN03859805,0.40339650504553287
SAMN31484058,SAMN03859806,0.4385150812064965
SAMN31484058,SAMN03859807,0.41188118811881186
SAMN31484058,SAMN03859808,0.40285785911255956
SAMN31484058,SAMN03859809,0.5213257965056526
SAMN31484058,SAMN03859813,0.42098672677185073
SAMN31484058,SAMN03859814,0.42835288118306986
SAMN31484058,SAMN03859815,0.44100482111139305
SAMN31484058,SAMN03859816,0.43055900621118015
SAMN31484058,SAMN03859817,0.4031542631838344
SAMN31484058,SAMN03859818,0.4433146924250127
SAMN31484058,SAMN03859819,0.43827775012444004
SAMN31484058,SAMN03859820,0.4380610412926391
SAMN31484058,SAMN03859821,0.43239074550128537
SAMN31484058,SAMN03859824,0.4163306451612903
SAMN31484058,SAMN03859826,0.8870913380519043
SAMN31484058,SAMN03859829,0.4101978691019787
SAMN31484058,SAMN03859830,0.4038171772978403
SAMN31484058,SAMN03859831,0.7953367875647669
SAMN31484058,SAMN03859833,0.42497482376636453
SAMN31484058,SAMN03859838,0.9398797595190381
SAMN31484058,SAMN03859839,0.4094665664913599
SAMN31484058,SAMN03859840,0.4135601701275957
SAMN31484058,SAMN04244164,0.5078463203463204
SAMN31484058,SAMN04244165,0.40822320117474303
SAMN31484058,SAMN04244166,0.41362043064596893
SAMN31484058,SAMN09847804,0.4273138832997988
SAMN31484058,SAMN09847805,0.43022378677395023
SAMN31484058,SAMN09847806,0.40724893027938586
SAMN31484058,SAMN09847807,0.4114129080488413
SAMN31484058,SAMN09847808,0.41632962588473205
SAMN31484058,SAMN09847809,0.42129162462159436
SAMN31484058,SAMN09847810,0.39985107967237526
SAMN31484058,SAMN09847811,0.9401881720430108
SAMN31484058,SAMN09847812,0.5093683083511777
SAMN31484058,SAMN09847813,0.4111027756939235
SAMN31484058,SAMN09847814,0.9068529607451763
SAMN31484058,SAMN09847815,0.40537116797567774
SAMN31484058,SAMN09847816,0.41815034619188923
SAMN31484058,SAMN09847817,0.4086453882885147
SAMN31484058,SAMN09847818,0.4098808341608739
SAMN31484058,SAMN09847819,0.41801041925080623
SAMN31484058,SAMN09847820,0.41811414392059554
SAMN31484058,SAMN09847821,0.4148987463837994
SAMN31484058,SAMN09847822,0.41801041925080623
SAMN31484058,SAMN09847823,0.41755516984874785
SAMN31484058,SAMN09847824,0.4117944824095166
SAMN31484058,SAMN09847825,0.41675025075225675
SAMN31484058,SAMN09847826,0.42117117117117114
SAMN31484058,SAMN09847827,0.42102628285356697
SAMN31484058,SAMN09847828,0.4209209209209209
SAMN31484058,SAMN09847829,0.4213820731096645
SAMN31484058,SAMN09847830,0.42106579934951216
SAMN31484058,SAMN09847831,0.415508412582297
SAMN31484058,SAMN09847832,0.4122253094215711
SAMN31484058,SAMN09847833,0.4043879331837447
SAMN31484058,SAMN09847834,0.42668329177057357
SAMN31484058,SAMN09847835,0.42074709742554267
SAMN31484058,SAMN09847836,0.42111895161290325
SAMN31484058,SAMN09847837,0.403030303030303
SAMN31484058,SAMN09847838,0.4205397301349325
SAMN31484058,SAMN09847839,0.4205397301349325
SAMN31484058,SAMN09847840,0.420039980009995
SAMN31484058,SAMN09847841,0.40914709517923364
SAMN31484058,SAMN09847842,0.42246252150405506
SAMN31484058,SAMN09847843,0.40362355309511827
SAMN31484058,SAMN09847844,0.8460312400382531
SAMN31484058,SAMN09847845,0.4208008058423571
SAMN31484058,SAMN09847846,0.4224355735219808
SAMN31484058,SAMN09847847,0.4288567149276086
SAMN31484058,SAMN09847848,0.4023756495916852
SAMN31484058,SAMN09847849,0.4279969841668761
SAMN31484058,SAMN09847850,0.4090909090909091
SAMN31484058,SAMN09847851,0.4210656753407683
SAMN31484058,SAMN09847852,0.40079760717846463
SAMN31484058,SAMN09847853,0.42191780821917807
SAMN31484058,SAMN09847854,0.8838499184339315
SAMN31484058,SAMN09847855,0.41219691403379866
SAMN31484058,SAMN09847856,0.41735537190082644
SAMN31484058,SAMN09847857,0.9285234899328859
SAMN31484058,SAMN09847858,0.42151675485008816
SAMN31484058,SAMN09847859,0.4202296603957977
SAMN31484058,SAMN09847860,0.4152395135269298
SAMN31484058,SAMN09847861,0.41608137563574715
SAMN31484058,SAMN09847862,0.415486077186126
SAMN31484058,SAMN09847863,0.4158924205378973
SAMN31484058,SAMN09847864,0.43164747120681024
SAMN31484058,SAMN09847865,0.4149377593360996
SAMN31484058,SAMN09847866,0.4075173095944609
SAMN31484058,SAMN09847867,0.40783637259733857
SAMN31484059,SAMN02649746,0.41526908635794746
SAMN31484059,SAMN02649748,0.4225696140693698
SAMN31484059,SAMN02649749,0.4277585353785255
SAMN31484059,SAMN02649750,0.4168686379059622
SAMN31484059,SAMN02649751,0.4155715348375899
SAMN31484059,SAMN02649752,0.41596638655462187
SAMN31484059,SAMN02649753,0.41804697156983933
SAMN31484059,SAMN02649754,0.42789656887120836
SAMN31484059,SAMN02649755,0.4048512128032008
SAMN31484059,SAMN02649756,0.4257277929833292
SAMN31484059,SAMN02649757,0.41595092024539876
SAMN31484059,SAMN02649758,0.4189322787938705
SAMN31484059,SAMN02649759,0.4207908480477493
SAMN31484059,SAMN02649760,0.4124475179056557
SAMN31484059,SAMN02649761,0.4101191924106057
SAMN31484059,SAMN02649762,0.41552734375
SAMN31484059,SAMN02649763,0.4582210242587601
SAMN31484059,SAMN02649764,0.43042717961528854
SAMN31484059,SAMN02649765,0.42683229813664597
SAMN31484059,SAMN02649766,0.4187842551071251
SAMN31484059,SAMN02649767,0.42796715600895746
SAMN31484059,SAMN02649769,0.4187992125984252
SAMN31484059,SAMN02649770,0.4159684573681617
SAMN31484059,SAMN02649771,0.43025885900980143
SAMN31484059,SAMN02649772,0.42711948438274666
SAMN31484059,SAMN02649773,0.4136034008502126
SAMN31484059,SAMN02649774,0.41218026796589524
SAMN31484059,SAMN02649775,0.4260719566288812
SAMN31484059,SAMN02649776,0.4306184012066365
SAMN31484059,SAMN02649777,0.4213159869902427
SAMN31484059,SAMN02649778,0.4160333415052709
SAMN31484059,SAMN02649779,0.4179030662710188
SAMN31484059,SAMN02649780,0.4314070351758794
SAMN31484059,SAMN02649781,0.43395755305867667
SAMN31484059,SAMN02649782,0.42592134553549343
SAMN31484059,SAMN02649783,0.42662031288800595
SAMN31484059,SAMN02649784,0.42539525691699603
SAMN31484059,SAMN02649785,0.42622542921124656
SAMN31484059,SAMN02649786,0.426266137040715
SAMN31484059,SAMN02649787,0.4263758056519584
SAMN31484059,SAMN02649788,0.42669638434868745
SAMN31484059,SAMN02649789,0.4199558715371415
SAMN31484059,SAMN02649790,0.4170731707317073
SAMN31484059,SAMN02649791,0.7882246920997297
SAMN31484059,SAMN02649792,0.4059031281533804
SAMN31484059,SAMN02649793,0.4250694970937579
SAMN31484059,SAMN02649794,0.4189288334556126
SAMN31484059,SAMN02649795,0.42715805095226317
SAMN31484059,SAMN02649796,0.4104196133899104
SAMN31484059,SAMN02649797,0.4205015826637448
SAMN31484059,SAMN02649798,0.4228782287822878
SAMN31484059,SAMN02649799,0.4248948280128681
SAMN31484059,SAMN02649800,0.4313921519620095
SAMN31484059,SAMN02649801,0.4245922208281054
SAMN31484059,SAMN02649802,0.4247897080653142
SAMN31484059,SAMN02649803,0.40499878670225675
SAMN31484059,SAMN02649804,0.4224349533627884
SAMN31484059,SAMN02649805,0.4224834680382072
SAMN31484059,SAMN02649806,0.42058165548098436
SAMN31484059,SAMN02649807,0.41609081934846986
SAMN31484059,SAMN02649808,0.42622133599202394
SAMN31484059,SAMN02649809,0.4091591591591592
SAMN31484059,SAMN02649810,0.4522022022022022
SAMN31484059,SAMN02649811,0.42414476945959345
SAMN31484059,SAMN02649812,0.42078113485630064
SAMN31484059,SAMN02649813,0.4207302131830434
SAMN31484059,SAMN02649814,0.416208104052026
SAMN31484059,SAMN02649815,0.4300324270391619
SAMN31484059,SAMN03859721,0.408044584443906
SAMN31484059,SAMN03859722,0.45151515151515154
SAMN31484059,SAMN03859723,0.405561122244489
SAMN31484059,SAMN03859724,0.9159410582719357
SAMN31484059,SAMN03859727,0.41951339395428855
SAMN31484059,SAMN03859728,0.4134275618374558
SAMN31484059,SAMN03859729,0.42451874366767983
SAMN31484059,SAMN03859732,0.4609911054637865
SAMN31484059,SAMN03859735,0.9500516706854978
SAMN31484059,SAMN03859736,0.4203550887721931
SAMN31484059,SAMN03859737,0.4211417513304306
SAMN31484059,SAMN03859738,0.42523596621957277
SAMN31484059,SAMN03859740,0.41563992959517226
SAMN31484059,SAMN03859741,0.4109518935516888
SAMN31484059,SAMN03859743,0.8664912857612628
SAMN31484059,SAMN03859744,0.40824534942182
SAMN31484059,SAMN03859745,0.40606060606060607
SAMN31484059,SAMN03859747,0.40884252359662193
SAMN31484059,SAMN03859748,0.4292272379495027
SAMN31484059,SAMN03859752,0.4544012688342585
SAMN31484059,SAMN03859753,0.4155251141552511
SAMN31484059,SAMN03859755,0.4114808229616459
SAMN31484059,SAMN03859756,0.442985842985843
SAMN31484059,SAMN03859757,0.40438397581254726
SAMN31484059,SAMN03859758,0.39975031210986267
SAMN31484059,SAMN03859759,0.43025589563472155
SAMN31484059,SAMN03859760,0.4313326551373347
SAMN31484059,SAMN03859761,0.9203389830508475
SAMN31484059,SAMN03859762,0.41363636363636364
SAMN31484059,SAMN03859763,0.4230769230769231
SAMN31484059,SAMN03859765,0.43398157625383826
SAMN31484059,SAMN03859766,0.4644879053010808
SAMN31484059,SAMN03859767,0.41625124626121635
SAMN31484059,SAMN03859769,0.41017811704834606
SAMN31484059,SAMN03859770,0.865857658248606
SAMN31484059,SAMN03859774,0.41158690176322416
SAMN31484059,SAMN03859775,0.4367699339766379
SAMN31484059,SAMN03859776,0.4149746192893401
SAMN31484059,SAMN03859777,0.4067410035478966
SAMN31484059,SAMN03859778,0.8601973684210527
SAMN31484059,SAMN03859783,0.4161006289308176
SAMN31484059,SAMN03859784,0.4275416355953269
SAMN31484059,SAMN03859785,0.40836254381572357
SAMN31484059,SAMN03859786,0.4147670961347869
SAMN31484059,SAMN03859787,0.43433324930678097
SAMN31484059,SAMN03859789,0.4419321685508736
SAMN31484059,SAMN03859790,0.8656568982548568
SAMN31484059,SAMN03859792,0.8590893984712529
SAMN31484059,SAMN03859793,0.4038941587618572
SAMN31484059,SAMN03859794,0.8714094856379425
SAMN31484059,SAMN03859795,0.857379767827529
SAMN31484059,SAMN03859796,0.4148037754595132
SAMN31484059,SAMN03859797,0.45105167488963904
SAMN31484059,SAMN03859798,0.8732718894009217
SAMN31484059,SAMN03859799,0.4493016037247801
SAMN31484059,SAMN03859800,0.41805107860153734
SAMN31484059,SAMN03859801,0.8689014271490209
SAMN31484059,SAMN03859802,0.4113971507123219
SAMN31484059,SAMN03859803,0.8705179282868526
SAMN31484059,SAMN03859805,0.40939597315436244
SAMN31484059,SAMN03859806,0.44441551679250196
SAMN31484059,SAMN03859807,0.41446384039900247
SAMN31484059,SAMN03859808,0.406826801517067
SAMN31484059,SAMN03859809,0.5268343271973036
SAMN31484059,SAMN03859813,0.4258276472074804
SAMN31484059,SAMN03859814,0.4337194337194337
SAMN31484059,SAMN03859815,0.44646516393442626
SAMN31484059,SAMN03859816,0.4368883312421581
SAMN31484059,SAMN03859817,0.40496277915632756
SAMN31484059,SAMN03859818,0.4491786447638604
SAMN31484059,SAMN03859819,0.44107321965897694
SAMN31484059,SAMN03859820,0.4446747862140451
SAMN31484059,SAMN03859821,0.43821391484942884
SAMN31484059,SAMN03859824,0.42079837274345283
SAMN31484059,SAMN03859826,0.9038987688098495
SAMN31484059,SAMN03859829,0.41427840327533266
SAMN31484059,SAMN03859830,0.40851495184997466
SAMN31484059,SAMN03859831,0.8101806239737275
SAMN31484059,SAMN03859833,0.4306049822064057
SAMN31484059,SAMN03859838,0.9566395663956639
SAMN31484059,SAMN03859839,0.4134882546097499
SAMN31484059,SAMN03859840,0.41797072185764766
SAMN31484059,SAMN04244164,0.5122816593886463
SAMN31484059,SAMN04244165,0.4138868297504324
SAMN31484059,SAMN04244166,0.4191102123356926
SAMN31484059,SAMN09847804,0.4325971058644326
SAMN31484059,SAMN09847805,0.43626206196038597
SAMN31484059,SAMN09847806,0.41270648030495555
SAMN31484059,SAMN09847807,0.41614282122202667
SAMN31484059,SAMN09847808,0.4218989280245023
SAMN31484059,SAMN09847809,0.42689760570555274
SAMN31484059,SAMN09847810,0.4058661318626222
SAMN31484059,SAMN09847811,0.9411764705882353
SAMN31484059,SAMN09847812,0.5113207547169811
SAMN31484059,SAMN09847813,0.41513240857503153
SAMN31484059,SAMN09847814,0.9185459441265568
SAMN31484059,SAMN09847815,0.4090444557996934
SAMN31484059,SAMN09847816,0.4221945137157107
SAMN31484059,SAMN09847817,0.4126742712294043
SAMN31484059,SAMN09847818,0.4145791583166333
SAMN31484059,SAMN09847819,0.421
SAMN31484059,SAMN09847820,0.4211052763190798
SAMN31484059,SAMN09847821,0.4157167111326704
SAMN31484059,SAMN09847822,0.421
SAMN31484059,SAMN09847823,0.4205397301349325
SAMN31484059,SAMN09847824,0.416241062308478
SAMN31484059,SAMN09847825,0.42119908929926636
SAMN31484059,SAMN09847826,0.42565008836152485
SAMN31484059,SAMN09847827,0.4255050505050505
SAMN31484059,SAMN09847828,0.4253976268619036
SAMN31484059,SAMN09847829,0.4258651174539025
SAMN31484059,SAMN09847830,0.425542655224634
SAMN31484059,SAMN09847831,0.4208712773812454
SAMN31484059,SAMN09847832,0.41630573248407643
SAMN31484059,SAMN09847833,0.41047595064215564
SAMN31484059,SAMN09847834,0.42975622015581805
SAMN31484059,SAMN09847835,0.42671424929900587
SAMN31484059,SAMN09847836,0.42708068210740646
SAMN31484059,SAMN09847837,0.4070300560366786
SAMN31484059,SAMN09847838,0.42285426629750816
SAMN31484059,SAMN09847839,0.42285426629750816
SAMN31484059,SAMN09847840,0.42593994448650013
SAMN31484059,SAMN09847841,0.41346633416458856
SAMN31484059,SAMN09847842,0.42475247524752474
SAMN31484059,SAMN09847843,0.40761421319796953
SAMN31484059,SAMN09847844,0.8571428571428571
SAMN31484059,SAMN09847845,0.42675483214649035
SAMN31484059,SAMN09847846,0.4284256187803011
SAMN31484059,SAMN09847847,0.43158953722334004
SAMN31484059,SAMN09847848,0.4048865619546248
SAMN31484059,SAMN09847849,0.4336462826693733
SAMN31484059,SAMN09847850,0.41199900423201397
SAMN31484059,SAMN09847851,0.418407960199005
SAMN31484059,SAMN09847852,0.407202216066482
SAMN31484059,SAMN09847853,0.42102628285356697
SAMN31484059,SAMN09847854,0.8937994722955145
SAMN31484059,SAMN09847855,0.416152136329958
SAMN31484059,SAMN09847856,0.4168091864158319
SAMN31484059,SAMN09847857,0.9392602646759416
SAMN31484059,SAMN09847858,0.42748091603053434
SAMN31484059,SAMN09847859,0.41899852724594994
SAMN31484059,SAMN09847860,0.41962944416624937
SAMN31484059,SAMN09847861,0.41518617668532487
SAMN31484059,SAMN09847862,0.4194581280788177
SAMN31484059,SAMN09847863,0.4198717948717949
SAMN31484059,SAMN09847864,0.4362212679969689
SAMN31484059,SAMN09847865,0.4189022889490524
SAMN31484059,SAMN09847866,0.4076100472519274
SAMN31484059,SAMN09847867,0.4082796232027764
SAMN31484060,SAMN02649746,0.41840583354287153
SAMN31484060,SAMN02649748,0.4221732745961821
SAMN31484060,SAMN02649749,0.42630666336388406
SAMN31484060,SAMN02649750,0.4161204175770818
SAMN31484060,SAMN02649751,0.41726797710873353
SAMN31484060,SAMN02649752,0.41660470879801736
SAMN31484060,SAMN02649753,0.41658415841584157
SAMN31484060,SAMN02649754,0.42857142857142855
SAMN31484060,SAMN02649755,0.40546639919759275
SAMN31484060,SAMN02649756,0.4274656679151061
SAMN31484060,SAMN02649757,0.4144963144963145
SAMN31484060,SAMN02649758,0.41957868649318464
SAMN31484060,SAMN02649759,0.4200298953662182
SAMN31484060,SAMN02649760,0.4155296452493178
SAMN31484060,SAMN02649761,0.4097002193516939
SAMN31484060,SAMN02649762,0.41615667074663404
SAMN31484060,SAMN02649763,0.4586096782117416
SAMN31484060,SAMN02649764,0.4296796796796797
SAMN31484060,SAMN02649765,0.42643764002987306
SAMN31484060,SAMN02649766,0.4197901049475262
SAMN31484060,SAMN02649767,0.4282863556996757
SAMN31484060,SAMN02649769,0.4194423883543055
SAMN31484060,SAMN02649770,0.41625494071146246
SAMN31484060,SAMN02649771,0.43130829342072097
SAMN31484060,SAMN02649772,0.4270807453416149
SAMN31484060,SAMN02649773,0.41530740276035133
SAMN31484060,SAMN02649774,0.41073170731707315
SAMN31484060,SAMN02649775,0.4246237355045645
SAMN31484060,SAMN02649776,0.43166918809884014
SAMN31484060,SAMN02649777,0.4226907630522088
SAMN31484060,SAMN02649778,0.41562269712601324
SAMN31484060,SAMN02649779,0.4164397128001981
SAMN31484060,SAMN02649780,0.43282077136375097
SAMN31484060,SAMN02649781,0.43106893106893107
SAMN31484060,SAMN02649782,0.4255266418835192
SAMN31484060,SAMN02649783,0.4265803882528621
SAMN31484060,SAMN02649784,0.42464736451373425
SAMN31484060,SAMN02649785,0.4258289703315881
SAMN31484060,SAMN02649786,0.42764632627646326
SAMN31484060,SAMN02649787,0.4252730883813307
SAMN31484060,SAMN02649788,0.4252417555169849
SAMN31484060,SAMN02649789,0.42025067584173015
SAMN31484060,SAMN02649790,0.41562881562881565
SAMN31484060,SAMN02649791,0.7972768532526475
SAMN31484060,SAMN02649792,0.4083080040526849
SAMN31484060,SAMN02649793,0.4271943176052765
SAMN31484060,SAMN02649794,0.41852487135506006
SAMN31484060,SAMN02649795,0.42782738095238093
SAMN31484060,SAMN02649796,0.4076868663051167
SAMN31484060,SAMN02649797,0.421142578125
SAMN31484060,SAMN02649798,0.4228303747534517
SAMN31484060,SAMN02649799,0.42485119047619047
SAMN31484060,SAMN02649800,0.43064596895343016
SAMN31484060,SAMN02649801,0.42418908725169724
SAMN31484060,SAMN02649802,0.42545274125527166
SAMN31484060,SAMN02649803,0.405254196059353
SAMN31484060,SAMN02649804,0.42273622047244097
SAMN31484060,SAMN02649805,0.4231335952848723
SAMN31484060,SAMN02649806,0.42159062577910744
SAMN31484060,SAMN02649807,0.41672853254145015
SAMN31484060,SAMN02649808,0.428321240930698
SAMN31484060,SAMN02649809,0.410140562248996
SAMN31484060,SAMN02649810,0.4514916019052394
SAMN31484060,SAMN02649811,0.42587064676616915
SAMN31484060,SAMN02649812,0.4217787632421779
SAMN31484060,SAMN02649813,0.4185875429131927
SAMN31484060,SAMN02649814,0.4186338523355098
SAMN31484060,SAMN02649815,0.4292853573213393
SAMN31484060,SAMN03859721,0.40762320951687303
SAMN31484060,SAMN03859722,0.45153125790939
SAMN31484060,SAMN03859723,0.4054732613607833
SAMN31484060,SAMN03859724,0.9128686327077749
SAMN31484060,SAMN03859727,0.4180610236220472
SAMN31484060,SAMN03859728,0.4140723867375348
SAMN31484060,SAMN03859729,0.4266463259598271
SAMN31484060,SAMN03859732,0.46065699006875477
SAMN31484060,SAMN03859735,0.9509499136442142
SAMN31484060,SAMN03859736,0.421726041144004
SAMN31484060,SAMN03859737,0.41971421651731655
SAMN31484060,SAMN03859738,0.42554780876494025
SAMN31484060,SAMN03859740,0.41557459677419356
SAMN31484060,SAMN03859741,0.41377537907992806
SAMN31484060,SAMN03859743,0.8733046642408204
SAMN31484060,SAMN03859744,0.4092284417549168
SAMN31484060,SAMN03859745,0.4084685598377282
SAMN31484060,SAMN03859747,0.4084121453459433
SAMN31484060,SAMN03859748,0.43175416133162614
SAMN31484060,SAMN03859752,0.45635447068187845
SAMN31484060,SAMN03859753,0.41726069246435843
SAMN31484060,SAMN03859755,0.4135645079041305
SAMN31484060,SAMN03859756,0.4407521895929933
SAMN31484060,SAMN03859757,0.4046476382924981
SAMN31484060,SAMN03859758,0.400350525788683
SAMN31484060,SAMN03859759,0.43130347257171614
SAMN31484060,SAMN03859760,0.4327634600663435
SAMN31484060,SAMN03859761,0.927694406548431
SAMN31484060,SAMN03859762,0.4142820967333502
SAMN31484060,SAMN03859763,0.4223067173637516
SAMN31484060,SAMN03859765,0.4339574249807643
SAMN31484060,SAMN03859766,0.4675626776944947
SAMN31484060,SAMN03859767,0.4158341658341658
SAMN31484060,SAMN03859769,0.41226053639846744
SAMN31484060,SAMN03859770,0.8726492906631474
SAMN31484060,SAMN03859774,0.4122253094215711
SAMN31484060,SAMN03859775,0.43821656050955415
SAMN31484060,SAMN03859776,0.4159877800407332
SAMN31484060,SAMN03859777,0.4066548133096266
SAMN31484060,SAMN03859778,0.8669755129053607
SAMN31484060,SAMN03859783,0.4167507568113017
SAMN31484060,SAMN03859784,0.4299975043673571
SAMN31484060,SAMN03859785,0.40722166499498497
SAMN31484060,SAMN03859786,0.41399851079672373
SAMN31484060,SAMN03859787,0.43721518987341773
SAMN31484060,SAMN03859789,0.43933161953727506
SAMN31484060,SAMN03859790,0.8724743292480954
SAMN31484060,SAMN03859792,0.8659311267134737
SAMN31484060,SAMN03859793,0.4041541541541542
SAMN31484060,SAMN03859794,0.8796234028244788
SAMN31484060,SAMN03859795,0.8666889408620113
SAMN31484060,SAMN03859796,0.41403334162727046
SAMN31484060,SAMN03859797,0.4533368091762252
SAMN31484060,SAMN03859798,0.8776455026455027
SAMN31484060,SAMN03859799,0.45157102051415215
SAMN31484060,SAMN03859800,0.4144769459593456
SAMN31484060,SAMN03859801,0.8757929883138564
SAMN31484060,SAMN03859802,0.4123840561544247
SAMN31484060,SAMN03859803,0.8774215096860387
SAMN31484060,SAMN03859805,0.41037147843430566
SAMN31484060,SAMN03859806,0.4463025868826757
SAMN31484060,SAMN03859807,0.415103775943986
SAMN31484060,SAMN03859808,0.40816844241501776
SAMN31484060,SAMN03859809,0.5290137913088733
SAMN31484060,SAMN03859813,0.42831768586653135
SAMN31484060,SAMN03859814,0.43517561983471076
SAMN31484060,SAMN03859815,0.44944687419603807
SAMN31484060,SAMN03859816,0.43759436336185203
SAMN31484060,SAMN03859817,0.4059233449477352
SAMN31484060,SAMN03859818,0.45068246201390677
SAMN31484060,SAMN03859819,0.44251572327044025
SAMN31484060,SAMN03859820,0.44655396618985693
SAMN31484060,SAMN03859821,0.4408237747653806
SAMN31484060,SAMN03859824,0.42110629620188633
SAMN31484060,SAMN03859826,0.9092471639738742
SAMN31484060,SAMN03859829,0.4156611039794608
SAMN31484060,SAMN03859830,0.4087906504065041
SAMN31484060,SAMN03859831,0.8130563798219584
SAMN31484060,SAMN03859833,0.43203264473348635
SAMN31484060,SAMN03859838,0.9588715159755269
SAMN31484060,SAMN03859839,0.4159269591681461
SAMN31484060,SAMN03859840,0.4197061803444782
SAMN31484060,SAMN04244164,0.5165980795610425
SAMN31484060,SAMN04244165,0.4141689373297003
SAMN31484060,SAMN04244166,0.41977186311787074
SAMN31484060,SAMN09847804,0.4351261789446852
SAMN31484060,SAMN09847805,0.4373408048904738
SAMN31484060,SAMN09847806,0.41515692778770097
SAMN31484060,SAMN09847807,0.4171500630517024
SAMN31484060,SAMN09847808,0.42439774474628394
SAMN31484060,SAMN09847809,0.4290462797238558
SAMN31484060,SAMN09847810,0.40683932612522
SAMN31484060,SAMN09847811,0.9512942779291553
SAMN31484060,SAMN09847812,0.5131187449283202
SAMN31484060,SAMN09847813,0.41757406938465436
SAMN31484060,SAMN09847814,0.9277966101694916
SAMN31484060,SAMN09847815,0.412217659137577
SAMN31484060,SAMN09847816,0.42428035043804757
SAMN31484060,SAMN09847817,0.4158390628978864
SAMN31484060,SAMN09847818,0.4166457128488811
SAMN31484060,SAMN09847819,0.42237271131176324
SAMN31484060,SAMN09847820,0.4224786753637732
SAMN31484060,SAMN09847821,0.4170316301703163
SAMN31484060,SAMN09847822,0.42237271131176324
SAMN31484060,SAMN09847823,0.4219102531962898
SAMN31484060,SAMN09847824,0.41908181585021803
SAMN31484060,SAMN09847825,0.4207858048162231
SAMN31484060,SAMN09847826,0.42524664811535545
SAMN31484060,SAMN09847827,0.4251012145748988
SAMN31484060,SAMN09847828,0.42499367568934987
SAMN31484060,SAMN09847829,0.42546190837762593
SAMN31484060,SAMN09847830,0.42513909964592816
SAMN31484060,SAMN09847831,0.4215202369200395
SAMN31484060,SAMN09847832,0.4195034553365754
SAMN31484060,SAMN09847833,0.4111111111111111
SAMN31484060,SAMN09847834,0.43008314436885864
SAMN31484060,SAMN09847835,0.428863868986694
SAMN31484060,SAMN09847836,0.4292284108329075
SAMN31484060,SAMN09847837,0.4101842374616172
SAMN31484060,SAMN09847838,0.42424242424242425
SAMN31484060,SAMN09847839,0.42424242424242425
SAMN31484060,SAMN09847840,0.42806484295846
SAMN31484060,SAMN09847841,0.41551939924906134
SAMN31484060,SAMN09847842,0.42259103294525635
SAMN31484060,SAMN09847843,0.41075981642019377
SAMN31484060,SAMN09847844,0.8649789029535865
SAMN31484060,SAMN09847845,0.42889966811335206
SAMN31484060,SAMN09847846,0.4305840163934426
SAMN31484060,SAMN09847847,0.43156037307789263
SAMN31484060,SAMN09847848,0.40725907384230287
SAMN31484060,SAMN09847849,0.4358125318390219
SAMN31484060,SAMN09847850,0.41475
SAMN31484060,SAMN09847851,0.4194111776447106
SAMN31484060,SAMN09847852,0.4078282828282828
SAMN31484060,SAMN09847853,0.4220436856640723
SAMN31484060,SAMN09847854,0.9058549567531603
SAMN31484060,SAMN09847855,0.41679049034175336
SAMN31484060,SAMN09847856,0.41605482134116495
SAMN31484060,SAMN09847857,0.9507355456722545
SAMN31484060,SAMN09847858,0.42962962962962964
SAMN31484060,SAMN09847859,0.41859321200196753
SAMN31484060,SAMN09847860,0.42064289301858365
SAMN31484060,SAMN09847861,0.41477688368690563
SAMN31484060,SAMN09847862,0.42010372931588047
SAMN31484060,SAMN09847863,0.4205191594561187
SAMN31484060,SAMN09847864,0.4362025316455696
SAMN31484060,SAMN09847865,0.41954590325765057
SAMN31484060,SAMN09847866,0.4089321357285429
SAMN31484060,SAMN09847867,0.4099502487562189
SAMN31484061,SAMN02649746,0.5991003654765251
SAMN31484061,SAMN02649748,0.5679871520342612
SAMN31484061,SAMN02649749,0.5813129937346772
SAMN31484061,SAMN02649750,0.7473997028231798
SAMN31484061,SAMN02649751,0.5708424507658644
SAMN31484061,SAMN02649752,0.7591575091575091
SAMN31484061,SAMN02649753,0.7666870789957134
SAMN31484061,SAMN02649754,0.5801422319474836
SAMN31484061,SAMN02649755,0.5871946082561078
SAMN31484061,SAMN02649756,0.5809105869445969
SAMN31484061,SAMN02649757,0.7614567526555387
SAMN31484061,SAMN02649758,0.7644362969752521
SAMN31484061,SAMN02649759,0.5740892906053137
SAMN31484061,SAMN02649760,0.5909845132743363
SAMN31484061,SAMN02649761,0.7526299969942891
SAMN31484061,SAMN02649762,0.7592760180995475
SAMN31484061,SAMN02649763,0.8738259236067627
SAMN31484061,SAMN02649764,0.5811144660993687
SAMN31484061,SAMN02649765,0.5805745554035567
SAMN31484061,SAMN02649766,0.5773678414096917
SAMN31484061,SAMN02649767,0.5799124247400109
SAMN31484061,SAMN02649769,0.7661388550548112
SAMN31484061,SAMN02649770,0.5736455213721753
SAMN31484061,SAMN02649771,0.5836791147994468
SAMN31484061,SAMN02649772,0.5826728614375513
SAMN31484061,SAMN02649773,0.5731673582295989
SAMN31484061,SAMN02649774,0.5666308436324556
SAMN31484061,SAMN02649775,0.5745198809845821
SAMN31484061,SAMN02649776,0.5858725761772853
SAMN31484061,SAMN02649777,0.5774220259453492
SAMN31484061,SAMN02649778,0.7568793468400363
SAMN31484061,SAMN02649779,0.7666156202143951
SAMN31484061,SAMN02649780,0.5870949875380781
SAMN31484061,SAMN02649781,0.5801422319474836
SAMN31484061,SAMN02649782,0.5818330605564648
SAMN31484061,SAMN02649783,0.5811217510259918
SAMN31484061,SAMN02649784,0.5758892207439588
SAMN31484061,SAMN02649785,0.5818930041152264
SAMN31484061,SAMN02649786,0.5819874076101834
SAMN31484061,SAMN02649787,0.5784019634578674
SAMN31484061,SAMN02649788,0.5790190735694822
SAMN31484061,SAMN02649789,0.5750202757502028
SAMN31484061,SAMN02649790,0.7581227436823105
SAMN31484061,SAMN02649791,0.4577550523496469
SAMN31484061,SAMN02649792,0.5843458604125459
SAMN31484061,SAMN02649793,0.5789034233231283
SAMN31484061,SAMN02649794,0.5730458221024258
SAMN31484061,SAMN02649795,0.5763172189027702
SAMN31484061,SAMN02649796,0.5817560462670873
SAMN31484061,SAMN02649797,0.7516417910447761
SAMN31484061,SAMN02649798,0.5745602165087956
SAMN31484061,SAMN02649799,0.5786317797765058
SAMN31484061,SAMN02649800,0.5826923076923077
SAMN31484061,SAMN02649801,0.5763179685343638
SAMN31484061,SAMN02649802,0.5767555797495917
SAMN31484061,SAMN02649803,0.7563329312424608
SAMN31484061,SAMN02649804,0.5758313057583131
SAMN31484061,SAMN02649805,0.5746630727762804
SAMN31484061,SAMN02649806,0.5737749794689296
SAMN31484061,SAMN02649807,0.7597560975609756
SAMN31484061,SAMN02649808,0.5865490628445424
SAMN31484061,SAMN02649809,0.5797546012269938
SAMN31484061,SAMN02649810,0.39574366331898614
SAMN31484061,SAMN02649811,0.5780993992353904
SAMN31484061,SAMN02649812,0.578404774823657
SAMN31484061,SAMN02649813,0.5723914801833379
SAMN31484061,SAMN02649814,0.6149702296569323
SAMN31484061,SAMN02649815,0.5826015367727772
SAMN31484061,SAMN03859721,0.7468619246861925
SAMN31484061,SAMN03859722,0.39932236205227495
SAMN31484061,SAMN03859723,0.749845009299442
SAMN31484061,SAMN03859724,0.47412909836065575
SAMN31484061,SAMN03859727,0.7595396729254997
SAMN31484061,SAMN03859728,0.5781512605042017
SAMN31484061,SAMN03859729,0.5804469273743017
SAMN31484061,SAMN03859732,0.84289356277884
SAMN31484061,SAMN03859735,0.4846193952033368
SAMN31484061,SAMN03859736,0.6064098959797583
SAMN31484061,SAMN03859737,0.7971411192214112
SAMN31484061,SAMN03859738,0.5878954607977992
SAMN31484061,SAMN03859740,0.7524752475247525
SAMN31484061,SAMN03859741,0.5739007092198581
SAMN31484061,SAMN03859743,0.4777432712215321
SAMN31484061,SAMN03859744,0.5822571588994947
SAMN31484061,SAMN03859745,0.7566635308874256
SAMN31484061,SAMN03859747,0.7280436099333737
SAMN31484061,SAMN03859748,0.3859390363815143
SAMN31484061,SAMN03859752,0.42606903657908296
SAMN31484061,SAMN03859753,0.764299182903834
SAMN31484061,SAMN03859755,0.7592825676526117
SAMN31484061,SAMN03859756,0.44061302681992337
SAMN31484061,SAMN03859757,0.5730715287517532
SAMN31484061,SAMN03859758,0.7445097432725023
SAMN31484061,SAMN03859759,0.4969981728008353
SAMN31484061,SAMN03859760,0.49867654843832715
SAMN31484061,SAMN03859761,0.4837281957823483
SAMN31484061,SAMN03859762,0.6146788990825688
SAMN31484061,SAMN03859763,0.4948480845442536
SAMN31484061,SAMN03859765,0.3879862136878385
SAMN31484061,SAMN03859766,0.42982017982017984
SAMN31484061,SAMN03859767,0.7490820073439413
SAMN31484061,SAMN03859769,0.5881515237823982
SAMN31484061,SAMN03859770,0.4536449072898146
SAMN31484061,SAMN03859774,0.6071835803876853
SAMN31484061,SAMN03859775,0.46023601847101075
SAMN31484061,SAMN03859776,0.5871533672891908
SAMN31484061,SAMN03859777,0.5759029345372461
SAMN31484061,SAMN03859778,0.45573183213920165
SAMN31484061,SAMN03859783,0.7641744548286604
SAMN31484061,SAMN03859784,0.44425
SAMN31484061,SAMN03859785,0.7396249615739318
SAMN31484061,SAMN03859786,0.7576499388004896
SAMN31484061,SAMN03859787,0.47070914696813976
SAMN31484061,SAMN03859789,0.4406736412350089
SAMN31484061,SAMN03859790,0.484375
SAMN31484061,SAMN03859792,0.4833948339483395
SAMN31484061,SAMN03859793,0.7441430332922319
SAMN31484061,SAMN03859794,0.4857670005271481
SAMN31484061,SAMN03859795,0.48419388830347737
SAMN31484061,SAMN03859796,0.7696108709079679
SAMN31484061,SAMN03859797,0.46865203761755486
SAMN31484061,SAMN03859798,0.4901093180635086
SAMN31484061,SAMN03859799,0.46720458094742323
SAMN31484061,SAMN03859800,0.7475698663426489
SAMN31484061,SAMN03859801,0.4880483320199632
SAMN31484061,SAMN03859802,0.5864283719631388
SAMN31484061,SAMN03859803,0.4771957258274694
SAMN31484061,SAMN03859805,0.5862068965517241
SAMN31484061,SAMN03859806,0.4604918890633176
SAMN31484061,SAMN03859807,0.5965304980414102
SAMN31484061,SAMN03859808,0.566312255176273
SAMN31484061,SAMN03859809,0.46283032847616695
SAMN31484061,SAMN03859813,0.49250591638180385
SAMN31484061,SAMN03859814,0.3912611717974181
SAMN31484061,SAMN03859815,0.4596608427543679
SAMN31484061,SAMN03859816,0.45970603142422706
SAMN31484061,SAMN03859817,0.5787139689578714
SAMN31484061,SAMN03859818,0.4586543400102722
SAMN31484061,SAMN03859819,0.4624335947381735
SAMN31484061,SAMN03859820,0.4549935149156939
SAMN31484061,SAMN03859821,0.44741625551804726
SAMN31484061,SAMN03859824,0.6035367940673132
SAMN31484061,SAMN03859826,0.4786166842661035
SAMN31484061,SAMN03859829,0.5731258840169732
SAMN31484061,SAMN03859830,0.5895395110858442
SAMN31484061,SAMN03859831,0.4431433775696071
SAMN31484061,SAMN03859833,0.4447563153865782
SAMN31484061,SAMN03859838,0.48327801889200916
SAMN31484061,SAMN03859839,0.5859154929577465
SAMN31484061,SAMN03859840,0.580979020979021
SAMN31484061,SAMN04244164,0.43574555755858874
SAMN31484061,SAMN04244165,0.7495440729483283
SAMN31484061,SAMN04244166,0.6
SAMN31484061,SAMN09847804,0.5928731762065096
SAMN31484061,SAMN09847805,0.5907184791724909
SAMN31484061,SAMN09847806,0.5862166761202495
SAMN31484061,SAMN09847807,0.6147050441721288
SAMN31484061,SAMN09847808,0.5811001410437235
SAMN31484061,SAMN09847809,0.5867117117117117
SAMN31484061,SAMN09847810,0.5875070343275183
SAMN31484061,SAMN09847811,0.48827621746972427
SAMN31484061,SAMN09847812,0.4331808943089431
SAMN31484061,SAMN09847813,0.7690379191476027
SAMN31484061,SAMN09847814,0.4831867563372995
SAMN31484061,SAMN09847815,0.5836187214611872
SAMN31484061,SAMN09847816,0.7805710738671633
SAMN31484061,SAMN09847817,0.5965261958997722
SAMN31484061,SAMN09847818,0.7742036227357901
SAMN31484061,SAMN09847819,0.5769442912300056
SAMN31484061,SAMN09847820,0.5766685052399338
SAMN31484061,SAMN09847821,0.7380106571936057
SAMN31484061,SAMN09847822,0.576509511993383
SAMN31484061,SAMN09847823,0.5763506063947078
SAMN31484061,SAMN09847824,0.5879339783722254
SAMN31484061,SAMN09847825,0.5761293920803123
SAMN31484061,SAMN09847826,0.580250347705146
SAMN31484061,SAMN09847827,0.5801335559265443
SAMN31484061,SAMN09847828,0.5799721835883171
SAMN31484061,SAMN09847829,0.5801335559265443
SAMN31484061,SAMN09847830,0.5800889877641824
SAMN31484061,SAMN09847831,0.7671941570298235
SAMN31484061,SAMN09847832,0.592086535724452
SAMN31484061,SAMN09847833,0.581532416502947
SAMN31484061,SAMN09847834,0.5857578276530895
SAMN31484061,SAMN09847835,0.5821860073054229
SAMN31484061,SAMN09847836,0.5867791842475387
SAMN31484061,SAMN09847837,0.5803241398919534
SAMN31484061,SAMN09847838,0.5814794215795328
SAMN31484061,SAMN09847839,0.5814794215795328
SAMN31484061,SAMN09847840,0.5857740585774058
SAMN31484061,SAMN09847841,0.7658717869309384
SAMN31484061,SAMN09847842,0.5785169029443838
SAMN31484061,SAMN09847843,0.5807365439093485
SAMN31484061,SAMN09847844,0.4721728081321474
SAMN31484061,SAMN09847845,0.5862844294547499
SAMN31484061,SAMN09847846,0.5864788732394366
SAMN31484061,SAMN09847847,0.5883495145631068
SAMN31484061,SAMN09847848,0.5982520439808289
SAMN31484061,SAMN09847849,0.5926029700196134
SAMN31484061,SAMN09847850,0.5806094182825485
SAMN31484061,SAMN09847851,0.5749588138385503
SAMN31484061,SAMN09847852,0.5903818953323904
SAMN31484061,SAMN09847853,0.5784964068546158
SAMN31484061,SAMN09847854,0.4840698869475848
SAMN31484061,SAMN09847855,0.7655341291704928
SAMN31484061,SAMN09847856,0.7611714975845411
SAMN31484061,SAMN09847857,0.48706673564407654
SAMN31484061,SAMN09847858,0.5862844294547499
SAMN31484061,SAMN09847859,0.7637245981195026
SAMN31484061,SAMN09847860,0.7714285714285715
SAMN31484061,SAMN09847861,0.7543491301739652
SAMN31484061,SAMN09847862,0.7673780487804878
SAMN31484061,SAMN09847863,0.7683150183150184
SAMN31484061,SAMN09847864,0.3951219512195122
SAMN31484061,SAMN09847865,0.7658343483556638
SAMN31484061,SAMN09847866,0.7617574257425742
SAMN31484061,SAMN09847867,0.757380073800738
SAMN31484063,SAMN02649746,0.47127371273712737
SAMN31484063,SAMN02649748,0.45466354897375943
SAMN31484063,SAMN02649749,0.46062681063997896
SAMN31484063,SAMN02649750,0.4505806451612903
SAMN31484063,SAMN02649751,0.46866630958757366
SAMN31484063,SAMN02649752,0.464219207235967
SAMN31484063,SAMN02649753,0.4629678789487656
SAMN31484063,SAMN02649754,0.46521508231545405
SAMN31484063,SAMN02649755,0.47793916141408604
SAMN31484063,SAMN02649756,0.46643580181140115
SAMN31484063,SAMN02649757,0.45805942676834077
SAMN31484063,SAMN02649758,0.459645408838317
SAMN31484063,SAMN02649759,0.46737967914438505
SAMN31484063,SAMN02649760,0.4638955502264855
SAMN31484063,SAMN02649761,0.4586387434554974
SAMN31484063,SAMN02649762,0.4577556892492807
SAMN31484063,SAMN02649763,0.43365047571357035
SAMN31484063,SAMN02649764,0.46654225539856037
SAMN31484063,SAMN02649765,0.46521508231545405
SAMN31484063,SAMN02649766,0.4708254907233127
SAMN31484063,SAMN02649767,0.46532022322614935
SAMN31484063,SAMN02649769,0.4608489322436066
SAMN31484063,SAMN02649770,0.4648447864154948
SAMN31484063,SAMN02649771,0.47252155172413796
SAMN31484063,SAMN02649772,0.4654304635761589
SAMN31484063,SAMN02649773,0.4758020663404024
SAMN31484063,SAMN02649774,0.4586387434554974
SAMN31484063,SAMN02649775,0.46060924369747897
SAMN31484063,SAMN02649776,0.47133243606998654
SAMN31484063,SAMN02649777,0.4737979470556456
SAMN31484063,SAMN02649778,0.4581034935644865
SAMN31484063,SAMN02649779,0.4624369524820812
SAMN31484063,SAMN02649780,0.4701773240193444
SAMN31484063,SAMN02649781,0.46482612158216086
SAMN31484063,SAMN02649782,0.4609704641350211
SAMN31484063,SAMN02649783,0.4638027048528242
SAMN31484063,SAMN02649784,0.461133069828722
SAMN31484063,SAMN02649785,0.46540713145290047
SAMN31484063,SAMN02649786,0.46457946404881933
SAMN31484063,SAMN02649787,0.46347273689782953
SAMN31484063,SAMN02649788,0.4618431476102456
SAMN31484063,SAMN02649789,0.45694844281601676
SAMN31484063,SAMN02649790,0.4559436913451512
SAMN31484063,SAMN02649791,0.4508611955420466
SAMN31484063,SAMN02649792,0.47734806629834253
SAMN31484063,SAMN02649793,0.474400871459695
SAMN31484063,SAMN02649794,0.45689655172413796
SAMN31484063,SAMN02649795,0.4626747560010551
SAMN31484063,SAMN02649796,0.4434695412384056
SAMN31484063,SAMN02649797,0.45537104307213283
SAMN31484063,SAMN02649798,0.4594381727487529
SAMN31484063,SAMN02649799,0.4629825489159175
SAMN31484063,SAMN02649800,0.4687666844634277
SAMN31484063,SAMN02649801,0.4751082251082251
SAMN31484063,SAMN02649802,0.4632469592808038
SAMN31484063,SAMN02649803,0.4568062827225131
SAMN31484063,SAMN02649804,0.45887899423782086
SAMN31484063,SAMN02649805,0.46037143604499087
SAMN31484063,SAMN02649806,0.4690928552314691
SAMN31484063,SAMN02649807,0.46078431372549017
SAMN31484063,SAMN02649808,0.4670402989057913
SAMN31484063,SAMN02649809,0.4790697674418605
SAMN31484063,SAMN02649810,0.4015075376884422
SAMN31484063,SAMN02649811,0.4638027048528242
SAMN31484063,SAMN02649812,0.46174073100184065
SAMN31484063,SAMN02649813,0.4573744769874477
SAMN31484063,SAMN02649814,0.481067828929447
SAMN31484063,SAMN02649815,0.4672349493873202
SAMN31484063,SAMN03859721,0.44752526561285305
SAMN31484063,SAMN03859722,0.40248857287963435
SAMN31484063,SAMN03859723,0.4715846994535519
SAMN31484063,SAMN03859724,0.42679127725856697
SAMN31484063,SAMN03859727,0.4569553805774278
SAMN31484063,SAMN03859728,0.47381409377570605
SAMN31484063,SAMN03859729,0.47634673229423025
SAMN31484063,SAMN03859732,0.4310880829015544
SAMN31484063,SAMN03859735,0.4411452810180276
SAMN31484063,SAMN03859736,0.4715403291070947
SAMN31484063,SAMN03859737,0.44649257552483357
SAMN31484063,SAMN03859738,0.46466524973432516
SAMN31484063,SAMN03859740,0.46835099157837545
SAMN31484063,SAMN03859741,0.4659090909090909
SAMN31484063,SAMN03859743,0.44896331738437
SAMN31484063,SAMN03859744,0.47153804050355774
SAMN31484063,SAMN03859745,0.48251942286348504
SAMN31484063,SAMN03859747,0.44636218799787575
SAMN31484063,SAMN03859748,0.42414614773629866
SAMN31484063,SAMN03859752,0.48230337078651686
SAMN31484063,SAMN03859753,0.4735828288387452
SAMN31484063,SAMN03859755,0.47496542185338864
SAMN31484063,SAMN03859756,0.536550542547116
SAMN31484063,SAMN03859757,0.47884987558750347
SAMN31484063,SAMN03859758,0.47102241662110444
SAMN31484063,SAMN03859759,0.4463814051769678
SAMN31484063,SAMN03859760,0.44310897435897434
SAMN31484063,SAMN03859761,0.4464238234512098
SAMN31484063,SAMN03859762,0.4777227722772277
SAMN31484063,SAMN03859763,0.4466773847802787
SAMN31484063,SAMN03859765,0.4211360634081902
SAMN31484063,SAMN03859766,0.4772972972972973
SAMN31484063,SAMN03859767,0.45597652081109924
SAMN31484063,SAMN03859769,0.481058495821727
SAMN31484063,SAMN03859770,0.4586225306994127
SAMN31484063,SAMN03859774,0.47007379065318394
SAMN31484063,SAMN03859775,0.5430275489917638
SAMN31484063,SAMN03859776,0.4701841165155262
SAMN31484063,SAMN03859777,0.4765733296368173
SAMN31484063,SAMN03859778,0.45070798824472347
SAMN31484063,SAMN03859783,0.47489082969432317
SAMN31484063,SAMN03859784,0.5387618516452872
SAMN31484063,SAMN03859785,0.46182999458581486
SAMN31484063,SAMN03859786,0.4677548835964678
SAMN31484063,SAMN03859787,0.4577220592157909
SAMN31484063,SAMN03859789,0.533447196128665
SAMN31484063,SAMN03859790,0.45442395081529
SAMN31484063,SAMN03859792,0.4530446549391069
SAMN31484063,SAMN03859793,0.4687159956474429
SAMN31484063,SAMN03859794,0.4582429501084599
SAMN31484063,SAMN03859795,0.455062263129399
SAMN31484063,SAMN03859796,0.46440042826552463
SAMN31484063,SAMN03859797,0.5585585585585585
SAMN31484063,SAMN03859798,0.4490986214209968
SAMN31484063,SAMN03859799,0.557486243845931
SAMN31484063,SAMN03859800,0.44617004474861804
SAMN31484063,SAMN03859801,0.45596552652841366
SAMN31484063,SAMN03859802,0.4757757212847033
SAMN31484063,SAMN03859803,0.45403225806451614
SAMN31484063,SAMN03859805,0.47162162162162163
SAMN31484063,SAMN03859806,0.5496360989810771
SAMN31484063,SAMN03859807,0.46503496503496505
SAMN31484063,SAMN03859808,0.4575484575484575
SAMN31484063,SAMN03859809,0.5180916644331278
SAMN31484063,SAMN03859813,0.4507230851633637
SAMN31484063,SAMN03859814,0.4185244161358811
SAMN31484063,SAMN03859815,0.5434101907201822
SAMN31484063,SAMN03859816,0.5447907891041842
SAMN31484063,SAMN03859817,0.47264355362946914
SAMN31484063,SAMN03859818,0.6608455882352942
SAMN31484063,SAMN03859819,0.5266795687033453
SAMN31484063,SAMN03859820,0.6713527022805373
SAMN31484063,SAMN03859821,0.6692839195979899
SAMN31484063,SAMN03859824,0.46210468920392583
SAMN31484063,SAMN03859826,0.4528147946695676
SAMN31484063,SAMN03859829,0.46060606060606063
SAMN31484063,SAMN03859830,0.4507616974972797
SAMN31484063,SAMN03859831,0.4473035860936217
SAMN31484063,SAMN03859833,0.53800170794193
SAMN31484063,SAMN03859838,0.43696608853222885
SAMN31484063,SAMN03859839,0.4715068493150685
SAMN31484063,SAMN03859840,0.4791552386176632
SAMN31484063,SAMN04244164,0.4504774897680764
SAMN31484063,SAMN04244165,0.4577035269159374
SAMN31484063,SAMN04244166,0.46201844818231147
SAMN31484063,SAMN09847804,0.4742857142857143
SAMN31484063,SAMN09847805,0.4766177270255574
SAMN31484063,SAMN09847806,0.4800221975582686
SAMN31484063,SAMN09847807,0.48462383305875895
SAMN31484063,SAMN09847808,0.4858254585881045
SAMN31484063,SAMN09847809,0.48249241797628895
SAMN31484063,SAMN09847810,0.4796591533809786
SAMN31484063,SAMN09847811,0.4465128474043
SAMN31484063,SAMN09847812,0.4467741935483871
SAMN31484063,SAMN09847813,0.47723532638507954
SAMN31484063,SAMN09847814,0.45302547770700635
SAMN31484063,SAMN09847815,0.4935064935064935
SAMN31484063,SAMN09847816,0.4674524511117064
SAMN31484063,SAMN09847817,0.4793914246196404
SAMN31484063,SAMN09847818,0.4749727965179543
SAMN31484063,SAMN09847819,0.472619368761802
SAMN31484063,SAMN09847820,0.47234960884812516
SAMN31484063,SAMN09847821,0.4538860103626943
SAMN31484063,SAMN09847822,0.4722222222222222
SAMN31484063,SAMN09847823,0.4720949042868698
SAMN31484063,SAMN09847824,0.4913116591928251
SAMN31484063,SAMN09847825,0.479967069154775
SAMN31484063,SAMN09847826,0.476177511570923
SAMN31484063,SAMN09847827,0.4760348583877996
SAMN31484063,SAMN09847828,0.4759052545603049
SAMN31484063,SAMN09847829,0.476436938163988
SAMN31484063,SAMN09847830,0.47604790419161674
SAMN31484063,SAMN09847831,0.46
SAMN31484063,SAMN09847832,0.48911222780569513
SAMN31484063,SAMN09847833,0.4826254826254826
SAMN31484063,SAMN09847834,0.4703982777179763
SAMN31484063,SAMN09847835,0.48029760264535687
SAMN31484063,SAMN09847836,0.4826446280991736
SAMN31484063,SAMN09847837,0.4918355855855856
SAMN31484063,SAMN09847838,0.4758020663404024
SAMN31484063,SAMN09847839,0.4758020663404024
SAMN31484063,SAMN09847840,0.4756595050312755
SAMN31484063,SAMN09847841,0.4730717185385656
SAMN31484063,SAMN09847842,0.4624537281861449
SAMN31484063,SAMN09847843,0.49047619047619045
SAMN31484063,SAMN09847844,0.44944997380827656
SAMN31484063,SAMN09847845,0.4818381948266373
SAMN31484063,SAMN09847846,0.48425414364640884
SAMN31484063,SAMN09847847,0.47120559741657697
SAMN31484063,SAMN09847848,0.47090810222947255
SAMN31484063,SAMN09847849,0.47578890097932536
SAMN31484063,SAMN09847850,0.46938224979768006
SAMN31484063,SAMN09847851,0.4703355704697987
SAMN31484063,SAMN09847852,0.4810825738746203
SAMN31484063,SAMN09847853,0.4735135135135135
SAMN31484063,SAMN09847854,0.4465128474043
SAMN31484063,SAMN09847855,0.4655493482309125
SAMN31484063,SAMN09847856,0.4564933368173504
SAMN31484063,SAMN09847857,0.4489311163895487
SAMN31484063,SAMN09847858,0.4806158922188617
SAMN31484063,SAMN09847859,0.4594168636721828
SAMN31484063,SAMN09847860,0.4732142857142857
SAMN31484063,SAMN09847861,0.45535016922676386
SAMN31484063,SAMN09847862,0.46198521647307283
SAMN31484063,SAMN09847863,0.46247357293868924
SAMN31484063,SAMN09847864,0.41586725434275346
SAMN31484063,SAMN09847865,0.4602003162888772
SAMN31484063,SAMN09847866,0.4732989970181621
SAMN31484063,SAMN09847867,0.4682454251883746
SAMN31484064,SAMN02649746,0.47428884026258206
SAMN31484064,SAMN02649748,0.4570230607966457
SAMN31484064,SAMN02649749,0.46346000531490833
SAMN31484064,SAMN02649750,0.4528891202498699
SAMN31484064,SAMN02649751,0.47122399351526617
SAMN31484064,SAMN02649752,0.4675080558539205
SAMN31484064,SAMN02649753,0.4658451647468524
SAMN31484064,SAMN02649754,0.4677203321725154
SAMN31484064,SAMN02649755,0.48310249307479225
SAMN31484064,SAMN02649756,0.4689599570008062
SAMN31484064,SAMN02649757,0.46125265392781317
SAMN31484064,SAMN02649758,0.46287393162393164
SAMN31484064,SAMN02649759,0.470318402590394
SAMN31484064,SAMN02649760,0.4667921484269965
SAMN31484064,SAMN02649761,0.46105096382360705
SAMN31484064,SAMN02649762,0.46092925026399156
SAMN31484064,SAMN02649763,0.4361111111111111
SAMN31484064,SAMN02649764,0.4690693921463152
SAMN31484064,SAMN02649765,0.467327262988752
SAMN31484064,SAMN02649766,0.473412913727618
SAMN31484064,SAMN02649767,0.467828418230563
SAMN31484064,SAMN02649769,0.4640766365087813
SAMN31484064,SAMN02649770,0.4673447537473233
SAMN31484064,SAMN02649771,0.4747282608695652
SAMN31484064,SAMN02649772,0.46753940689286666
SAMN31484064,SAMN02649773,0.4784636488340192
SAMN31484064,SAMN02649774,0.4614368726888537
SAMN31484064,SAMN02649775,0.463046357615894
SAMN31484064,SAMN02649776,0.4735270160195493
SAMN31484064,SAMN02649777,0.4764240937585173
SAMN31484064,SAMN02649778,0.4605193428722841
SAMN31484064,SAMN02649779,0.4653094026252344
SAMN31484064,SAMN02649780,0.4735557363710334
SAMN31484064,SAMN02649781,0.467327262988752
SAMN31484064,SAMN02649782,0.46342112263899976
SAMN31484064,SAMN02649783,0.46629213483146065
SAMN31484064,SAMN02649784,0.4635832004253057
SAMN31484064,SAMN02649785,0.4679194630872483
SAMN31484064,SAMN02649786,0.4670770877944325
SAMN31484064,SAMN02649787,0.465954606141522
SAMN31484064,SAMN02649788,0.46469491073807623
SAMN31484064,SAMN02649789,0.4593453009503696
SAMN31484064,SAMN02649790,0.45870594423987376
SAMN31484064,SAMN02649791,0.45387170968566315
SAMN31484064,SAMN02649792,0.48130580357142855
SAMN31484064,SAMN02649793,0.4778663733846577
SAMN31484064,SAMN02649794,0.4592885375494071
SAMN31484064,SAMN02649795,0.46592119275825344
SAMN31484064,SAMN02649796,0.44565217391304346
SAMN31484064,SAMN02649797,0.458496988740508
SAMN31484064,SAMN02649798,0.461864406779661
SAMN31484064,SAMN02649799,0.465457455321419
SAMN31484064,SAMN02649800,0.47092084006462037
SAMN31484064,SAMN02649801,0.4773471615720524
SAMN31484064,SAMN02649802,0.4657241931181648
SAMN31484064,SAMN02649803,0.4599735799207398
SAMN31484064,SAMN02649804,0.4609086106708928
SAMN31484064,SAMN02649805,0.46279683377308706
SAMN31484064,SAMN02649806,0.4716522678185745
SAMN31484064,SAMN02649807,0.4640278149237764
SAMN31484064,SAMN02649808,0.46957458266020463
SAMN31484064,SAMN02649809,0.48177802319160684
SAMN31484064,SAMN02649810,0.4036999493157628
SAMN31484064,SAMN02649811,0.4670770877944325
SAMN31484064,SAMN02649812,0.46419098143236076
SAMN31484064,SAMN02649813,0.4597731469269322
SAMN31484064,SAMN02649814,0.4854155200880572
SAMN31484064,SAMN02649815,0.469371305749597
SAMN31484064,SAMN03859721,0.4505753138075314
SAMN31484064,SAMN03859722,0.4039938556067588
SAMN31484064,SAMN03859723,0.4750344827586207
SAMN31484064,SAMN03859724,0.4289080911233307
SAMN31484064,SAMN03859727,0.4597457627118644
SAMN31484064,SAMN03859728,0.47770700636942676
SAMN31484064,SAMN03859729,0.4798453892876864
SAMN31484064,SAMN03859732,0.43436192468619245
SAMN31484064,SAMN03859735,0.4438202247191011
SAMN31484064,SAMN03859736,0.476151539929136
SAMN31484064,SAMN03859737,0.4494962541978817
SAMN31484064,SAMN03859738,0.46716697936210133
SAMN31484064,SAMN03859740,0.471749862863412
SAMN31484064,SAMN03859741,0.47058823529411764
SAMN31484064,SAMN03859743,0.45132743362831856
SAMN31484064,SAMN03859744,0.4766251728907331
SAMN31484064,SAMN03859745,0.48654708520179374
SAMN31484064,SAMN03859747,0.4490889603429796
SAMN31484064,SAMN03859748,0.42704436130411544
SAMN31484064,SAMN03859752,0.48722316865417375
SAMN31484064,SAMN03859753,0.4774874930516954
SAMN31484064,SAMN03859755,0.4780787489528065
SAMN31484064,SAMN03859756,0.5408133833285261
SAMN31484064,SAMN03859757,0.48282602624965093
SAMN31484064,SAMN03859758,0.4748757592490337
SAMN31484064,SAMN03859759,0.44870770050626163
SAMN31484064,SAMN03859760,0.4469921769625034
SAMN31484064,SAMN03859761,0.44915481620606384
SAMN31484064,SAMN03859762,0.4812552068869758
SAMN31484064,SAMN03859763,0.4506089309878214
SAMN31484064,SAMN03859765,0.42362036790189284
SAMN31484064,SAMN03859766,0.4799563676029452
SAMN31484064,SAMN03859767,0.4588045234248788
SAMN31484064,SAMN03859769,0.48466947960618845
SAMN31484064,SAMN03859770,0.4614762931034483
SAMN31484064,SAMN03859774,0.4735099337748344
SAMN31484064,SAMN03859775,0.5477761836441893
SAMN31484064,SAMN03859776,0.47445863409217104
SAMN31484064,SAMN03859777,0.4797089280716485
SAMN31484064,SAMN03859778,0.4538834951456311
SAMN31484064,SAMN03859783,0.4775543927292757
SAMN31484064,SAMN03859784,0.5433802816901409
SAMN31484064,SAMN03859785,0.46435400163889645
SAMN31484064,SAMN03859786,0.4699055330634278
SAMN31484064,SAMN03859787,0.46135200646377594
SAMN31484064,SAMN03859789,0.5376653248993675
SAMN31484064,SAMN03859790,0.45724305368222284
SAMN31484064,SAMN03859792,0.4562841530054645
SAMN31484064,SAMN03859793,0.4713148503980236
SAMN31484064,SAMN03859794,0.46153846153846156
SAMN31484064,SAMN03859795,0.4583219458868543
SAMN31484064,SAMN03859796,0.4681081081081081
SAMN31484064,SAMN03859797,0.564042303172738
SAMN31484064,SAMN03859798,0.4522344126304522
SAMN31484064,SAMN03859799,0.5629391100702577
SAMN31484064,SAMN03859800,0.44964124368854635
SAMN31484064,SAMN03859801,0.45921696574225124
SAMN31484064,SAMN03859802,0.48088033012379644
SAMN31484064,SAMN03859803,0.4568638090070537
SAMN31484064,SAMN03859805,0.4766457252116908
SAMN31484064,SAMN03859806,0.5550323719835197
SAMN31484064,SAMN03859807,0.46956521739130436
SAMN31484064,SAMN03859808,0.46126275158533225
SAMN31484064,SAMN03859809,0.5223274695534507
SAMN31484064,SAMN03859813,0.4535135135135135
SAMN31484064,SAMN03859814,0.4213769086525583
SAMN31484064,SAMN03859815,0.5486191024165707
SAMN31484064,SAMN03859816,0.5490640952921158
SAMN31484064,SAMN03859817,0.4756697648988518
SAMN31484064,SAMN03859818,0.6678029129222188
SAMN31484064,SAMN03859819,0.5298549107142857
SAMN31484064,SAMN03859820,0.678041074249605
SAMN31484064,SAMN03859821,0.677050222504768
SAMN31484064,SAMN03859824,0.46626273753786834
SAMN31484064,SAMN03859826,0.45646800329579784
SAMN31484064,SAMN03859829,0.4647926523796271
SAMN31484064,SAMN03859830,0.45479527342676557
SAMN31484064,SAMN03859831,0.450124343741365
SAMN31484064,SAMN03859833,0.5422656699252444
SAMN31484064,SAMN03859838,0.4391644908616188
SAMN31484064,SAMN03859839,0.47496542185338864
SAMN31484064,SAMN03859840,0.482281284606866
SAMN31484064,SAMN04244164,0.4537190082644628
SAMN31484064,SAMN04244165,0.4605298367674605
SAMN31484064,SAMN04244166,0.46695914450233067
SAMN31484064,SAMN09847804,0.47774725274725277
SAMN31484064,SAMN09847805,0.4796926454445664
SAMN31484064,SAMN09847806,0.48402466367713004
SAMN31484064,SAMN09847807,0.4894561598224195
SAMN31484064,SAMN09847808,0.48947516138085884
SAMN31484064,SAMN09847809,0.4860801781737194
SAMN31484064,SAMN09847810,0.4848569046957488
SAMN31484064,SAMN09847811,0.4488230626818302
SAMN31484064,SAMN09847812,0.44993215739484393
SAMN31484064,SAMN09847813,0.48075325394627527
SAMN31484064,SAMN09847814,0.45542168674698796
SAMN31484064,SAMN09847815,0.49729113202167097
SAMN31484064,SAMN09847816,0.47039740470397406
SAMN31484064,SAMN09847817,0.4833752444816988
SAMN31484064,SAMN09847818,0.47843998901400714
SAMN31484064,SAMN09847819,0.4752313554708764
SAMN31484064,SAMN09847820,0.474959172563963
SAMN31484064,SAMN09847821,0.4562320355369741
SAMN31484064,SAMN09847822,0.4748299319727891
SAMN31484064,SAMN09847823,0.47470076169749725
SAMN31484064,SAMN09847824,0.4946236559139785
SAMN31484064,SAMN09847825,0.48310249307479225
SAMN31484064,SAMN09847826,0.47925254190711736
SAMN31484064,SAMN09847827,0.47910940076965364
SAMN31484064,SAMN09847828,0.47897774113767516
SAMN31484064,SAMN09847829,0.4795160846851801
SAMN31484064,SAMN09847830,0.47912087912087914
SAMN31484064,SAMN09847831,0.4636025504782147
SAMN31484064,SAMN09847832,0.4928108260501832
SAMN31484064,SAMN09847833,0.4853882549401614
SAMN31484064,SAMN09847834,0.47298398045071954
SAMN31484064,SAMN09847835,0.4834492350486787
SAMN31484064,SAMN09847836,0.48623087621696803
SAMN31484064,SAMN09847837,0.4955928348023884
SAMN31484064,SAMN09847838,0.4784636488340192
SAMN31484064,SAMN09847839,0.4784636488340192
SAMN31484064,SAMN09847840,0.4791323448654585
SAMN31484064,SAMN09847841,0.47609942638623326
SAMN31484064,SAMN09847842,0.46492397972792743
SAMN31484064,SAMN09847843,0.4942008486562942
SAMN31484064,SAMN09847844,0.45178335535006603
SAMN31484064,SAMN09847845,0.4854126146151709
SAMN31484064,SAMN09847846,0.48745119910764084
SAMN31484064,SAMN09847847,0.47379853380396414
SAMN31484064,SAMN09847848,0.47392974753018663
SAMN31484064,SAMN09847849,0.47926393847844
SAMN31484064,SAMN09847850,0.47236591342227063
SAMN31484064,SAMN09847851,0.47291440953412783
SAMN31484064,SAMN09847852,0.486320491345617
SAMN31484064,SAMN09847853,0.47613853286064906
SAMN31484064,SAMN09847854,0.44958983858163537
SAMN31484064,SAMN09847855,0.46885069817400643
SAMN31484064,SAMN09847856,0.459267070920116
SAMN31484064,SAMN09847857,0.45166444740346207
SAMN31484064,SAMN09847858,0.4841754580788451
SAMN31484064,SAMN09847859,0.4622316459051153
SAMN31484064,SAMN09847860,0.4766457252116908
SAMN31484064,SAMN09847861,0.45848660010509723
SAMN31484064,SAMN09847862,0.46522781774580335
SAMN31484064,SAMN09847863,0.4657241931181648
SAMN31484064,SAMN09847864,0.41825791263405704
SAMN31484064,SAMN09847865,0.46342112263899976
SAMN31484064,SAMN09847866,0.4767378215654078
SAMN31484064,SAMN09847867,0.4712112982074959
SAMN31484065,SAMN02649746,0.4702702702702703
SAMN31484065,SAMN02649748,0.4533678756476684
SAMN31484065,SAMN02649749,0.45929621848739494
SAMN31484065,SAMN02649750,0.4526695898890895
SAMN31484065,SAMN02649751,0.46689802455953017
SAMN31484065,SAMN02649752,0.46675531914893614
SAMN31484065,SAMN02649753,0.4647214854111406
SAMN31484065,SAMN02649754,0.46386020651310567
SAMN31484065,SAMN02649755,0.48135964912280704
SAMN31484065,SAMN02649756,0.4650730411686587
SAMN31484065,SAMN02649757,0.4609518800946621
SAMN31484065,SAMN02649758,0.4594665962503301
SAMN31484065,SAMN02649759,0.46405750798722045
SAMN31484065,SAMN02649760,0.46292851448312516
SAMN31484065,SAMN02649761,0.4558018252933507
SAMN31484065,SAMN02649762,0.4575828765335422
SAMN31484065,SAMN02649763,0.4324594257178527
SAMN31484065,SAMN02649764,0.46556766817335815
SAMN31484065,SAMN02649765,0.4630854723471818
SAMN31484065,SAMN02649766,0.47022532188841204
SAMN31484065,SAMN02649767,0.46357615894039733
SAMN31484065,SAMN02649769,0.4606682451986319
SAMN31484065,SAMN02649770,0.46426680783483326
SAMN31484065,SAMN02649771,0.4699409554482018
SAMN31484065,SAMN02649772,0.462918975983109
SAMN31484065,SAMN02649773,0.47278635255889523
SAMN31484065,SAMN02649774,0.45846394984326017
SAMN31484065,SAMN02649775,0.4600471574534975
SAMN31484065,SAMN02649776,0.46954655218674535
SAMN31484065,SAMN02649777,0.4723942903312685
SAMN31484065,SAMN02649778,0.45984251968503936
SAMN31484065,SAMN02649779,0.46419098143236076
SAMN31484065,SAMN02649780,0.46997319034852547
SAMN31484065,SAMN02649781,0.4630854723471818
SAMN31484065,SAMN02649782,0.4596371285826979
SAMN31484065,SAMN02649783,0.4624537281861449
SAMN31484065,SAMN02649784,0.4601839684625493
SAMN31484065,SAMN02649785,0.4640488193154683
SAMN31484065,SAMN02649786,0.4632275132275132
SAMN31484065,SAMN02649787,0.4625131995776135
SAMN31484065,SAMN02649788,0.4620453347390617
SAMN31484065,SAMN02649789,0.45563674321503134
SAMN31484065,SAMN02649790,0.4557752341311134
SAMN31484065,SAMN02649791,0.45475285171102664
SAMN31484065,SAMN02649792,0.4803867403314917
SAMN31484065,SAMN02649793,0.47378429774517794
SAMN31484065,SAMN02649794,0.45634610372686996
SAMN31484065,SAMN02649795,0.46210526315789474
SAMN31484065,SAMN02649796,0.4433324993745309
SAMN31484065,SAMN02649797,0.45520455722423614
SAMN31484065,SAMN02649798,0.4569709652105676
SAMN31484065,SAMN02649799,0.4608695652173913
SAMN31484065,SAMN02649800,0.46700372538584356
SAMN31484065,SAMN02649801,0.4733009708737864
SAMN31484065,SAMN02649802,0.4619035064592671
SAMN31484065,SAMN02649803,0.4593038471604292
SAMN31484065,SAMN02649804,0.456419624217119
SAMN31484065,SAMN02649805,0.4594312548917297
SAMN31484065,SAMN02649806,0.4653702717101758
SAMN31484065,SAMN02649807,0.4629237288135593
SAMN31484065,SAMN02649808,0.4656732304417243
SAMN31484065,SAMN02649809,0.47722934278701934
SAMN31484065,SAMN02649810,0.4011030333416897
SAMN31484065,SAMN02649811,0.4640021175224987
SAMN31484065,SAMN02649812,0.4604090194022024
SAMN31484065,SAMN02649813,0.4568223323767284
SAMN31484065,SAMN02649814,0.48043478260869565
SAMN31484065,SAMN02649815,0.46548061603823687
SAMN31484065,SAMN03859721,0.45
SAMN31484065,SAMN03859722,0.40207752723587536
SAMN31484065,SAMN03859723,0.475396391470749
SAMN31484065,SAMN03859724,0.42705364083959574
SAMN31484065,SAMN03859727,0.45716531307309405
SAMN31484065,SAMN03859728,0.4719868816616562
SAMN31484065,SAMN03859729,0.4757228587015821
SAMN31484065,SAMN03859732,0.4306022227965883
SAMN31484065,SAMN03859735,0.441005291005291
SAMN31484065,SAMN03859736,0.4749055585536967
SAMN31484065,SAMN03859737,0.4500512295081967
SAMN31484065,SAMN03859738,0.4633112582781457
SAMN31484065,SAMN03859740,0.4653679653679654
SAMN31484065,SAMN03859741,0.46408839779005523
SAMN31484065,SAMN03859743,0.4526595744680851
SAMN31484065,SAMN03859744,0.474952094169176
SAMN31484065,SAMN03859745,0.4798231066887783
SAMN31484065,SAMN03859747,0.4450622186920837
SAMN31484065,SAMN03859748,0.42141350210970463
SAMN31484065,SAMN03859752,0.48081769812377484
SAMN31484065,SAMN03859753,0.4733662822624931
SAMN31484065,SAMN03859755,0.47393103448275864
SAMN31484065,SAMN03859756,0.5357448020506979
SAMN31484065,SAMN03859757,0.4827109266943292
SAMN31484065,SAMN03859758,0.46920980926430517
SAMN31484065,SAMN03859759,0.44928684627575277
SAMN31484065,SAMN03859760,0.4437333333333333
SAMN31484065,SAMN03859761,0.44704008494823466
SAMN31484065,SAMN03859762,0.4758771929824561
SAMN31484065,SAMN03859763,0.44691093875367743
SAMN31484065,SAMN03859765,0.4199157007376185
SAMN31484065,SAMN03859766,0.47628032345013477
SAMN31484065,SAMN03859767,0.4546421920723597
SAMN31484065,SAMN03859769,0.48370927318295737
SAMN31484065,SAMN03859770,0.4580559254327563
SAMN31484065,SAMN03859774,0.4678649237472767
SAMN31484065,SAMN03859775,0.5470304063654448
SAMN31484065,SAMN03859776,0.474828060522696
SAMN31484065,SAMN03859777,0.47308860060723157
SAMN31484065,SAMN03859778,0.45248264815803524
SAMN31484065,SAMN03859783,0.4742717124965968
SAMN31484065,SAMN03859784,0.5371142618849041
SAMN31484065,SAMN03859785,0.4616423554835224
SAMN31484065,SAMN03859786,0.4671649759743727
SAMN31484065,SAMN03859787,0.45832223701731023
SAMN31484065,SAMN03859789,0.5326519023282226
SAMN31484065,SAMN03859790,0.45814388874030487
SAMN31484065,SAMN03859792,0.456021650879567
SAMN31484065,SAMN03859793,0.47090810222947255
SAMN31484065,SAMN03859794,0.4612255965292842
SAMN31484065,SAMN03859795,0.4576454668470907
SAMN31484065,SAMN03859796,0.46695210061546694
SAMN31484065,SAMN03859797,0.555877243775333
SAMN31484065,SAMN03859798,0.4481755684822845
SAMN31484065,SAMN03859799,0.5548182342758222
SAMN31484065,SAMN03859800,0.44602048857368004
SAMN31484065,SAMN03859801,0.45892809049286293
SAMN31484065,SAMN03859802,0.4791723386877212
SAMN31484065,SAMN03859803,0.45698924731182794
SAMN31484065,SAMN03859805,0.4749932414165991
SAMN31484065,SAMN03859806,0.546983758700696
SAMN31484065,SAMN03859807,0.4683884853376379
SAMN31484065,SAMN03859808,0.4613493580988801
SAMN31484065,SAMN03859809,0.5234899328859061
SAMN31484065,SAMN03859813,0.4497863247863248
SAMN31484065,SAMN03859814,0.4180566587238549
SAMN31484065,SAMN03859815,0.5491873396065012
SAMN31484065,SAMN03859816,0.5491849353569421
SAMN31484065,SAMN03859817,0.4748240389821332
SAMN31484065,SAMN03859818,0.6606542341791501
SAMN31484065,SAMN03859819,0.5301438053097345
SAMN31484065,SAMN03859820,0.6685340802987861
SAMN31484065,SAMN03859821,0.6664580725907384
SAMN31484065,SAMN03859824,0.46151754147402774
SAMN31484065,SAMN03859826,0.4530401737242128
SAMN31484065,SAMN03859829,0.46484698097601324
SAMN31484065,SAMN03859830,0.4549414647427171
SAMN31484065,SAMN03859831,0.44754098360655736
SAMN31484065,SAMN03859833,0.5415717539863326
SAMN31484065,SAMN03859838,0.4372093023255814
SAMN31484065,SAMN03859839,0.47009013930620047
SAMN31484065,SAMN03859840,0.47731000546746855
SAMN31484065,SAMN04244164,0.44912948857453755
SAMN31484065,SAMN04244165,0.4548335974643423
SAMN31484065,SAMN04244166,0.46579804560260585
SAMN31484065,SAMN09847804,0.47407005158837906
SAMN31484065,SAMN09847805,0.47479674796747967
SAMN31484065,SAMN09847806,0.4773355444997236
SAMN31484065,SAMN09847807,0.48397699260476584
SAMN31484065,SAMN09847808,0.4827013562136728
SAMN31484065,SAMN09847809,0.48184818481848185
SAMN31484065,SAMN09847810,0.4830904591696453
SAMN31484065,SAMN09847811,0.4467416906568961
SAMN31484065,SAMN09847812,0.4454569820423479
SAMN31484065,SAMN09847813,0.47701149425287354
SAMN31484065,SAMN09847814,0.45401537238271933
SAMN31484065,SAMN09847815,0.4903008152937869
SAMN31484065,SAMN09847816,0.46607905982905984
SAMN31484065,SAMN09847817,0.4783448275862069
SAMN31484065,SAMN09847818,0.47395550732501357
SAMN31484065,SAMN09847819,0.471221086605702
SAMN31484065,SAMN09847820,0.47095212479827864
SAMN31484065,SAMN09847821,0.4529715762273902
SAMN31484065,SAMN09847822,0.4708254907233127
SAMN31484065,SAMN09847823,0.4706989247311828
SAMN31484065,SAMN09847824,0.4893854748603352
SAMN31484065,SAMN09847825,0.47731000546746855
SAMN31484065,SAMN09847826,0.4759576202118989
SAMN31484065,SAMN09847827,0.47581521739130433
SAMN31484065,SAMN09847828,0.4756859549035588
SAMN31484065,SAMN09847829,0.4762163631421582
SAMN31484065,SAMN09847830,0.47582835415535035
SAMN31484065,SAMN09847831,0.46020488573680063
SAMN31484065,SAMN09847832,0.48885793871866295
SAMN31484065,SAMN09847833,0.4811657959857025
SAMN31484065,SAMN09847834,0.4701933404940924
SAMN31484065,SAMN09847835,0.47843998901400714
SAMN31484065,SAMN09847836,0.4820005496015389
SAMN31484065,SAMN09847837,0.488645920941968
SAMN31484065,SAMN09847838,0.47438330170777987
SAMN31484065,SAMN09847839,0.47438330170777987
SAMN31484065,SAMN09847840,0.4750406945198047
SAMN31484065,SAMN09847841,0.47127056919341787
SAMN31484065,SAMN09847842,0.46111257579752174
SAMN31484065,SAMN09847843,0.4881384314819983
SAMN31484065,SAMN09847844,0.44891559968643846
SAMN31484065,SAMN09847845,0.48119681581114465
SAMN31484065,SAMN09847846,0.48237885462555063
SAMN31484065,SAMN09847847,0.47020933977455714
SAMN31484065,SAMN09847848,0.47470076169749725
SAMN31484065,SAMN09847849,0.4751696065128901
SAMN31484065,SAMN09847850,0.4683884853376379
SAMN31484065,SAMN09847851,0.46973754686663094
SAMN31484065,SAMN09847852,0.4845303867403315
SAMN31484065,SAMN09847853,0.47290374764087356
SAMN31484065,SAMN09847854,0.44636316064887493
SAMN31484065,SAMN09847855,0.46535704804884526
SAMN31484065,SAMN09847856,0.45632333767926986
SAMN31484065,SAMN09847857,0.44915700737618547
SAMN31484065,SAMN09847858,0.4799780581459133
SAMN31484065,SAMN09847859,0.4588574423480084
SAMN31484065,SAMN09847860,0.47220723151645977
SAMN31484065,SAMN09847861,0.45518316445830087
SAMN31484065,SAMN09847862,0.4618018967334036
SAMN31484065,SAMN09847863,0.462289029535865
SAMN31484065,SAMN09847864,0.41578266494178523
SAMN31484065,SAMN09847865,0.46002104155707524
SAMN31484065,SAMN09847866,0.47308628617798215
SAMN31484065,SAMN09847867,0.46725711218464844
SAMN31484062,SAMN02649746,0.46613119143239623
SAMN31484062,SAMN02649748,0.44992295839753466
SAMN31484062,SAMN02649749,0.4553734061930783
SAMN31484062,SAMN02649750,0.449616368286445
SAMN31484062,SAMN02649751,0.4632275132275132
SAMN31484062,SAMN02649752,0.46271409749670617
SAMN31484062,SAMN02649753,0.4607095926412615
SAMN31484062,SAMN02649754,0.4602466544214117
SAMN31484062,SAMN02649755,0.4770567472169427
SAMN31484062,SAMN02649756,0.46143722032113715
SAMN31484062,SAMN02649757,0.458148631029987
SAMN31484062,SAMN02649758,0.4551399424535705
SAMN31484062,SAMN02649759,0.46157908634803274
SAMN31484062,SAMN02649760,0.4589257503949447
SAMN31484062,SAMN02649761,0.45193798449612405
SAMN31484062,SAMN02649762,0.45332298939746574
SAMN31484062,SAMN02649763,0.42860678049987627
SAMN31484062,SAMN02649764,0.4619235836627141
SAMN31484062,SAMN02649765,0.46062992125984253
SAMN31484062,SAMN02649766,0.4665071770334928
SAMN31484062,SAMN02649767,0.46073023377987915
SAMN31484062,SAMN02649769,0.45634610372686996
SAMN31484062,SAMN02649770,0.46065057712486884
SAMN31484062,SAMN02649771,0.46622340425531916
SAMN31484062,SAMN02649772,0.45932513732670677
SAMN31484062,SAMN02649773,0.46900992755567483
SAMN31484062,SAMN02649774,0.45569948186528497
SAMN31484062,SAMN02649775,0.45764033264033266
SAMN31484062,SAMN02649776,0.46583355490561024
SAMN31484062,SAMN02649777,0.4686415799306112
SAMN31484062,SAMN02649778,0.4566744730679157
SAMN31484062,SAMN02649779,0.4601839684625493
SAMN31484062,SAMN02649780,0.46548061603823687
SAMN31484062,SAMN02649781,0.45871559633027525
SAMN31484062,SAMN02649782,0.4564650677789364
SAMN31484062,SAMN02649783,0.4588574423480084
SAMN31484062,SAMN02649784,0.456629330554832
SAMN31484062,SAMN02649785,0.4604259794898764
SAMN31484062,SAMN02649786,0.4596224436287362
SAMN31484062,SAMN02649787,0.4589220303506018
SAMN31484062,SAMN02649788,0.45998953974895396
SAMN31484062,SAMN02649789,0.4521469218830833
SAMN31484062,SAMN02649790,0.45192059809229185
SAMN31484062,SAMN02649791,0.4510050251256281
SAMN31484062,SAMN02649792,0.47606019151846785
SAMN31484062,SAMN02649793,0.46919558783965565
SAMN31484062,SAMN02649794,0.4528545595453371
SAMN31484062,SAMN02649795,0.45776850886339937
SAMN31484062,SAMN02649796,0.44259443339960236
SAMN31484062,SAMN02649797,0.45100051308363265
SAMN31484062,SAMN02649798,0.4545926310326933
SAMN31484062,SAMN02649799,0.45844223732357553
SAMN31484062,SAMN02649800,0.4633438818565401
SAMN31484062,SAMN02649801,0.46953500801710313
SAMN31484062,SAMN02649802,0.4583224457799843
SAMN31484062,SAMN02649803,0.4553941908713693
SAMN31484062,SAMN02649804,0.4529229177444387
SAMN31484062,SAMN02649805,0.4577938891765924
SAMN31484062,SAMN02649806,0.46172122492080253
SAMN31484062,SAMN02649807,0.458934662818158
SAMN31484062,SAMN02649808,0.46318289786223277
SAMN31484062,SAMN02649809,0.4737837837837838
SAMN31484062,SAMN02649810,0.39751552795031053
SAMN31484062,SAMN02649811,0.4596224436287362
SAMN31484062,SAMN02649812,0.45686070686070684
SAMN31484062,SAMN02649813,0.4540750323415265
SAMN31484062,SAMN02649814,0.4757804090419806
SAMN31484062,SAMN02649815,0.4618421052631579
SAMN31484062,SAMN03859721,0.4462130937098845
SAMN31484062,SAMN03859722,0.39914594323034414
SAMN31484062,SAMN03859723,0.47156013001083424
SAMN31484062,SAMN03859724,0.42530213422473645
SAMN31484062,SAMN03859727,0.454025974025974
SAMN31484062,SAMN03859728,0.46778559826746074
SAMN31484062,SAMN03859729,0.47109670448406266
SAMN31484062,SAMN03859732,0.42736356648731744
SAMN31484062,SAMN03859735,0.4368448637316562
SAMN31484062,SAMN03859736,0.47033671833244256
SAMN31484062,SAMN03859737,0.44740853658536583
SAMN31484062,SAMN03859738,0.46085128744088283
SAMN31484062,SAMN03859740,0.461270436880193
SAMN31484062,SAMN03859741,0.45951859956236324
SAMN31484062,SAMN03859743,0.44874835309617916
SAMN31484062,SAMN03859744,0.47071583514099785
SAMN31484062,SAMN03859745,0.47509578544061304
SAMN31484062,SAMN03859747,0.44123819517313745
SAMN31484062,SAMN03859748,0.4174503657262278
SAMN31484062,SAMN03859752,0.4772475027746948
SAMN31484062,SAMN03859753,0.4687330070690593
SAMN31484062,SAMN03859755,0.4692706910680142
SAMN31484062,SAMN03859756,0.5320349985887666
SAMN31484062,SAMN03859757,0.4791666666666667
SAMN31484062,SAMN03859758,0.4658385093167702
SAMN31484062,SAMN03859759,0.44543313268777807
SAMN31484062,SAMN03859760,0.439513998943476
SAMN31484062,SAMN03859761,0.44546891464699684
SAMN31484062,SAMN03859762,0.47282608695652173
SAMN31484062,SAMN03859763,0.44264900662251655
SAMN31484062,SAMN03859765,0.4163403811015401
SAMN31484062,SAMN03859766,0.4720961281708945
SAMN31484062,SAMN03859767,0.4507116499736426
SAMN31484062,SAMN03859769,0.4793160507446222
SAMN31484062,SAMN03859770,0.45447347585114806
SAMN31484062,SAMN03859774,0.4637172916104667
SAMN31484062,SAMN03859775,0.5445321307779031
SAMN31484062,SAMN03859776,0.47097301717089124
SAMN31484062,SAMN03859777,0.4688354291962821
SAMN31484062,SAMN03859778,0.44970884065643196
SAMN31484062,SAMN03859783,0.4720496894409938
SAMN31484062,SAMN03859784,0.5322136563876652
SAMN31484062,SAMN03859785,0.45914813822662737
SAMN31484062,SAMN03859786,0.4634920634920635
SAMN31484062,SAMN03859787,0.45435356200527705
SAMN31484062,SAMN03859789,0.5289814293753518
SAMN31484062,SAMN03859790,0.456089148315203
SAMN31484062,SAMN03859792,0.4516215491825248
SAMN31484062,SAMN03859793,0.46752896793317167
SAMN31484062,SAMN03859794,0.4567669172932331
SAMN31484062,SAMN03859795,0.4532296971321362
SAMN31484062,SAMN03859796,0.4628844114528102
SAMN31484062,SAMN03859797,0.5501432664756447
SAMN31484062,SAMN03859798,0.44394971189104243
SAMN31484062,SAMN03859799,0.549114791547687
SAMN31484062,SAMN03859800,0.4440969507427678
SAMN31484062,SAMN03859801,0.4545212056548413
SAMN31484062,SAMN03859802,0.4749190938511327
SAMN31484062,SAMN03859803,0.4529960053262317
SAMN31484062,SAMN03859805,0.4708087841456883
SAMN31484062,SAMN03859806,0.5426601551278368
SAMN31484062,SAMN03859807,0.4638955502264855
SAMN31484062,SAMN03859808,0.45882990249187433
SAMN31484062,SAMN03859809,0.5196913251729643
SAMN31484062,SAMN03859813,0.4455026455026455
SAMN31484062,SAMN03859814,0.4141096249672174
SAMN31484062,SAMN03859815,0.544042913608131
SAMN31484062,SAMN03859816,0.5466964036799554
SAMN31484062,SAMN03859817,0.4718196457326892
SAMN31484062,SAMN03859818,0.6534623525854248
SAMN31484062,SAMN03859819,0.52617155385037
SAMN31484062,SAMN03859820,0.6611265004616805
SAMN31484062,SAMN03859821,0.6590346534653465
SAMN31484062,SAMN03859824,0.4570428225154861
SAMN31484062,SAMN03859826,0.44865591397849464
SAMN31484062,SAMN03859829,0.46107620868615135
SAMN31484062,SAMN03859830,0.4513083355813326
SAMN31484062,SAMN03859831,0.4463123644251627
SAMN31484062,SAMN03859833,0.5378103837471784
SAMN31484062,SAMN03859838,0.4350166623942579
SAMN31484062,SAMN03859839,0.465512577765756
SAMN31484062,SAMN03859840,0.47265836491608015
SAMN31484062,SAMN04244164,0.4447737068965517
SAMN31484062,SAMN04244165,0.4509290761580738
SAMN31484062,SAMN04244166,0.4612903225806452
SAMN31484062,SAMN09847804,0.47066738428417654
SAMN31484062,SAMN09847805,0.47020933977455714
SAMN31484062,SAMN09847806,0.4726327312534209
SAMN31484062,SAMN09847807,0.4812601846822379
SAMN31484062,SAMN09847808,0.47793916141408604
SAMN31484062,SAMN09847809,0.477124183006536
SAMN31484062,SAMN09847810,0.47875816993464054
SAMN31484062,SAMN09847811,0.4429460580912863
SAMN31484062,SAMN09847812,0.44119989381470665
SAMN31484062,SAMN09847813,0.47235772357723577
SAMN31484062,SAMN09847814,0.4516298633017876
SAMN31484062,SAMN09847815,0.4853882549401614
SAMN31484062,SAMN09847816,0.46164021164021163
SAMN31484062,SAMN09847817,0.4736410816716744
SAMN31484062,SAMN09847818,0.469371305749597
SAMN31484062,SAMN09847819,0.46748400852878463
SAMN31484062,SAMN09847820,0.4672174840085288
SAMN31484062,SAMN09847821,0.4495389344262295
SAMN31484062,SAMN09847822,0.4670929922728484
SAMN31484062,SAMN09847823,0.4669685668620139
SAMN31484062,SAMN09847824,0.48451327433628316
SAMN31484062,SAMN09847825,0.47305713512049824
SAMN31484062,SAMN09847826,0.4717438105489774
SAMN31484062,SAMN09847827,0.4716016150740242
SAMN31484062,SAMN09847828,0.4714747039827772
SAMN31484062,SAMN09847829,0.4719978459881529
SAMN31484062,SAMN09847830,0.4716168953457089
SAMN31484062,SAMN09847831,0.4558938329430133
SAMN31484062,SAMN09847832,0.48400441257584115
SAMN31484062,SAMN09847833,0.47685185185185186
SAMN31484062,SAMN09847834,0.46764314247669775
SAMN31484062,SAMN09847835,0.4737557791677998
SAMN31484062,SAMN09847836,0.4772789115646259
SAMN31484062,SAMN09847837,0.48376353039134057
SAMN31484062,SAMN09847838,0.47058823529411764
SAMN31484062,SAMN09847839,0.47058823529411764
SAMN31484062,SAMN09847840,0.4704459967759269
SAMN31484062,SAMN09847841,0.46673791076676463
SAMN31484062,SAMN09847842,0.45830065359477123
SAMN31484062,SAMN09847843,0.48328267477203646
SAMN31484062,SAMN09847844,0.4466044582685329
SAMN31484062,SAMN09847845,0.47648817613481925
SAMN31484062,SAMN09847846,0.4776444929116685
SAMN31484062,SAMN09847847,0.46766036731434657
SAMN31484062,SAMN09847848,0.4728744939271255
SAMN31484062,SAMN09847849,0.47175901022054867
SAMN31484062,SAMN09847850,0.4642857142857143
SAMN31484062,SAMN09847851,0.46602972399150744
SAMN31484062,SAMN09847852,0.4801641586867305
SAMN31484062,SAMN09847853,0.4691423991450708
SAMN31484062,SAMN09847854,0.44219803006739244
SAMN31484062,SAMN09847855,0.4609518800946621
SAMN31484062,SAMN09847856,0.4528301886792453
SAMN31484062,SAMN09847857,0.44531453928478204
SAMN31484062,SAMN09847858,0.4752851711026616
SAMN31484062,SAMN09847859,0.4553246753246753
SAMN31484062,SAMN09847860,0.46766435061464456
SAMN31484062,SAMN09847861,0.45171259335565284
SAMN31484062,SAMN09847862,0.4574634655532359
SAMN31484062,SAMN09847863,0.45794148380355276
SAMN31484062,SAMN09847864,0.4123076923076923
SAMN31484062,SAMN09847865,0.45570609692548203
SAMN31484062,SAMN09847866,0.46891747052518756
SAMN31484062,SAMN09847867,0.46356382978723404
SAMN31484067,SAMN02649746,0.6081971911722557
SAMN31484067,SAMN02649748,0.5624324324324325
SAMN31484067,SAMN02649749,0.5792666115246761
SAMN31484067,SAMN02649750,0.7322388059701492
SAMN31484067,SAMN02649751,0.5778334725703147
SAMN31484067,SAMN02649752,0.7473878303626306
SAMN31484067,SAMN02649753,0.749539028887523
SAMN31484067,SAMN02649754,0.5732818106541541
SAMN31484067,SAMN02649755,0.5942236202459251
SAMN31484067,SAMN02649756,0.5744739756367664
SAMN31484067,SAMN02649757,0.7556713672593501
SAMN31484067,SAMN02649758,0.749462695732269
SAMN31484067,SAMN02649759,0.571072319201995
SAMN31484067,SAMN02649760,0.5997745208568207
SAMN31484067,SAMN02649761,0.7383685800604229
SAMN31484067,SAMN02649762,0.7449969678593087
SAMN31484067,SAMN02649763,0.8719898605830165
SAMN31484067,SAMN02649764,0.5759844703272324
SAMN31484067,SAMN02649765,0.5737161789066814
SAMN31484067,SAMN02649766,0.582749929991599
SAMN31484067,SAMN02649767,0.574350469872858
SAMN31484067,SAMN02649769,0.7512239902080783
SAMN31484067,SAMN02649770,0.5802161263507897
SAMN31484067,SAMN02649771,0.5794183445190156
SAMN31484067,SAMN02649772,0.5806362378976487
SAMN31484067,SAMN02649773,0.578503095104108
SAMN31484067,SAMN02649774,0.5729907053034445
SAMN31484067,SAMN02649775,0.5711159737417943
SAMN31484067,SAMN02649776,0.581629795575469
SAMN31484067,SAMN02649777,0.5819304152637486
SAMN31484067,SAMN02649778,0.7457369062119367
SAMN31484067,SAMN02649779,0.7489244007375537
SAMN31484067,SAMN02649780,0.5833099971996639
SAMN31484067,SAMN02649781,0.5776363133130362
SAMN31484067,SAMN02649782,0.5745734727572922
SAMN31484067,SAMN02649783,0.5733995584988962
SAMN31484067,SAMN02649784,0.5694710879693067
SAMN31484067,SAMN02649785,0.5732853982300885
SAMN31484067,SAMN02649786,0.5742683600220873
SAMN31484067,SAMN02649787,0.5741455347298787
SAMN31484067,SAMN02649788,0.576509511993383
SAMN31484067,SAMN02649789,0.5703359737776563
SAMN31484067,SAMN02649790,0.7444041137326074
SAMN31484067,SAMN02649791,0.46577380952380953
SAMN31484067,SAMN02649792,0.5890804597701149
SAMN31484067,SAMN02649793,0.5857183338056107
SAMN31484067,SAMN02649794,0.5636709204452892
SAMN31484067,SAMN02649795,0.5720559978040077
SAMN31484067,SAMN02649796,0.5751789976133651
SAMN31484067,SAMN02649797,0.739039039039039
SAMN31484067,SAMN02649798,0.5664392905866303
SAMN31484067,SAMN02649799,0.5713500137475942
SAMN31484067,SAMN02649800,0.5758247851400056
SAMN31484067,SAMN02649801,0.582139848357203
SAMN31484067,SAMN02649802,0.5711929631665751
SAMN31484067,SAMN02649803,0.7623428396197486
SAMN31484067,SAMN02649804,0.571584699453552
SAMN31484067,SAMN02649805,0.5678542289910253
SAMN31484067,SAMN02649806,0.5698865208967617
SAMN31484067,SAMN02649807,0.7490786240786241
SAMN31484067,SAMN02649808,0.5740022172949002
SAMN31484067,SAMN02649809,0.5856980703745743
SAMN31484067,SAMN02649810,0.39096836512919586
SAMN31484067,SAMN02649811,0.572098152743314
SAMN31484067,SAMN02649812,0.5707250341997264
SAMN31484067,SAMN02649813,0.5685472880893977
SAMN31484067,SAMN02649814,0.6221131639722863
SAMN31484067,SAMN02649815,0.5753045404208195
SAMN31484067,SAMN03859721,0.7394451145958987
SAMN31484067,SAMN03859722,0.39180287875091485
SAMN31484067,SAMN03859723,0.7465495608531995
SAMN31484067,SAMN03859724,0.4725103734439834
SAMN31484067,SAMN03859727,0.7629151291512916
SAMN31484067,SAMN03859728,0.5859018264840182
SAMN31484067,SAMN03859729,0.5864127345082433
SAMN31484067,SAMN03859732,0.8329585608737552
SAMN31484067,SAMN03859735,0.47997892518440466
SAMN31484067,SAMN03859736,0.6014204545454546
SAMN31484067,SAMN03859737,0.772644376899696
SAMN31484067,SAMN03859738,0.5810660744031094
SAMN31484067,SAMN03859740,0.754160125588697
SAMN31484067,SAMN03859741,0.56987087517934
SAMN31484067,SAMN03859743,0.4811990533789114
SAMN31484067,SAMN03859744,0.5846636259977195
SAMN31484067,SAMN03859745,0.7595541401273885
SAMN31484067,SAMN03859747,0.7187786259541985
SAMN31484067,SAMN03859748,0.3905976494123531
SAMN31484067,SAMN03859752,0.43393748358287365
SAMN31484067,SAMN03859753,0.7622533418204965
SAMN31484067,SAMN03859755,0.7627877237851662
SAMN31484067,SAMN03859756,0.44869791666666664
SAMN31484067,SAMN03859757,0.573094425483504
SAMN31484067,SAMN03859758,0.753230381342578
SAMN31484067,SAMN03859759,0.4988079470198675
SAMN31484067,SAMN03859760,0.4881428190780709
SAMN31484067,SAMN03859761,0.48064261258888596
SAMN31484067,SAMN03859762,0.6022497836746467
SAMN31484067,SAMN03859763,0.4966478948779834
SAMN31484067,SAMN03859765,0.3909454727363682
SAMN31484067,SAMN03859766,0.4262626262626263
SAMN31484067,SAMN03859767,0.7404320987654321
SAMN31484067,SAMN03859769,0.5957632037144516
SAMN31484067,SAMN03859770,0.46231546231546233
SAMN31484067,SAMN03859774,0.592953308507591
SAMN31484067,SAMN03859775,0.4637643378519291
SAMN31484067,SAMN03859776,0.5733788395904437
SAMN31484067,SAMN03859777,0.5674445076835515
SAMN31484067,SAMN03859778,0.4542627623736719
SAMN31484067,SAMN03859783,0.7688410386320456
SAMN31484067,SAMN03859784,0.4448669201520912
SAMN31484067,SAMN03859785,0.7400249376558603
SAMN31484067,SAMN03859786,0.7577543424317618
SAMN31484067,SAMN03859787,0.472490221642764
SAMN31484067,SAMN03859789,0.44912828519385894
SAMN31484067,SAMN03859790,0.49072110286320253
SAMN31484067,SAMN03859792,0.4842245989304813
SAMN31484067,SAMN03859793,0.7402556906766449
SAMN31484067,SAMN03859794,0.48822269807280516
SAMN31484067,SAMN03859795,0.484241452991453
SAMN31484067,SAMN03859796,0.7399199753770391
SAMN31484067,SAMN03859797,0.4626747560010551
SAMN31484067,SAMN03859798,0.4796960964107938
SAMN31484067,SAMN03859799,0.4612352168199737
SAMN31484067,SAMN03859800,0.7395035243640822
SAMN31484067,SAMN03859801,0.4885455514118274
SAMN31484067,SAMN03859802,0.5888857385880352
SAMN31484067,SAMN03859803,0.48184468592631857
SAMN31484067,SAMN03859805,0.5882020886254586
SAMN31484067,SAMN03859806,0.455579058699101
SAMN31484067,SAMN03859807,0.5923620933521924
SAMN31484067,SAMN03859808,0.5565266422328728
SAMN31484067,SAMN03859809,0.4695827048768225
SAMN31484067,SAMN03859813,0.49745921369350093
SAMN31484067,SAMN03859814,0.3925422020660116
SAMN31484067,SAMN03859815,0.459375
SAMN31484067,SAMN03859816,0.4650683165764372
SAMN31484067,SAMN03859817,0.5810354530106921
SAMN31484067,SAMN03859818,0.4686762778505898
SAMN31484067,SAMN03859819,0.45770508561206236
SAMN31484067,SAMN03859820,0.46620726212562946
SAMN31484067,SAMN03859821,0.4577035269159374
SAMN31484067,SAMN03859824,0.5998268897864975
SAMN31484067,SAMN03859826,0.4869448183041723
SAMN31484067,SAMN03859829,0.5637296834901625
SAMN31484067,SAMN03859830,0.5802292263610315
SAMN31484067,SAMN03859831,0.45104802334836824
SAMN31484067,SAMN03859833,0.45178060826618144
SAMN31484067,SAMN03859838,0.48024786986831913
SAMN31484067,SAMN03859839,0.5920298165137615
SAMN31484067,SAMN03859840,0.5874145785876993
SAMN31484067,SAMN04244164,0.43926701570680626
SAMN31484067,SAMN04244165,0.7393568147013783
SAMN31484067,SAMN04244166,0.5944476244991413
SAMN31484067,SAMN09847804,0.5828151498021481
SAMN31484067,SAMN09847805,0.5864895421141888
SAMN31484067,SAMN09847806,0.595603124096037
SAMN31484067,SAMN09847807,0.6214099216710183
SAMN31484067,SAMN09847808,0.5898763301696865
SAMN31484067,SAMN09847809,0.592836676217765
SAMN31484067,SAMN09847810,0.5945558739255015
SAMN31484067,SAMN09847811,0.48488796248045857
SAMN31484067,SAMN09847812,0.43661244513297187
SAMN31484067,SAMN09847813,0.7687420584498094
SAMN31484067,SAMN09847814,0.4886842105263158
SAMN31484067,SAMN09847815,0.588388969521045
SAMN31484067,SAMN09847816,0.7621419676214197
SAMN31484067,SAMN09847817,0.6010422698320788
SAMN31484067,SAMN09847818,0.7734177215189874
SAMN31484067,SAMN09847819,0.582328190743338
SAMN31484067,SAMN09847820,0.5820476858345021
SAMN31484067,SAMN09847821,0.7394175923146202
SAMN31484067,SAMN09847822,0.5818844643858665
SAMN31484067,SAMN09847823,0.5817213344547238
SAMN31484067,SAMN09847824,0.5923032407407407
SAMN31484067,SAMN09847825,0.5851578049473983
SAMN31484067,SAMN09847826,0.5875354107648725
SAMN31484067,SAMN09847827,0.5874185321620856
SAMN31484067,SAMN09847828,0.5872521246458924
SAMN31484067,SAMN09847829,0.5874185321620856
SAMN31484067,SAMN09847830,0.5873690172755593
SAMN31484067,SAMN09847831,0.7528296115019883
SAMN31484067,SAMN09847832,0.5942196531791908
SAMN31484067,SAMN09847833,0.5825740318906606
SAMN31484067,SAMN09847834,0.5815126050420169
SAMN31484067,SAMN09847835,0.5904925544100802
SAMN31484067,SAMN09847836,0.5929000858860578
SAMN31484067,SAMN09847837,0.5877752027809965
SAMN31484067,SAMN09847838,0.5865384615384616
SAMN31484067,SAMN09847839,0.5865384615384616
SAMN31484067,SAMN09847840,0.591825149020721
SAMN31484067,SAMN09847841,0.7633228840125392
SAMN31484067,SAMN09847842,0.574696802646086
SAMN31484067,SAMN09847843,0.5845090699683271
SAMN31484067,SAMN09847844,0.47700258397932815
SAMN31484067,SAMN09847845,0.5937589464643573
SAMN31484067,SAMN09847846,0.5935169248422261
SAMN31484067,SAMN09847847,0.581024349286314
SAMN31484067,SAMN09847848,0.6009161179501861
SAMN31484067,SAMN09847849,0.5843458604125459
SAMN31484067,SAMN09847850,0.5723463687150838
SAMN31484067,SAMN09847851,0.5789620535714286
SAMN31484067,SAMN09847852,0.5975223278594065
SAMN31484067,SAMN09847853,0.5825842696629213
SAMN31484067,SAMN09847854,0.47795643153526973
SAMN31484067,SAMN09847855,0.758109360518999
SAMN31484067,SAMN09847856,0.7442424242424243
SAMN31484067,SAMN09847857,0.4836515825268114
SAMN31484067,SAMN09847858,0.5919359450957964
SAMN31484067,SAMN09847859,0.7488570557756782
SAMN31484067,SAMN09847860,0.7717254408060453
SAMN31484067,SAMN09847861,0.7406513872135102
SAMN31484067,SAMN09847862,0.7519142419601837
SAMN31484067,SAMN09847863,0.7528365532045385
SAMN31484067,SAMN09847864,0.3868272302777095
SAMN31484067,SAMN09847865,0.7509179926560587
SAMN31484067,SAMN09847866,0.7624725447128962
SAMN31484067,SAMN09847867,0.7574812967581047
SAMN31484068,SAMN02649746,0.5916273911838092
SAMN31484068,SAMN02649748,0.5473821989528795
SAMN31484068,SAMN02649749,0.5621333333333334
SAMN31484068,SAMN02649750,0.7227061556329849
SAMN31484068,SAMN02649751,0.5618431689571544
SAMN31484068,SAMN02649752,0.7324992552874591
SAMN31484068,SAMN02649753,0.736653742916791
SAMN31484068,SAMN02649754,0.5592404386199519
SAMN31484068,SAMN02649755,0.5816467978929859
SAMN31484068,SAMN02649756,0.5590994371482176
SAMN31484068,SAMN02649757,0.7323277136941734
SAMN31484068,SAMN02649758,0.7371087928464978
SAMN31484068,SAMN02649759,0.5562114301046418
SAMN31484068,SAMN02649760,0.5850395850395851
SAMN31484068,SAMN02649761,0.7310973815828185
SAMN31484068,SAMN02649762,0.7334315169366715
SAMN31484068,SAMN02649763,0.9198728139904611
SAMN31484068,SAMN02649764,0.5630545845657435
SAMN31484068,SAMN02649765,0.5584068430900828
SAMN31484068,SAMN02649766,0.5673624288425048
SAMN31484068,SAMN02649767,0.5581706338593206
SAMN31484068,SAMN02649769,0.7398929845422116
SAMN31484068,SAMN02649770,0.5617135207496653
SAMN31484068,SAMN02649771,0.5641580942068218
SAMN31484068,SAMN02649772,0.5584
SAMN31484068,SAMN02649773,0.5648854961832062
SAMN31484068,SAMN02649774,0.5570256681661815
SAMN31484068,SAMN02649775,0.5568513119533528
SAMN31484068,SAMN02649776,0.5645816409423233
SAMN31484068,SAMN02649777,0.5669654985058408
SAMN31484068,SAMN02649778,0.73205317577548
SAMN31484068,SAMN02649779,0.7365751789976134
SAMN31484068,SAMN02649780,0.5670549986453536
SAMN31484068,SAMN02649781,0.5646806226516371
SAMN31484068,SAMN02649782,0.5576257652382219
SAMN31484068,SAMN02649783,0.5597753410002675
SAMN31484068,SAMN02649784,0.5548181576851606
SAMN31484068,SAMN02649785,0.5608905579399142
SAMN31484068,SAMN02649786,0.5606101150655606
SAMN31484068,SAMN02649787,0.5592632140950347
SAMN31484068,SAMN02649788,0.55863539445629
SAMN31484068,SAMN02649789,0.5507781587971512
SAMN31484068,SAMN02649790,0.7374779021803182
SAMN31484068,SAMN02649791,0.4508767715589719
SAMN31484068,SAMN02649792,0.5752852769273588
SAMN31484068,SAMN02649793,0.5687671232876712
SAMN31484068,SAMN02649794,0.5521876647337902
SAMN31484068,SAMN02649795,0.5556440903054449
SAMN31484068,SAMN02649796,0.5684754521963824
SAMN31484068,SAMN02649797,0.7272462077012836
SAMN31484068,SAMN02649798,0.5515327695560254
SAMN31484068,SAMN02649799,0.5557625765238222
SAMN31484068,SAMN02649800,0.5612244897959183
SAMN31484068,SAMN02649801,0.5675822681533859
SAMN31484068,SAMN02649802,0.556028746340165
SAMN31484068,SAMN02649803,0.7465081723625557
SAMN31484068,SAMN02649804,0.5536185948230322
SAMN31484068,SAMN02649805,0.5521327014218009
SAMN31484068,SAMN02649806,0.5554959785522788
SAMN31484068,SAMN02649807,0.733115144302291
SAMN31484068,SAMN02649808,0.560720042987641
SAMN31484068,SAMN02649809,0.5760749724366042
SAMN31484068,SAMN02649810,0.3781001403837155
SAMN31484068,SAMN02649811,0.5585248530197755
SAMN31484068,SAMN02649812,0.5564687168610817
SAMN31484068,SAMN02649813,0.557702488088936
SAMN31484068,SAMN02649814,0.6058659217877095
SAMN31484068,SAMN02649815,0.5607401448109413
SAMN31484068,SAMN03859721,0.724561403508772
SAMN31484068,SAMN03859722,0.3807382867960246
SAMN31484068,SAMN03859723,0.7319148936170212
SAMN31484068,SAMN03859724,0.4585635359116022
SAMN31484068,SAMN03859727,0.7527653213751868
SAMN31484068,SAMN03859728,0.5740381954054802
SAMN31484068,SAMN03859729,0.5706820682068207
SAMN31484068,SAMN03859732,0.8621569878749202
SAMN31484068,SAMN03859735,0.4655787863335033
SAMN31484068,SAMN03859736,0.5873933388384256
SAMN31484068,SAMN03859737,0.7592210091472411
SAMN31484068,SAMN03859738,0.5625
SAMN31484068,SAMN03859740,0.7387469586374696
SAMN31484068,SAMN03859741,0.556698165647582
SAMN31484068,SAMN03859743,0.4641768292682927
SAMN31484068,SAMN03859744,0.5698123620309051
SAMN31484068,SAMN03859745,0.74860853432282
SAMN31484068,SAMN03859747,0.6988200589970501
SAMN31484068,SAMN03859748,0.3819815444390481
SAMN31484068,SAMN03859752,0.42069140823589224
SAMN31484068,SAMN03859753,0.7469173859432799
SAMN31484068,SAMN03859755,0.7473684210526316
SAMN31484068,SAMN03859756,0.4390798786653185
SAMN31484068,SAMN03859757,0.5616551724137931
SAMN31484068,SAMN03859758,0.7362000609942055
SAMN31484068,SAMN03859759,0.4856262833675565
SAMN31484068,SAMN03859760,0.4736977823620423
SAMN31484068,SAMN03859761,0.4673469387755102
SAMN31484068,SAMN03859762,0.5969101123595506
SAMN31484068,SAMN03859763,0.48376201610808
SAMN31484068,SAMN03859765,0.38231722127762935
SAMN31484068,SAMN03859766,0.4151359294636297
SAMN31484068,SAMN03859767,0.7205487623024157
SAMN31484068,SAMN03859769,0.5820685778527263
SAMN31484068,SAMN03859770,0.4483450351053159
SAMN31484068,SAMN03859774,0.5830319888734353
SAMN31484068,SAMN03859775,0.44783266129032256
SAMN31484068,SAMN03859776,0.5606394707828004
SAMN31484068,SAMN03859777,0.5561689207838808
SAMN31484068,SAMN03859778,0.43909774436090226
SAMN31484068,SAMN03859783,0.7587692307692308
SAMN31484068,SAMN03859784,0.43490031996062023
SAMN31484068,SAMN03859785,0.7298606904906118
SAMN31484068,SAMN03859786,0.7481905910735827
SAMN31484068,SAMN03859787,0.4595755432036382
SAMN31484068,SAMN03859789,0.43877808634183285
SAMN31484068,SAMN03859790,0.4789203084832905
SAMN31484068,SAMN03859792,0.47023809523809523
SAMN31484068,SAMN03859793,0.7321807703973309
SAMN31484068,SAMN03859794,0.47447525265612855
SAMN31484068,SAMN03859795,0.4706490819756918
SAMN31484068,SAMN03859796,0.727299880525687
SAMN31484068,SAMN03859797,0.4510355407824086
SAMN31484068,SAMN03859798,0.46761493522987047
SAMN31484068,SAMN03859799,0.45005096839959224
SAMN31484068,SAMN03859800,0.7177514792899409
SAMN31484068,SAMN03859801,0.47409126063418405
SAMN31484068,SAMN03859802,0.5757076119813136
SAMN31484068,SAMN03859803,0.46617119425935416
SAMN31484068,SAMN03859805,0.5751025991792066
SAMN31484068,SAMN03859806,0.4441312147616607
SAMN31484068,SAMN03859807,0.5786732456140351
SAMN31484068,SAMN03859808,0.5406215921483097
SAMN31484068,SAMN03859809,0.45330739299610895
SAMN31484068,SAMN03859813,0.4818934299017072
SAMN31484068,SAMN03859814,0.3827914935223662
SAMN31484068,SAMN03859815,0.4428787116255662
SAMN31484068,SAMN03859816,0.4499875280618608
SAMN31484068,SAMN03859817,0.5686221009549796
SAMN31484068,SAMN03859818,0.452863659401926
SAMN31484068,SAMN03859819,0.4426310583580613
SAMN31484068,SAMN03859820,0.452539763981529
SAMN31484068,SAMN03859821,0.4443018480492813
SAMN31484068,SAMN03859824,0.5781423804226918
SAMN31484068,SAMN03859826,0.470481144343303
SAMN31484068,SAMN03859829,0.5482625482625483
SAMN31484068,SAMN03859830,0.5598231555678365
SAMN31484068,SAMN03859831,0.4382224505522733
SAMN31484068,SAMN03859833,0.4377358490566038
SAMN31484068,SAMN03859838,0.4664832416208104
SAMN31484068,SAMN03859839,0.5759844703272324
SAMN31484068,SAMN03859840,0.5711925089507023
SAMN31484068,SAMN04244164,0.43169676926990586
SAMN31484068,SAMN04244165,0.7263001485884101
SAMN31484068,SAMN04244166,0.5774764803541782
SAMN31484068,SAMN09847804,0.5672866520787746
SAMN31484068,SAMN09847805,0.5699835975943138
SAMN31484068,SAMN09847806,0.5788590604026845
SAMN31484068,SAMN09847807,0.6100788288288288
SAMN31484068,SAMN09847808,0.5734149054505006
SAMN31484068,SAMN09847809,0.5767738359201774
SAMN31484068,SAMN09847810,0.5810660744031094
SAMN31484068,SAMN09847811,0.4704843592330979
SAMN31484068,SAMN09847812,0.4306532663316583
SAMN31484068,SAMN09847813,0.7608158220024722
SAMN31484068,SAMN09847814,0.475146571501402
SAMN31484068,SAMN09847815,0.5758087201125176
SAMN31484068,SAMN09847816,0.7481884057971014
SAMN31484068,SAMN09847817,0.5858783973101709
SAMN31484068,SAMN09847818,0.7545899632802937
SAMN31484068,SAMN09847819,0.5673546985334058
SAMN31484068,SAMN09847820,0.5670831070070613
SAMN31484068,SAMN09847821,0.7321637426900585
SAMN31484068,SAMN09847822,0.5669291338582677
SAMN31484068,SAMN09847823,0.5663500678426051
SAMN31484068,SAMN09847824,0.5787556053811659
SAMN31484068,SAMN09847825,0.5703275529865125
SAMN31484068,SAMN09847826,0.570958904109589
SAMN31484068,SAMN09847827,0.570841326390792
SAMN31484068,SAMN09847828,0.5706849315068493
SAMN31484068,SAMN09847829,0.570841326390792
SAMN31484068,SAMN09847830,0.5708025198575732
SAMN31484068,SAMN09847831,0.7409387997623291
SAMN31484068,SAMN09847832,0.5801847187237615
SAMN31484068,SAMN09847833,0.57257395631739
SAMN31484068,SAMN09847834,0.5653116531165312
SAMN31484068,SAMN09847835,0.5732078605037365
SAMN31484068,SAMN09847836,0.5772853185595568
SAMN31484068,SAMN09847837,0.5730305578917858
SAMN31484068,SAMN09847838,0.5717415115005476
SAMN31484068,SAMN09847839,0.5717415115005476
SAMN31484068,SAMN09847840,0.5759406756385609
SAMN31484068,SAMN09847841,0.7503041362530414
SAMN31484068,SAMN09847842,0.5635536526625635
SAMN31484068,SAMN09847843,0.5730242948896956
SAMN31484068,SAMN09847844,0.46406210869020786
SAMN31484068,SAMN09847845,0.5763696734919757
SAMN31484068,SAMN09847846,0.5774139844617092
SAMN31484068,SAMN09847847,0.5661246612466124
SAMN31484068,SAMN09847848,0.5832872163807415
SAMN31484068,SAMN09847849,0.5692013129102844
SAMN31484068,SAMN09847850,0.5585926928281462
SAMN31484068,SAMN09847851,0.5645945945945946
SAMN31484068,SAMN09847852,0.5838682668155177
SAMN31484068,SAMN09847853,0.5680087051142546
SAMN31484068,SAMN09847854,0.4620015048908954
SAMN31484068,SAMN09847855,0.746998799519808
SAMN31484068,SAMN09847856,0.7373081463990555
SAMN31484068,SAMN09847857,0.46923271714358067
SAMN31484068,SAMN09847858,0.5763696734919757
SAMN31484068,SAMN09847859,0.7391819798458803
SAMN31484068,SAMN09847860,0.7541133455210237
SAMN31484068,SAMN09847861,0.7318075117370892
SAMN31484068,SAMN09847862,0.7410714285714286
SAMN31484068,SAMN09847863,0.7419547079856973
SAMN31484068,SAMN09847864,0.37978011472275336
SAMN31484068,SAMN09847865,0.7395957193816884
SAMN31484068,SAMN09847866,0.75
SAMN31484068,SAMN09847867,0.75
SAMN31484076,SAMN02649746,0.47191011235955055
SAMN31484076,SAMN02649748,0.4539861573955396
SAMN31484076,SAMN02649749,0.46137841352405723
SAMN31484076,SAMN02649750,0.4510703363914373
SAMN31484076,SAMN02649751,0.45814746785620575
SAMN31484076,SAMN02649752,0.4657030223390276
SAMN31484076,SAMN02649753,0.4640797063450446
SAMN31484076,SAMN02649754,0.4632295210677833
SAMN31484076,SAMN02649755,0.47371259099487734
SAMN31484076,SAMN02649756,0.46289011277209546
SAMN31484076,SAMN02649757,0.4611183355006502
SAMN31484076,SAMN02649758,0.46808510638297873
SAMN31484076,SAMN02649759,0.4645772978667369
SAMN31484076,SAMN02649760,0.4642293529721199
SAMN31484076,SAMN02649761,0.4666147051182125
SAMN31484076,SAMN02649762,0.46611269800051935
SAMN31484076,SAMN02649763,0.43008631319358814
SAMN31484076,SAMN02649764,0.462992125984252
SAMN31484076,SAMN02649765,0.46093545858374707
SAMN31484076,SAMN02649766,0.4602212855637513
SAMN31484076,SAMN02649767,0.4614177347632749
SAMN31484076,SAMN02649769,0.46924888772572626
SAMN31484076,SAMN02649770,0.4548764629388817
SAMN31484076,SAMN02649771,0.46767355590885
SAMN31484076,SAMN02649772,0.46077664842324734
SAMN31484076,SAMN02649773,0.46498002663115845
SAMN31484076,SAMN02649774,0.448178553104156
SAMN31484076,SAMN02649775,0.4560723514211886
SAMN31484076,SAMN02649776,0.46728476821192055
SAMN31484076,SAMN02649777,0.4623115577889447
SAMN31484076,SAMN02649778,0.45926310326933056
SAMN31484076,SAMN02649779,0.4635553224960671
SAMN31484076,SAMN02649780,0.47121252321570706
SAMN31484076,SAMN02649781,0.46169934640522875
SAMN31484076,SAMN02649782,0.4590590070184559
SAMN31484076,SAMN02649783,0.4614580611444996
SAMN31484076,SAMN02649784,0.45846313603322947
SAMN31484076,SAMN02649785,0.46226415094339623
SAMN31484076,SAMN02649786,0.4622222222222222
SAMN31484076,SAMN02649787,0.46037539103232533
SAMN31484076,SAMN02649788,0.458777633289987
SAMN31484076,SAMN02649789,0.45435791645177925
SAMN31484076,SAMN02649790,0.4642857142857143
SAMN31484076,SAMN02649791,0.4334074623177662
SAMN31484076,SAMN02649792,0.47550353837778986
SAMN31484076,SAMN02649793,0.46359029074419844
SAMN31484076,SAMN02649794,0.4543114543114543
SAMN31484076,SAMN02649795,0.4592207792207792
SAMN31484076,SAMN02649796,0.4461805555555556
SAMN31484076,SAMN02649797,0.46254826254826253
SAMN31484076,SAMN02649798,0.4560496380558428
SAMN31484076,SAMN02649799,0.4595157511064827
SAMN31484076,SAMN02649800,0.4640231092436975
SAMN31484076,SAMN02649801,0.4628011649457241
SAMN31484076,SAMN02649802,0.46015625
SAMN31484076,SAMN02649803,0.4545923632610939
SAMN31484076,SAMN02649804,0.45438144329896907
SAMN31484076,SAMN02649805,0.45585585585585586
SAMN31484076,SAMN02649806,0.466649090429739
SAMN31484076,SAMN02649807,0.4626865671641791
SAMN31484076,SAMN02649808,0.4654038410944488
SAMN31484076,SAMN02649809,0.4708724832214765
SAMN31484076,SAMN02649810,0.40327787434815
SAMN31484076,SAMN02649811,0.4622222222222222
SAMN31484076,SAMN02649812,0.45717981888745146
SAMN31484076,SAMN02649813,0.45365602471678684
SAMN31484076,SAMN02649814,0.47681586705976947
SAMN31484076,SAMN02649815,0.46290956749672346
SAMN31484076,SAMN03859721,0.453261427837699
SAMN31484076,SAMN03859722,0.4021548484089201
SAMN31484076,SAMN03859723,0.4651100375738057
SAMN31484076,SAMN03859724,0.41993880673125955
SAMN31484076,SAMN03859727,0.45586331866425056
SAMN31484076,SAMN03859728,0.4625503355704698
SAMN31484076,SAMN03859729,0.46466809421841543
SAMN31484076,SAMN03859732,0.4354962810977174
SAMN31484076,SAMN03859735,0.4338885996876627
SAMN31484076,SAMN03859736,0.47649572649572647
SAMN31484076,SAMN03859737,0.45180111618467783
SAMN31484076,SAMN03859738,0.46230366492146596
SAMN31484076,SAMN03859740,0.47495961227786754
SAMN31484076,SAMN03859741,0.46984649122807015
SAMN31484076,SAMN03859743,0.42849754331523143
SAMN31484076,SAMN03859744,0.4674205708131395
SAMN31484076,SAMN03859745,0.47414262384322264
SAMN31484076,SAMN03859747,0.44881889763779526
SAMN31484076,SAMN03859748,0.4183142559833507
SAMN31484076,SAMN03859752,0.4750482492417976
SAMN31484076,SAMN03859753,0.4725990233315247
SAMN31484076,SAMN03859755,0.46835099157837545
SAMN31484076,SAMN03859756,0.5230382574699804
SAMN31484076,SAMN03859757,0.468978596586291
SAMN31484076,SAMN03859758,0.46534121440085974
SAMN31484076,SAMN03859759,0.4375647668393782
SAMN31484076,SAMN03859760,0.4437121012391247
SAMN31484076,SAMN03859761,0.43642522146951535
SAMN31484076,SAMN03859762,0.478685853923432
SAMN31484076,SAMN03859763,0.4384858044164038
SAMN31484076,SAMN03859765,0.4142671854734112
SAMN31484076,SAMN03859766,0.4715727948990436
SAMN31484076,SAMN03859767,0.45794885315054046
SAMN31484076,SAMN03859769,0.4795498215756245
SAMN31484076,SAMN03859770,0.4381818181818182
SAMN31484076,SAMN03859774,0.47271745002701243
SAMN31484076,SAMN03859775,0.5435940566302214
SAMN31484076,SAMN03859776,0.47886555767657485
SAMN31484076,SAMN03859777,0.47232069811835287
SAMN31484076,SAMN03859778,0.4420859538784067
SAMN31484076,SAMN03859783,0.4671845700508974
SAMN31484076,SAMN03859784,0.5431962462048027
SAMN31484076,SAMN03859785,0.4555851063829787
SAMN31484076,SAMN03859786,0.4603258013662638
SAMN31484076,SAMN03859787,0.4470864907238045
SAMN31484076,SAMN03859789,0.523862684900921
SAMN31484076,SAMN03859790,0.4378096479791395
SAMN31484076,SAMN03859792,0.43323676586779036
SAMN31484076,SAMN03859793,0.46271050521251
SAMN31484076,SAMN03859794,0.43939794032215473
SAMN31484076,SAMN03859795,0.4363300817295017
SAMN31484076,SAMN03859796,0.4666666666666667
SAMN31484076,SAMN03859797,0.5620689655172414
SAMN31484076,SAMN03859798,0.43683527885862516
SAMN31484076,SAMN03859799,0.5623387790197765
SAMN31484076,SAMN03859800,0.456567242281528
SAMN31484076,SAMN03859801,0.43692630474691846
SAMN31484076,SAMN03859802,0.4704308268664704
SAMN31484076,SAMN03859803,0.43432757718472004
SAMN31484076,SAMN03859805,0.46833422032996275
SAMN31484076,SAMN03859806,0.5532527345998849
SAMN31484076,SAMN03859807,0.4708233413269384
SAMN31484076,SAMN03859808,0.4591534106228094
SAMN31484076,SAMN03859809,0.5173234594022745
SAMN31484076,SAMN03859813,0.43905635648754915
SAMN31484076,SAMN03859814,0.41388308977035493
SAMN31484076,SAMN03859815,0.5500705218617772
SAMN31484076,SAMN03859816,0.5461858529819695
SAMN31484076,SAMN03859817,0.4619262403820642
SAMN31484076,SAMN03859818,0.6288170767862437
SAMN31484076,SAMN03859819,0.5362438220757826
SAMN31484076,SAMN03859820,0.6324503311258278
SAMN31484076,SAMN03859821,0.631244323342416
SAMN31484076,SAMN03859824,0.46760259179265656
SAMN31484076,SAMN03859826,0.4374834085479161
SAMN31484076,SAMN03859829,0.4665757162346521
SAMN31484076,SAMN03859830,0.45792880258899676
SAMN31484076,SAMN03859831,0.42933333333333334
SAMN31484076,SAMN03859833,0.5351836276983459
SAMN31484076,SAMN03859838,0.42995169082125606
SAMN31484076,SAMN03859839,0.46817691477885653
SAMN31484076,SAMN03859840,0.46817082997582593
SAMN31484076,SAMN04244164,0.4428380187416332
SAMN31484076,SAMN04244165,0.46424815983175605
SAMN31484076,SAMN04244166,0.4655218674537161
SAMN31484076,SAMN09847804,0.4729077253218884
SAMN31484076,SAMN09847805,0.47441735869274043
SAMN31484076,SAMN09847806,0.47813012575177694
SAMN31484076,SAMN09847807,0.48148148148148145
SAMN31484076,SAMN09847808,0.47415669205658323
SAMN31484076,SAMN09847809,0.4709851551956815
SAMN31484076,SAMN09847810,0.4753921038399135
SAMN31484076,SAMN09847811,0.43849716932578486
SAMN31484076,SAMN09847812,0.4400739176346357
SAMN31484076,SAMN09847813,0.4754054054054054
SAMN31484076,SAMN09847814,0.4343329886246122
SAMN31484076,SAMN09847815,0.4823106688778331
SAMN31484076,SAMN09847816,0.4743691899070385
SAMN31484076,SAMN09847817,0.4783201527133897
SAMN31484076,SAMN09847818,0.4720064291454594
SAMN31484076,SAMN09847819,0.46155878467635403
SAMN31484076,SAMN09847820,0.46168076109936573
SAMN31484076,SAMN09847821,0.4517364657814096
SAMN31484076,SAMN09847822,0.46155878467635403
SAMN31484076,SAMN09847823,0.4614368726888537
SAMN31484076,SAMN09847824,0.4794295117937466
SAMN31484076,SAMN09847825,0.46856528747984955
SAMN31484076,SAMN09847826,0.4649426819514796
SAMN31484076,SAMN09847827,0.4648
SAMN31484076,SAMN09847828,0.46467608637696617
SAMN31484076,SAMN09847829,0.4651907175246732
SAMN31484076,SAMN09847830,0.464818763326226
SAMN31484076,SAMN09847831,0.46839080459770116
SAMN31484076,SAMN09847832,0.48218201754385964
SAMN31484076,SAMN09847833,0.4711123110151188
SAMN31484076,SAMN09847834,0.4671436142024377
SAMN31484076,SAMN09847835,0.4692390717754992
SAMN31484076,SAMN09847836,0.47114347357065806
SAMN31484076,SAMN09847837,0.4807056229327453
SAMN31484076,SAMN09847838,0.4653702717101758
SAMN31484076,SAMN09847839,0.4653702717101758
SAMN31484076,SAMN09847840,0.4691423991450708
SAMN31484076,SAMN09847841,0.46780202235231505
SAMN31484076,SAMN09847842,0.4586153045288912
SAMN31484076,SAMN09847843,0.4786184210526316
SAMN31484076,SAMN09847844,0.4274439918533605
SAMN31484076,SAMN09847845,0.47076259768256534
SAMN31484076,SAMN09847846,0.47268793942671716
SAMN31484076,SAMN09847847,0.4687168610816543
SAMN31484076,SAMN09847848,0.47234156820622986
SAMN31484076,SAMN09847849,0.4732047159699893
SAMN31484076,SAMN09847850,0.4708233413269384
SAMN31484076,SAMN09847851,0.459374178280305
SAMN31484076,SAMN09847852,0.4755700325732899
SAMN31484076,SAMN09847853,0.46241397564849124
SAMN31484076,SAMN09847854,0.43812709030100333
SAMN31484076,SAMN09847855,0.46817464492372435
SAMN31484076,SAMN09847856,0.4644709543568465
SAMN31484076,SAMN09847857,0.4426867219917012
SAMN31484076,SAMN09847858,0.47076259768256534
SAMN31484076,SAMN09847859,0.4681794470526865
SAMN31484076,SAMN09847860,0.4675531914893617
SAMN31484076,SAMN09847861,0.463685706901008
SAMN31484076,SAMN09847862,0.47000261985852765
SAMN31484076,SAMN09847863,0.4704956726986625
SAMN31484076,SAMN09847864,0.4175204918032787
SAMN31484076,SAMN09847865,0.4682186764321214
SAMN31484076,SAMN09847866,0.466844207723036
SAMN31484076,SAMN09847867,0.46657824933687003
SAMN31484077,SAMN02649746,0.46918804549061094
SAMN31484077,SAMN02649748,0.4512040557667934
SAMN31484077,SAMN02649749,0.4565998972778634
SAMN31484077,SAMN02649750,0.45567375886524825
SAMN31484077,SAMN02649751,0.45752143413873736
SAMN31484077,SAMN02649752,0.4669098488796248
SAMN31484077,SAMN02649753,0.46682279469164717
SAMN31484077,SAMN02649754,0.4606625258799172
SAMN31484077,SAMN02649755,0.47922808898418656
SAMN31484077,SAMN02649756,0.4614586036854399
SAMN31484077,SAMN02649757,0.46423960753937515
SAMN31484077,SAMN02649758,0.4612794612794613
SAMN31484077,SAMN02649759,0.46235998958061997
SAMN31484077,SAMN02649760,0.4604989604989605
SAMN31484077,SAMN02649761,0.4576618060885137
SAMN31484077,SAMN02649762,0.45866393652418735
SAMN31484077,SAMN02649763,0.43185710790310744
SAMN31484077,SAMN02649764,0.46155844155844156
SAMN31484077,SAMN02649765,0.46255506607929514
SAMN31484077,SAMN02649766,0.4603340292275574
SAMN31484077,SAMN02649767,0.46227638060668913
SAMN31484077,SAMN02649769,0.46207430340557276
SAMN31484077,SAMN02649770,0.4550373615047668
SAMN31484077,SAMN02649771,0.46540880503144655
SAMN31484077,SAMN02649772,0.4593758060355945
SAMN31484077,SAMN02649773,0.46273373716091654
SAMN31484077,SAMN02649774,0.449503943017044
SAMN31484077,SAMN02649775,0.4565941101152369
SAMN31484077,SAMN02649776,0.4661772417409544
SAMN31484077,SAMN02649777,0.4624050301283731
SAMN31484077,SAMN02649778,0.4623905203503349
SAMN31484077,SAMN02649779,0.46668401874023946
SAMN31484077,SAMN02649780,0.4654450261780105
SAMN31484077,SAMN02649781,0.46141895390989124
SAMN31484077,SAMN02649782,0.45618093035209456
SAMN31484077,SAMN02649783,0.4604242110708743
SAMN31484077,SAMN02649784,0.45596919127086005
SAMN31484077,SAMN02649785,0.46046149857402124
SAMN31484077,SAMN02649786,0.4608020698576973
SAMN31484077,SAMN02649787,0.4593548387096774
SAMN31484077,SAMN02649788,0.4585265327150953
SAMN31484077,SAMN02649789,0.45229591836734695
SAMN31484077,SAMN02649790,0.4572595049757591
SAMN31484077,SAMN02649791,0.44936865560782374
SAMN31484077,SAMN02649792,0.47626752966558794
SAMN31484077,SAMN02649793,0.46367239101717306
SAMN31484077,SAMN02649794,0.45151438024942736
SAMN31484077,SAMN02649795,0.45784061696658096
SAMN31484077,SAMN02649796,0.44145026947574717
SAMN31484077,SAMN02649797,0.4566929133858268
SAMN31484077,SAMN02649798,0.45694515633008714
SAMN31484077,SAMN02649799,0.46038709677419354
SAMN31484077,SAMN02649800,0.4637191157347204
SAMN31484077,SAMN02649801,0.4636578325898714
SAMN31484077,SAMN02649802,0.45838701365627416
SAMN31484077,SAMN02649803,0.45512656609562774
SAMN31484077,SAMN02649804,0.4541741128414603
SAMN31484077,SAMN02649805,0.45563488016318204
SAMN31484077,SAMN02649806,0.4632621156852527
SAMN31484077,SAMN02649807,0.465817520145568
SAMN31484077,SAMN02649808,0.46394168185368395
SAMN31484077,SAMN02649809,0.46620726212562946
SAMN31484077,SAMN02649810,0.4031980319803198
SAMN31484077,SAMN02649811,0.45929180666838976
SAMN31484077,SAMN02649812,0.4554531490015361
SAMN31484077,SAMN02649813,0.4516046867040244
SAMN31484077,SAMN02649814,0.47520551577830816
SAMN31484077,SAMN02649815,0.46261682242990654
SAMN31484077,SAMN03859721,0.4534351145038168
SAMN31484077,SAMN03859722,0.40347826086956523
SAMN31484077,SAMN03859723,0.46947480671820846
SAMN31484077,SAMN03859724,0.42799085598171194
SAMN31484077,SAMN03859727,0.45266120777891505
SAMN31484077,SAMN03859728,0.4618655328195589
SAMN31484077,SAMN03859729,0.4651286130999735
SAMN31484077,SAMN03859732,0.4329190971341618
SAMN31484077,SAMN03859735,0.4405594405594406
SAMN31484077,SAMN03859736,0.47606453319227715
SAMN31484077,SAMN03859737,0.45527840765936006
SAMN31484077,SAMN03859738,0.4616381544841887
SAMN31484077,SAMN03859740,0.4640021175224987
SAMN31484077,SAMN03859741,0.4658906334596643
SAMN31484077,SAMN03859743,0.44519305519564656
SAMN31484077,SAMN03859744,0.4721776350989834
SAMN31484077,SAMN03859745,0.4745214343488811
SAMN31484077,SAMN03859747,0.44490536686543947
SAMN31484077,SAMN03859748,0.41735324407826985
SAMN31484077,SAMN03859752,0.48679141441937257
SAMN31484077,SAMN03859753,0.46511627906976744
SAMN31484077,SAMN03859755,0.46602202524845554
SAMN31484077,SAMN03859756,0.5861175115207373
SAMN31484077,SAMN03859757,0.47216993815541813
SAMN31484077,SAMN03859758,0.46384901648059546
SAMN31484077,SAMN03859759,0.44307058217413703
SAMN31484077,SAMN03859760,0.4409695074276779
SAMN31484077,SAMN03859761,0.44684169482713804
SAMN31484077,SAMN03859762,0.4750536480686695
SAMN31484077,SAMN03859763,0.43543777604572614
SAMN31484077,SAMN03859765,0.41407654764962754
SAMN31484077,SAMN03859766,0.4852589641434263
SAMN31484077,SAMN03859767,0.45618153364632236
SAMN31484077,SAMN03859769,0.48149156232988566
SAMN31484077,SAMN03859770,0.4466873706004141
SAMN31484077,SAMN03859774,0.46565495207667734
SAMN31484077,SAMN03859775,0.6206997084548105
SAMN31484077,SAMN03859776,0.4788009721847151
SAMN31484077,SAMN03859777,0.4719222462203024
SAMN31484077,SAMN03859778,0.4491392801251956
SAMN31484077,SAMN03859783,0.4719190843758318
SAMN31484077,SAMN03859784,0.5961538461538461
SAMN31484077,SAMN03859785,0.4572784810126582
SAMN31484077,SAMN03859786,0.4634846113719353
SAMN31484077,SAMN03859787,0.439866082925573
SAMN31484077,SAMN03859789,0.5841954022988506
SAMN31484077,SAMN03859790,0.4523871641012262
SAMN31484077,SAMN03859792,0.4491033755274262
SAMN31484077,SAMN03859793,0.4651286130999735
SAMN31484077,SAMN03859794,0.4553146483342147
SAMN31484077,SAMN03859795,0.44953886693017125
SAMN31484077,SAMN03859796,0.4678730658274325
SAMN31484077,SAMN03859797,0.6355780691299165
SAMN31484077,SAMN03859798,0.44683053040103493
SAMN31484077,SAMN03859799,0.6361474435196195
SAMN31484077,SAMN03859800,0.4488270172724929
SAMN31484077,SAMN03859801,0.451587509839937
SAMN31484077,SAMN03859802,0.4735723771580345
SAMN31484077,SAMN03859803,0.44592476489028215
SAMN31484077,SAMN03859805,0.47069693769799364
SAMN31484077,SAMN03859806,0.6251118401431554
SAMN31484077,SAMN03859807,0.46812434141201265
SAMN31484077,SAMN03859808,0.46279443254817987
SAMN31484077,SAMN03859809,0.5823995627220552
SAMN31484077,SAMN03859813,0.4363824825084219
SAMN31484077,SAMN03859814,0.4166235111341274
SAMN31484077,SAMN03859815,0.6274567321795248
SAMN31484077,SAMN03859816,0.6197466896948762
SAMN31484077,SAMN03859817,0.466649090429739
SAMN31484077,SAMN03859818,0.5323204419889502
SAMN31484077,SAMN03859819,0.6036342986939239
SAMN31484077,SAMN03859820,0.5399325084364455
SAMN31484077,SAMN03859821,0.5383093016680803
SAMN31484077,SAMN03859824,0.462953091684435
SAMN31484077,SAMN03859826,0.44656084656084655
SAMN31484077,SAMN03859829,0.4638619201725998
SAMN31484077,SAMN03859830,0.46040663456393793
SAMN31484077,SAMN03859831,0.4388623072833599
SAMN31484077,SAMN03859833,0.611013986013986
SAMN31484077,SAMN03859838,0.44013191273465246
SAMN31484077,SAMN03859839,0.4674319273892152
SAMN31484077,SAMN03859840,0.4678191489361702
SAMN31484077,SAMN04244164,0.4461865532819559
SAMN31484077,SAMN04244165,0.45786880995592427
SAMN31484077,SAMN04244166,0.46949107380762056
SAMN31484077,SAMN09847804,0.4713375796178344
SAMN31484077,SAMN09847805,0.47088406564319746
SAMN31484077,SAMN09847806,0.4752769521750878
SAMN31484077,SAMN09847807,0.48020331728196897
SAMN31484077,SAMN09847808,0.4721549636803874
SAMN31484077,SAMN09847809,0.4706039551042223
SAMN31484077,SAMN09847810,0.4813121806937349
SAMN31484077,SAMN09847811,0.44655216611125353
SAMN31484077,SAMN09847812,0.44339622641509435
SAMN31484077,SAMN09847813,0.4718291054739653
SAMN31484077,SAMN09847814,0.4476608942879297
SAMN31484077,SAMN09847815,0.47978142076502733
SAMN31484077,SAMN09847816,0.46855345911949686
SAMN31484077,SAMN09847817,0.47507410401509026
SAMN31484077,SAMN09847818,0.4677248677248677
SAMN31484077,SAMN09847819,0.46165925150484166
SAMN31484077,SAMN09847820,0.4617801047120419
SAMN31484077,SAMN09847821,0.4486240848270639
SAMN31484077,SAMN09847822,0.46165925150484166
SAMN31484077,SAMN09847823,0.46153846153846156
SAMN31484077,SAMN09847824,0.47935904399782725
SAMN31484077,SAMN09847825,0.4674288752991226
SAMN31484077,SAMN09847826,0.4653988378235605
SAMN31484077,SAMN09847827,0.4652575957727873
SAMN31484077,SAMN09847828,0.46513470681458
SAMN31484077,SAMN09847829,0.4656448202959831
SAMN31484077,SAMN09847830,0.4652759440190124
SAMN31484077,SAMN09847831,0.46124130826680404
SAMN31484077,SAMN09847832,0.4776725304465494
SAMN31484077,SAMN09847833,0.47191011235955055
SAMN31484077,SAMN09847834,0.4668066124376804
SAMN31484077,SAMN09847835,0.46887523376970347
SAMN31484077,SAMN09847836,0.4707610146862483
SAMN31484077,SAMN09847837,0.47981451172940537
SAMN31484077,SAMN09847838,0.46543535620052773
SAMN31484077,SAMN09847839,0.46543535620052773
SAMN31484077,SAMN09847840,0.465294272895223
SAMN31484077,SAMN09847841,0.4693931398416887
SAMN31484077,SAMN09847842,0.4568632500643832
SAMN31484077,SAMN09847843,0.47735286140493627
SAMN31484077,SAMN09847844,0.4409368635437882
SAMN31484077,SAMN09847845,0.47116924719701014
SAMN31484077,SAMN09847846,0.47268344938403856
SAMN31484077,SAMN09847847,0.46875
SAMN31484077,SAMN09847848,0.4715576820839979
SAMN31484077,SAMN09847849,0.4731953290870488
SAMN31484077,SAMN09847850,0.46542203523534054
SAMN31484077,SAMN09847851,0.46063607924921796
SAMN31484077,SAMN09847852,0.48271204754186925
SAMN31484077,SAMN09847853,0.4636578325898714
SAMN31484077,SAMN09847854,0.44359171143514964
SAMN31484077,SAMN09847855,0.46287642782969884
SAMN31484077,SAMN09847856,0.4578005115089514
SAMN31484077,SAMN09847857,0.4481691593604951
SAMN31484077,SAMN09847858,0.46999199786609763
SAMN31484077,SAMN09847859,0.4602929838087895
SAMN31484077,SAMN09847860,0.46721095601790885
SAMN31484077,SAMN09847861,0.4566768603465851
SAMN31484077,SAMN09847862,0.4628099173553719
SAMN31484077,SAMN09847863,0.46328852119958636
SAMN31484077,SAMN09847864,0.41658215010141986
SAMN31484077,SAMN09847865,0.4614392571575961
SAMN31484077,SAMN09847866,0.46766956980733704
SAMN31484077,SAMN09847867,0.4635553224960671
SAMN31484069,SAMN02649746,0.43128803245436104
SAMN31484069,SAMN02649748,0.43226600985221675
SAMN31484069,SAMN02649749,0.43440378391834705
SAMN31484069,SAMN02649750,0.43168996811380916
SAMN31484069,SAMN02649751,0.4307228915662651
SAMN31484069,SAMN02649752,0.4426229508196721
SAMN31484069,SAMN02649753,0.44003017349761125
SAMN31484069,SAMN02649754,0.44215291750503016
SAMN31484069,SAMN02649755,0.4319632371713046
SAMN31484069,SAMN02649756,0.43852149861704803
SAMN31484069,SAMN02649757,0.4380928607089366
SAMN31484069,SAMN02649758,0.4507719564667173
SAMN31484069,SAMN02649759,0.43280582768148707
SAMN31484069,SAMN02649760,0.4250062390816072
SAMN31484069,SAMN02649761,0.44015924359293357
SAMN31484069,SAMN02649762,0.4465267366316842
SAMN31484069,SAMN02649763,0.3987758945386064
SAMN31484069,SAMN02649764,0.44478140005054334
SAMN31484069,SAMN02649765,0.4367326484590328
SAMN31484069,SAMN02649766,0.4329637096774194
SAMN31484069,SAMN02649767,0.4386141099673613
SAMN31484069,SAMN02649769,0.4508568548387097
SAMN31484069,SAMN02649770,0.4281802340054767
SAMN31484069,SAMN02649771,0.4403041825095057
SAMN31484069,SAMN02649772,0.43664083979005247
SAMN31484069,SAMN02649773,0.42813765182186236
SAMN31484069,SAMN02649774,0.42281219272369713
SAMN31484069,SAMN02649775,0.4348149987583809
SAMN31484069,SAMN02649776,0.4410347451179305
SAMN31484069,SAMN02649777,0.4359493670886076
SAMN31484069,SAMN02649778,0.4367214748380668
SAMN31484069,SAMN02649779,0.44061399094111725
SAMN31484069,SAMN02649780,0.44659206510681587
SAMN31484069,SAMN02649781,0.4367326484590328
SAMN31484069,SAMN02649782,0.4372034956304619
SAMN31484069,SAMN02649783,0.4383149448345035
SAMN31484069,SAMN02649784,0.43773396556026956
SAMN31484069,SAMN02649785,0.44047319405990437
SAMN31484069,SAMN02649786,0.43867569601203915
SAMN31484069,SAMN02649787,0.44093303235515424
SAMN31484069,SAMN02649788,0.43548789618168204
SAMN31484069,SAMN02649789,0.43249938072826355
SAMN31484069,SAMN02649790,0.4462727499376714
SAMN31484069,SAMN02649791,0.4061982493494204
SAMN31484069,SAMN02649792,0.4418243068152371
SAMN31484069,SAMN02649793,0.4447010520913523
SAMN31484069,SAMN02649794,0.43178447849728124
SAMN31484069,SAMN02649795,0.4380928607089366
SAMN31484069,SAMN02649796,0.42952859535774107
SAMN31484069,SAMN02649797,0.44326065411298315
SAMN31484069,SAMN02649798,0.43371400198609733
SAMN31484069,SAMN02649799,0.43617287034723956
SAMN31484069,SAMN02649800,0.4413914797075876
SAMN31484069,SAMN02649801,0.43602736255383834
SAMN31484069,SAMN02649802,0.43929912390488113
SAMN31484069,SAMN02649803,0.42319054652880356
SAMN31484069,SAMN02649804,0.43253280514978953
SAMN31484069,SAMN02649805,0.4329132690882135
SAMN31484069,SAMN02649806,0.43294826720241086
SAMN31484069,SAMN02649807,0.438363042932463
SAMN31484069,SAMN02649808,0.4394053917863442
SAMN31484069,SAMN02649809,0.4327217125382263
SAMN31484069,SAMN02649810,0.3891153200671302
SAMN31484069,SAMN02649811,0.4401205121767512
SAMN31484069,SAMN02649812,0.43478260869565216
SAMN31484069,SAMN02649813,0.43327556325823224
SAMN31484069,SAMN02649814,0.44467160746230516
SAMN31484069,SAMN02649815,0.44145051624276
SAMN31484069,SAMN03859721,0.42871213986702783
SAMN31484069,SAMN03859722,0.3875725338491296
SAMN31484069,SAMN03859723,0.427624872579001
SAMN31484069,SAMN03859724,0.3993140617344439
SAMN31484069,SAMN03859727,0.4288899900891972
SAMN31484069,SAMN03859728,0.4266394488389895
SAMN31484069,SAMN03859729,0.4393745193540118
SAMN31484069,SAMN03859732,0.40514075887392903
SAMN31484069,SAMN03859735,0.4101796407185629
SAMN31484069,SAMN03859736,0.44484076433121017
SAMN31484069,SAMN03859737,0.43142996583699367
SAMN31484069,SAMN03859738,0.4390856568701331
SAMN31484069,SAMN03859740,0.43319734829168793
SAMN31484069,SAMN03859741,0.43247462919594065
SAMN31484069,SAMN03859743,0.4041129831516353
SAMN31484069,SAMN03859744,0.42787847842736787
SAMN31484069,SAMN03859745,0.42978395061728397
SAMN31484069,SAMN03859747,0.42608914631075295
SAMN31484069,SAMN03859748,0.3835311572700297
SAMN31484069,SAMN03859752,0.41499227202472955
SAMN31484069,SAMN03859753,0.4306625577812018
SAMN31484069,SAMN03859755,0.4324812806609863
SAMN31484069,SAMN03859756,0.4590719499478624
SAMN31484069,SAMN03859757,0.43206381883685024
SAMN31484069,SAMN03859758,0.42019791930981987
SAMN31484069,SAMN03859759,0.4064739313071411
SAMN31484069,SAMN03859760,0.41322937625754524
SAMN31484069,SAMN03859761,0.4087173100871731
SAMN31484069,SAMN03859762,0.4382398353062275
SAMN31484069,SAMN03859763,0.40304847576211894
SAMN31484069,SAMN03859765,0.3883374689826303
SAMN31484069,SAMN03859766,0.4272795779954785
SAMN31484069,SAMN03859767,0.4362025316455696
SAMN31484069,SAMN03859769,0.4454022988505747
SAMN31484069,SAMN03859770,0.40594059405940597
SAMN31484069,SAMN03859774,0.4379336931380108
SAMN31484069,SAMN03859775,0.46994535519125685
SAMN31484069,SAMN03859776,0.4393586759762089
SAMN31484069,SAMN03859777,0.43537943537943535
SAMN31484069,SAMN03859778,0.40727816550348955
SAMN31484069,SAMN03859783,0.4329423763386028
SAMN31484069,SAMN03859784,0.4579201627256547
SAMN31484069,SAMN03859785,0.423574144486692
SAMN31484069,SAMN03859786,0.4281062124248497
SAMN31484069,SAMN03859787,0.4068845963348192
SAMN31484069,SAMN03859789,0.4575962539021852
SAMN31484069,SAMN03859790,0.4068639641880129
SAMN31484069,SAMN03859792,0.4057387364711805
SAMN31484069,SAMN03859793,0.42476528799797003
SAMN31484069,SAMN03859794,0.410133602218301
SAMN31484069,SAMN03859795,0.40724893027938586
SAMN31484069,SAMN03859796,0.4364738570346047
SAMN31484069,SAMN03859797,0.48773333333333335
SAMN31484069,SAMN03859798,0.4095757876457455
SAMN31484069,SAMN03859799,0.4869750132908028
SAMN31484069,SAMN03859800,0.4260739260739261
SAMN31484069,SAMN03859801,0.40902255639097745
SAMN31484069,SAMN03859802,0.43060137021060646
SAMN31484069,SAMN03859803,0.4051961029228079
SAMN31484069,SAMN03859805,0.42990654205607476
SAMN31484069,SAMN03859806,0.4814121422840332
SAMN31484069,SAMN03859807,0.44685743484925905
SAMN31484069,SAMN03859808,0.4335483870967742
SAMN31484069,SAMN03859809,0.4540059347181009
SAMN31484069,SAMN03859813,0.4117794486215539
SAMN31484069,SAMN03859814,0.3909454727363682
SAMN31484069,SAMN03859815,0.4786257539994755
SAMN31484069,SAMN03859816,0.46627340343677864
SAMN31484069,SAMN03859817,0.4260847628657921
SAMN31484069,SAMN03859818,0.48420221169036337
SAMN31484069,SAMN03859819,0.4705279343926192
SAMN31484069,SAMN03859820,0.47756835678258563
SAMN31484069,SAMN03859821,0.46983789529630615
SAMN31484069,SAMN03859824,0.45097529258777636
SAMN31484069,SAMN03859826,0.4038898711795908
SAMN31484069,SAMN03859829,0.4343644398232389
SAMN31484069,SAMN03859830,0.42537888517852557
SAMN31484069,SAMN03859831,0.38999747410962365
SAMN31484069,SAMN03859833,0.4640437727983325
SAMN31484069,SAMN03859838,0.4072718399219131
SAMN31484069,SAMN03859839,0.4545691226243166
SAMN31484069,SAMN03859840,0.443015178801132
SAMN31484069,SAMN04244164,0.4105048444671086
SAMN31484069,SAMN04244165,0.4314708093209722
SAMN31484069,SAMN04244166,0.4360748142454522
SAMN31484069,SAMN09847804,0.44721294631389674
SAMN31484069,SAMN09847805,0.4468357673584422
SAMN31484069,SAMN09847806,0.4487079091620987
SAMN31484069,SAMN09847807,0.44105586878523834
SAMN31484069,SAMN09847808,0.4383242823894492
SAMN31484069,SAMN09847809,0.44186646042794536
SAMN31484069,SAMN09847810,0.43453753522931077
SAMN31484069,SAMN09847811,0.4103321033210332
SAMN31484069,SAMN09847812,0.40759366356550164
SAMN31484069,SAMN09847813,0.43567401332649924
SAMN31484069,SAMN09847814,0.40483831152801775
SAMN31484069,SAMN09847815,0.43684759916492694
SAMN31484069,SAMN09847816,0.44151898734177214
SAMN31484069,SAMN09847817,0.44632180920197556
SAMN31484069,SAMN09847818,0.4349707304657674
SAMN31484069,SAMN09847819,0.4356185175815836
SAMN31484069,SAMN09847820,0.435365545155578
SAMN31484069,SAMN09847821,0.4225042714181108
SAMN31484069,SAMN09847822,0.43525543753161355
SAMN31484069,SAMN09847823,0.4351453855878635
SAMN31484069,SAMN09847824,0.4408014571948998
SAMN31484069,SAMN09847825,0.43306080735820135
SAMN31484069,SAMN09847826,0.4367991845056065
SAMN31484069,SAMN09847827,0.43665562069844505
SAMN31484069,SAMN09847828,0.43654434250764523
SAMN31484069,SAMN09847829,0.4370219275879653
SAMN31484069,SAMN09847830,0.4370540265035678
SAMN31484069,SAMN09847831,0.44751381215469616
SAMN31484069,SAMN09847832,0.44043602387749803
SAMN31484069,SAMN09847833,0.4345818368394048
SAMN31484069,SAMN09847834,0.4423565261554088
SAMN31484069,SAMN09847835,0.43909348441926344
SAMN31484069,SAMN09847836,0.4416688127736286
SAMN31484069,SAMN09847837,0.4361979166666667
SAMN31484069,SAMN09847838,0.43796178343949044
SAMN31484069,SAMN09847839,0.43796178343949044
SAMN31484069,SAMN09847840,0.4396529726971166
SAMN31484069,SAMN09847841,0.43848500254194206
SAMN31484069,SAMN09847842,0.43675
SAMN31484069,SAMN09847843,0.4374350986500519
SAMN31484069,SAMN09847844,0.4024390243902439
SAMN31484069,SAMN09847845,0.4424414112799382
SAMN31484069,SAMN09847846,0.4419504643962848
SAMN31484069,SAMN09847847,0.44385162601626016
SAMN31484069,SAMN09847848,0.4246644720182325
SAMN31484069,SAMN09847849,0.4464102564102564
SAMN31484069,SAMN09847850,0.4362160791275678
SAMN31484069,SAMN09847851,0.4322012578616352
SAMN31484069,SAMN09847852,0.4323491655969191
SAMN31484069,SAMN09847853,0.4345735256896988
SAMN31484069,SAMN09847854,0.4113737075332349
SAMN31484069,SAMN09847855,0.44388398486759145
SAMN31484069,SAMN09847856,0.44641518860854357
SAMN31484069,SAMN09847857,0.41202672605790647
SAMN31484069,SAMN09847858,0.4420700308959835
SAMN31484069,SAMN09847859,0.44879518072289154
SAMN31484069,SAMN09847860,0.44560776302349336
SAMN31484069,SAMN09847861,0.4446379696441901
SAMN31484069,SAMN09847862,0.4508320726172466
SAMN31484069,SAMN09847863,0.4512872286723877
SAMN31484069,SAMN09847864,0.3890384144849523
SAMN31484069,SAMN09847865,0.44987405541561715
SAMN31484069,SAMN09847866,0.43063291139240506
SAMN31484069,SAMN09847867,0.4290753338372386
SAMN31484070,SAMN02649746,0.42358634742740703
SAMN31484070,SAMN02649748,0.410828025477707
SAMN31484070,SAMN02649749,0.4172876304023845
SAMN31484070,SAMN02649750,0.41483113069016153
SAMN31484070,SAMN02649751,0.4102948525737131
SAMN31484070,SAMN02649752,0.42240080361627325
SAMN31484070,SAMN02649753,0.4220160481444333
SAMN31484070,SAMN02649754,0.41879060469765117
SAMN31484070,SAMN02649755,0.4162203519510329
SAMN31484070,SAMN02649756,0.41802252816020025
SAMN31484070,SAMN02649757,0.42162970346374284
SAMN31484070,SAMN02649758,0.43152585119798237
SAMN31484070,SAMN02649759,0.414121181772659
SAMN31484070,SAMN02649760,0.41917670682730923
SAMN31484070,SAMN02649761,0.42445328031809143
SAMN31484070,SAMN02649762,0.4282511210762332
SAMN31484070,SAMN02649763,0.46054590570719606
SAMN31484070,SAMN02649764,0.418796992481203
SAMN31484070,SAMN02649765,0.41631329508605636
SAMN31484070,SAMN02649766,0.4106740165372087
SAMN31484070,SAMN02649767,0.4188547136784196
SAMN31484070,SAMN02649769,0.43133316595531007
SAMN31484070,SAMN02649770,0.4082796232027764
SAMN31484070,SAMN02649771,0.419989904088844
SAMN31484070,SAMN02649772,0.41521631029338635
SAMN31484070,SAMN02649773,0.40933165195460275
SAMN31484070,SAMN02649774,0.4042136207741303
SAMN31484070,SAMN02649775,0.41423628274839347
SAMN31484070,SAMN02649776,0.4192734611503532
SAMN31484070,SAMN02649777,0.4146095717884131
SAMN31484070,SAMN02649778,0.4213539074166252
SAMN31484070,SAMN02649779,0.42258469259723963
SAMN31484070,SAMN02649780,0.42546190837762593
SAMN31484070,SAMN02649781,0.4166666666666667
SAMN31484070,SAMN02649782,0.4157973174366617
SAMN31484070,SAMN02649783,0.4175193411529823
SAMN31484070,SAMN02649784,0.4149305555555556
SAMN31484070,SAMN02649785,0.417813360020015
SAMN31484070,SAMN02649786,0.417873190214678
SAMN31484070,SAMN02649787,0.41552625031102264
SAMN31484070,SAMN02649788,0.4158588118319662
SAMN31484070,SAMN02649789,0.4102437823196257
SAMN31484070,SAMN02649790,0.4269746646795827
SAMN31484070,SAMN02649791,0.7847832676568657
SAMN31484070,SAMN02649792,0.4155744024672321
SAMN31484070,SAMN02649793,0.4168784951703101
SAMN31484070,SAMN02649794,0.4092360599361336
SAMN31484070,SAMN02649795,0.41739130434782606
SAMN31484070,SAMN02649796,0.40804187485129667
SAMN31484070,SAMN02649797,0.43222442899702085
SAMN31484070,SAMN02649798,0.4148936170212766
SAMN31484070,SAMN02649799,0.4154649428145201
SAMN31484070,SAMN02649800,0.4211847389558233
SAMN31484070,SAMN02649801,0.4164563351842504
SAMN31484070,SAMN02649802,0.4153616703952274
SAMN31484070,SAMN02649803,0.41218549580661074
SAMN31484070,SAMN02649804,0.4109825166215218
SAMN31484070,SAMN02649805,0.41488051244148805
SAMN31484070,SAMN02649806,0.4142678347934919
SAMN31484070,SAMN02649807,0.42216094259212833
SAMN31484070,SAMN02649808,0.41957340025094103
SAMN31484070,SAMN02649809,0.4184505606523955
SAMN31484070,SAMN02649810,0.44098442993470616
SAMN31484070,SAMN02649811,0.4171656686626746
SAMN31484070,SAMN02649812,0.4134948096885813
SAMN31484070,SAMN02649813,0.4103321033210332
SAMN31484070,SAMN02649814,0.42344862665310273
SAMN31484070,SAMN02649815,0.4198396793587174
SAMN31484070,SAMN03859721,0.413530135301353
SAMN31484070,SAMN03859722,0.44128835911742326
SAMN31484070,SAMN03859723,0.4129936305732484
SAMN31484070,SAMN03859724,0.841745359817649
SAMN31484070,SAMN03859727,0.41677003225006204
SAMN31484070,SAMN03859728,0.40768056968463884
SAMN31484070,SAMN03859729,0.41883614088820825
SAMN31484070,SAMN03859732,0.4653261149780871
SAMN31484070,SAMN03859735,0.8690714762859052
SAMN31484070,SAMN03859736,0.4251269035532995
SAMN31484070,SAMN03859737,0.4219285364659814
SAMN31484070,SAMN03859738,0.42073628850488354
SAMN31484070,SAMN03859740,0.42363775901765155
SAMN31484070,SAMN03859741,0.421972860125261
SAMN31484070,SAMN03859743,0.871581054036024
SAMN31484070,SAMN03859744,0.41070063694267517
SAMN31484070,SAMN03859745,0.4157447903267301
SAMN31484070,SAMN03859747,0.41198690506169733
SAMN31484070,SAMN03859748,0.44395203336809175
SAMN31484070,SAMN03859752,0.4615591397849462
SAMN31484070,SAMN03859753,0.4254329284052727
SAMN31484070,SAMN03859755,0.42242942242942244
SAMN31484070,SAMN03859756,0.4414672216441207
SAMN31484070,SAMN03859757,0.4132888660851719
SAMN31484070,SAMN03859758,0.40813214739517156
SAMN31484070,SAMN03859759,0.4337318748410074
SAMN31484070,SAMN03859760,0.4315491507977355
SAMN31484070,SAMN03859761,0.8867924528301887
SAMN31484070,SAMN03859762,0.4223650385604113
SAMN31484070,SAMN03859763,0.42210283960092093
SAMN31484070,SAMN03859765,0.44432855280312905
SAMN31484070,SAMN03859766,0.4685460715217959
SAMN31484070,SAMN03859767,0.4195097295931261
SAMN31484070,SAMN03859769,0.42112091333679297
SAMN31484070,SAMN03859770,0.8475689881734559
SAMN31484070,SAMN03859774,0.41916474506789647
SAMN31484070,SAMN03859775,0.45121951219512196
SAMN31484070,SAMN03859776,0.4234048049599587
SAMN31484070,SAMN03859777,0.41574193548387095
SAMN31484070,SAMN03859778,0.835193696651346
SAMN31484070,SAMN03859783,0.41866394696583376
SAMN31484070,SAMN03859784,0.4396551724137931
SAMN31484070,SAMN03859785,0.40902179422199697
SAMN31484070,SAMN03859786,0.41549648946840523
SAMN31484070,SAMN03859787,0.43421723610402857
SAMN31484070,SAMN03859789,0.4404050895871202
SAMN31484070,SAMN03859790,0.8903138710766115
SAMN31484070,SAMN03859792,0.8870307167235495
SAMN31484070,SAMN03859793,0.4112718964204113
SAMN31484070,SAMN03859794,0.906368330464716
SAMN31484070,SAMN03859795,0.8929548563611491
SAMN31484070,SAMN03859796,0.4191028225806452
SAMN31484070,SAMN03859797,0.463046357615894
SAMN31484070,SAMN03859798,0.898110661268556
SAMN31484070,SAMN03859799,0.4615993665874901
SAMN31484070,SAMN03859800,0.42024616930419495
SAMN31484070,SAMN03859801,0.9029059829059829
SAMN31484070,SAMN03859802,0.4128068843330802
SAMN31484070,SAMN03859803,0.8807835190813914
SAMN31484070,SAMN03859805,0.41183879093198994
SAMN31484070,SAMN03859806,0.45824468085106385
SAMN31484070,SAMN03859807,0.419493670886076
SAMN31484070,SAMN03859808,0.4161730620654133
SAMN31484070,SAMN03859809,0.5158771473191046
SAMN31484070,SAMN03859813,0.42853483606557374
SAMN31484070,SAMN03859814,0.4437450826121164
SAMN31484070,SAMN03859815,0.4551616266944734
SAMN31484070,SAMN03859816,0.4474558936333419
SAMN31484070,SAMN03859817,0.409823677581864
SAMN31484070,SAMN03859818,0.4632931305715784
SAMN31484070,SAMN03859819,0.4465376782077393
SAMN31484070,SAMN03859820,0.45229309435951504
SAMN31484070,SAMN03859821,0.4503311258278146
SAMN31484070,SAMN03859824,0.4319419237749546
SAMN31484070,SAMN03859826,0.8810256410256411
SAMN31484070,SAMN03859829,0.42313705054716
SAMN31484070,SAMN03859830,0.41499227202472955
SAMN31484070,SAMN03859831,0.7988771466314399
SAMN31484070,SAMN03859833,0.4400724825265338
SAMN31484070,SAMN03859838,0.876149802890933
SAMN31484070,SAMN03859839,0.4291989664082687
SAMN31484070,SAMN03859840,0.4267728674203494
SAMN31484070,SAMN04244164,0.5240745894795436
SAMN31484070,SAMN04244165,0.42135678391959797
SAMN31484070,SAMN04244166,0.42757910985335734
SAMN31484070,SAMN09847804,0.42514052120592744
SAMN31484070,SAMN09847805,0.42300839908373633
SAMN31484070,SAMN09847806,0.42257897462454685
SAMN31484070,SAMN09847807,0.42269358548428315
SAMN31484070,SAMN09847808,0.4168811116829645
SAMN31484070,SAMN09847809,0.4197435897435897
SAMN31484070,SAMN09847810,0.4176470588235294
SAMN31484070,SAMN09847811,0.8980274155800736
SAMN31484070,SAMN09847812,0.5208562019758507
SAMN31484070,SAMN09847813,0.42314600975109057
SAMN31484070,SAMN09847814,0.8953918600739993
SAMN31484070,SAMN09847815,0.4174252275682705
SAMN31484070,SAMN09847816,0.4273417721518987
SAMN31484070,SAMN09847817,0.42178626742385134
SAMN31484070,SAMN09847818,0.42434294462873184
SAMN31484070,SAMN09847819,0.41465256797583083
SAMN31484070,SAMN09847820,0.4147569881641904
SAMN31484070,SAMN09847821,0.4115920763022744
SAMN31484070,SAMN09847822,0.41465256797583083
SAMN31484070,SAMN09847823,0.4141922496225465
SAMN31484070,SAMN09847824,0.4203161440787769
SAMN31484070,SAMN09847825,0.4129770992366412
SAMN31484070,SAMN09847826,0.41495564005069707
SAMN31484070,SAMN09847827,0.4148073022312373
SAMN31484070,SAMN09847828,0.414702154626109
SAMN31484070,SAMN09847829,0.4151661171696678
SAMN31484070,SAMN09847830,0.41520912547528516
SAMN31484070,SAMN09847831,0.4280710532899675
SAMN31484070,SAMN09847832,0.42221071705928037
SAMN31484070,SAMN09847833,0.41513292433537835
SAMN31484070,SAMN09847834,0.4212787465251453
SAMN31484070,SAMN09847835,0.4173712528823982
SAMN31484070,SAMN09847836,0.41956967213114754
SAMN31484070,SAMN09847837,0.41645044110015567
SAMN31484070,SAMN09847838,0.41468354430379745
SAMN31484070,SAMN09847839,0.41468354430379745
SAMN31484070,SAMN09847840,0.42028985507246375
SAMN31484070,SAMN09847841,0.42135971588026383
SAMN31484070,SAMN09847842,0.41391304347826086
SAMN31484070,SAMN09847843,0.417377812257564
SAMN31484070,SAMN09847844,0.8829365079365079
SAMN31484070,SAMN09847845,0.41924750447914
SAMN31484070,SAMN09847846,0.4201745379876797
SAMN31484070,SAMN09847847,0.42203689663886784
SAMN31484070,SAMN09847848,0.41586171835282154
SAMN31484070,SAMN09847849,0.42692897291773124
SAMN31484070,SAMN09847850,0.419493670886076
SAMN31484070,SAMN09847851,0.41066066066066065
SAMN31484070,SAMN09847852,0.41579082286593183
SAMN31484070,SAMN09847853,0.41289023162134947
SAMN31484070,SAMN09847854,0.8923333333333333
SAMN31484070,SAMN09847855,0.42867943548387094
SAMN31484070,SAMN09847856,0.42707814833250374
SAMN31484070,SAMN09847857,0.9023569023569024
SAMN31484070,SAMN09847858,0.4203381147540984
SAMN31484070,SAMN09847859,0.43043043043043044
SAMN31484070,SAMN09847860,0.42584584075298904
SAMN31484070,SAMN09847861,0.4257376642697744
SAMN31484070,SAMN09847862,0.432378079436903
SAMN31484070,SAMN09847863,0.43281328636134875
SAMN31484070,SAMN09847864,0.4461023925906869
SAMN31484070,SAMN09847865,0.43144148669010546
SAMN31484070,SAMN09847866,0.4143073811931244
SAMN31484070,SAMN09847867,0.41782378187326435
SAMN31484071,SAMN02649746,0.6665678719620628
SAMN31484071,SAMN02649748,0.6272471910112359
SAMN31484071,SAMN02649749,0.6339311130088243
SAMN31484071,SAMN02649750,0.6811217114773056
SAMN31484071,SAMN02649751,0.6306720275703619
SAMN31484071,SAMN02649752,0.6983606557377049
SAMN31484071,SAMN02649753,0.6984221494492409
SAMN31484071,SAMN02649754,0.6437410071942447
SAMN31484071,SAMN02649755,0.6583555951320866
SAMN31484071,SAMN02649756,0.64
SAMN31484071,SAMN02649757,0.6939197166469894
SAMN31484071,SAMN02649758,0.6923532898636633
SAMN31484071,SAMN02649759,0.6403002309468823
SAMN31484071,SAMN02649760,0.6573426573426573
SAMN31484071,SAMN02649761,0.6810495626822157
SAMN31484071,SAMN02649762,0.6862573099415205
SAMN31484071,SAMN02649763,0.5795090715048026
SAMN31484071,SAMN02649764,0.6445278660121282
SAMN31484071,SAMN02649765,0.6404365307294658
SAMN31484071,SAMN02649766,0.6322766570605187
SAMN31484071,SAMN02649767,0.643062751871042
SAMN31484071,SAMN02649769,0.6927390791027155
SAMN31484071,SAMN02649770,0.6268146883005978
SAMN31484071,SAMN02649771,0.6463059918557301
SAMN31484071,SAMN02649772,0.6369353916523728
SAMN31484071,SAMN02649773,0.6343023255813953
SAMN31484071,SAMN02649774,0.6187535092644582
SAMN31484071,SAMN02649775,0.6347628514626527
SAMN31484071,SAMN02649776,0.6463059918557301
SAMN31484071,SAMN02649777,0.6372066067806433
SAMN31484071,SAMN02649778,0.691696113074205
SAMN31484071,SAMN02649779,0.6993444576877235
SAMN31484071,SAMN02649780,0.6480511925538104
SAMN31484071,SAMN02649781,0.6413793103448275
SAMN31484071,SAMN02649782,0.6364155251141552
SAMN31484071,SAMN02649783,0.6405397645707723
SAMN31484071,SAMN02649784,0.6359749144811858
SAMN31484071,SAMN02649785,0.6410477835348302
SAMN31484071,SAMN02649786,0.6414823326630279
SAMN31484071,SAMN02649787,0.638419696535929
SAMN31484071,SAMN02649788,0.6376107459274079
SAMN31484071,SAMN02649789,0.6283210853589599
SAMN31484071,SAMN02649790,0.6848396501457726
SAMN31484071,SAMN02649791,0.4363327674023769
SAMN31484071,SAMN02649792,0.6753325272067715
SAMN31484071,SAMN02649793,0.6484420928865373
SAMN31484071,SAMN02649794,0.6283860045146726
SAMN31484071,SAMN02649795,0.6387778412335808
SAMN31484071,SAMN02649796,0.6293457432247468
SAMN31484071,SAMN02649797,0.6805676223573704
SAMN31484071,SAMN02649798,0.6357691214102928
SAMN31484071,SAMN02649799,0.6395648439736616
SAMN31484071,SAMN02649800,0.6457671193296735
SAMN31484071,SAMN02649801,0.6403253922138291
SAMN31484071,SAMN02649802,0.6384439359267735
SAMN31484071,SAMN02649803,0.6741279069767442
SAMN31484071,SAMN02649804,0.6300904977375565
SAMN31484071,SAMN02649805,0.6328434143583945
SAMN31484071,SAMN02649806,0.6399307559145989
SAMN31484071,SAMN02649807,0.6964922711058263
SAMN31484071,SAMN02649808,0.6447976878612717
SAMN31484071,SAMN02649809,0.639344262295082
SAMN31484071,SAMN02649810,0.403014098201264
SAMN31484071,SAMN02649811,0.6386578720963579
SAMN31484071,SAMN02649812,0.6353041500852757
SAMN31484071,SAMN02649813,0.6277166243296641
SAMN31484071,SAMN02649814,0.9205320600272852
SAMN31484071,SAMN02649815,0.6441753171856978
SAMN31484071,SAMN03859721,0.66907305804216
SAMN31484071,SAMN03859722,0.4043232620977647
SAMN31484071,SAMN03859723,0.677690920024053
SAMN31484071,SAMN03859724,0.41471904525111886
SAMN31484071,SAMN03859727,0.6681184668989547
SAMN31484071,SAMN03859728,0.6297922153936202
SAMN31484071,SAMN03859729,0.6430669800235017
SAMN31484071,SAMN03859732,0.574772789865051
SAMN31484071,SAMN03859735,0.42351453855878635
SAMN31484071,SAMN03859736,0.9567024593003117
SAMN31484071,SAMN03859737,0.6716247139588101
SAMN31484071,SAMN03859738,0.6451426924185645
SAMN31484071,SAMN03859740,0.675344105326152
SAMN31484071,SAMN03859741,0.6416167664670659
SAMN31484071,SAMN03859743,0.42012578616352203
SAMN31484071,SAMN03859744,0.646763227904227
SAMN31484071,SAMN03859745,0.6819562575941677
SAMN31484071,SAMN03859747,0.6523140011716462
SAMN31484071,SAMN03859748,0.3977928266867319
SAMN31484071,SAMN03859752,0.41993252011419674
SAMN31484071,SAMN03859753,0.6663663663663664
SAMN31484071,SAMN03859755,0.6674713337356669
SAMN31484071,SAMN03859756,0.4510671525247267
SAMN31484071,SAMN03859757,0.645295339863461
SAMN31484071,SAMN03859758,0.6646760226933413
SAMN31484071,SAMN03859759,0.5274784482758621
SAMN31484071,SAMN03859760,0.5325848849945235
SAMN31484071,SAMN03859761,0.4241658240647118
SAMN31484071,SAMN03859762,0.6813651464814255
SAMN31484071,SAMN03859763,0.5206634040239261
SAMN31484071,SAMN03859765,0.40236537493709107
SAMN31484071,SAMN03859766,0.4303765478898155
SAMN31484071,SAMN03859767,0.6723882805563777
SAMN31484071,SAMN03859769,0.6796708320633953
SAMN31484071,SAMN03859770,0.4180451127819549
SAMN31484071,SAMN03859774,0.6740762991889456
SAMN31484071,SAMN03859775,0.4753539590980598
SAMN31484071,SAMN03859776,0.6598802395209581
SAMN31484071,SAMN03859777,0.6433462339982138
SAMN31484071,SAMN03859778,0.4234371045304986
SAMN31484071,SAMN03859783,0.6800720288115246
SAMN31484071,SAMN03859784,0.4597495527728086
SAMN31484071,SAMN03859785,0.6535619272834762
SAMN31484071,SAMN03859786,0.665884423584629
SAMN31484071,SAMN03859787,0.5006629541235746
SAMN31484071,SAMN03859789,0.45036382536382535
SAMN31484071,SAMN03859790,0.42082702975289965
SAMN31484071,SAMN03859792,0.4191326530612245
SAMN31484071,SAMN03859793,0.676056338028169
SAMN31484071,SAMN03859794,0.42469956532856046
SAMN31484071,SAMN03859795,0.4213884635017866
SAMN31484071,SAMN03859796,0.6895317626006562
SAMN31484071,SAMN03859797,0.4866238630283574
SAMN31484071,SAMN03859798,0.4213962832747363
SAMN31484071,SAMN03859799,0.4874532835024026
SAMN31484071,SAMN03859800,0.6472632493483927
SAMN31484071,SAMN03859801,0.4238494787693872
SAMN31484071,SAMN03859802,0.6546847377725398
SAMN31484071,SAMN03859803,0.4217203755392033
SAMN31484071,SAMN03859805,0.6531808853708589
SAMN31484071,SAMN03859806,0.47948511665325827
SAMN31484071,SAMN03859807,0.9338361330133699
SAMN31484071,SAMN03859808,0.6442793462109956
SAMN31484071,SAMN03859809,0.4586653386454183
SAMN31484071,SAMN03859813,0.5263873775843307
SAMN31484071,SAMN03859814,0.40298885511651467
SAMN31484071,SAMN03859815,0.4872881355932203
SAMN31484071,SAMN03859816,0.47462454686690836
SAMN31484071,SAMN03859817,0.6340684852002322
SAMN31484071,SAMN03859818,0.4795783926218709
SAMN31484071,SAMN03859819,0.47776628748707345
SAMN31484071,SAMN03859820,0.4748603351955307
SAMN31484071,SAMN03859821,0.46945852227260604
SAMN31484071,SAMN03859824,0.8946471189907944
SAMN31484071,SAMN03859826,0.4136874361593463
SAMN31484071,SAMN03859829,0.648964896489649
SAMN31484071,SAMN03859830,0.6652606206688761
SAMN31484071,SAMN03859831,0.40214888718342284
SAMN31484071,SAMN03859833,0.4640334815589851
SAMN31484071,SAMN03859838,0.4230864503344067
SAMN31484071,SAMN03859839,0.674187725631769
SAMN31484071,SAMN03859840,0.6500295333727112
SAMN31484071,SAMN04244164,0.4326573062922517
SAMN31484071,SAMN04244165,0.6718566392479436
SAMN31484071,SAMN04244166,0.6831474223696111
SAMN31484071,SAMN09847804,0.6574128765505021
SAMN31484071,SAMN09847805,0.6568483063328424
SAMN31484071,SAMN09847806,0.6736300333030578
SAMN31484071,SAMN09847807,0.9227600411946447
SAMN31484071,SAMN09847808,0.648318952692651
SAMN31484071,SAMN09847809,0.6506666666666666
SAMN31484071,SAMN09847810,0.6603155701101519
SAMN31484071,SAMN09847811,0.4249001996007984
SAMN31484071,SAMN09847812,0.4308442391583269
SAMN31484071,SAMN09847813,0.6878402903811253
SAMN31484071,SAMN09847814,0.4183137353014761
SAMN31484071,SAMN09847815,0.6518072289156627
SAMN31484071,SAMN09847816,0.693134328358209
SAMN31484071,SAMN09847817,0.6707868555924028
SAMN31484071,SAMN09847818,0.6789237668161435
SAMN31484071,SAMN09847819,0.6380759200231817
SAMN31484071,SAMN09847820,0.6377861489423355
SAMN31484071,SAMN09847821,0.6583833190516996
SAMN31484071,SAMN09847822,0.6376013904982619
SAMN31484071,SAMN09847823,0.6369426751592356
SAMN31484071,SAMN09847824,0.6536731634182908
SAMN31484071,SAMN09847825,0.6403405754550793
SAMN31484071,SAMN09847826,0.6406660823838738
SAMN31484071,SAMN09847827,0.6405610753945061
SAMN31484071,SAMN09847828,0.6403739409874379
SAMN31484071,SAMN09847829,0.6405610753945061
SAMN31484071,SAMN09847830,0.6409582237803096
SAMN31484071,SAMN09847831,0.6888235294117647
SAMN31484071,SAMN09847832,0.6506419826813974
SAMN31484071,SAMN09847833,0.6425833087584784
SAMN31484071,SAMN09847834,0.6505250875145857
SAMN31484071,SAMN09847835,0.6477205447010065
SAMN31484071,SAMN09847836,0.6501923646049127
SAMN31484071,SAMN09847837,0.650045058576149
SAMN31484071,SAMN09847838,0.6395450568678915
SAMN31484071,SAMN09847839,0.6395450568678915
SAMN31484071,SAMN09847840,0.642794504530839
SAMN31484071,SAMN09847841,0.6872193953906016
SAMN31484071,SAMN09847842,0.63478012564249
SAMN31484071,SAMN09847843,0.6526820497452802
SAMN31484071,SAMN09847844,0.41222879684418146
SAMN31484071,SAMN09847845,0.6486406619385343
SAMN31484071,SAMN09847846,0.6514387422129931
SAMN31484071,SAMN09847847,0.6518821126349577
SAMN31484071,SAMN09847848,0.6788496105452366
SAMN31484071,SAMN09847849,0.6589902568644819
SAMN31484071,SAMN09847850,0.6455659276546091
SAMN31484071,SAMN09847851,0.6319424460431655
SAMN31484071,SAMN09847852,0.6617822966507177
SAMN31484071,SAMN09847853,0.6360475224572588
SAMN31484071,SAMN09847854,0.4213539074166252
SAMN31484071,SAMN09847855,0.6897777777777778
SAMN31484071,SAMN09847856,0.6855639976621859
SAMN31484071,SAMN09847857,0.42634880803011294
SAMN31484071,SAMN09847858,0.647666863555818
SAMN31484071,SAMN09847859,0.6891891891891891
SAMN31484071,SAMN09847860,0.6969605777911526
SAMN31484071,SAMN09847861,0.6828629618853651
SAMN31484071,SAMN09847862,0.693853427895981
SAMN31484071,SAMN09847863,0.6946745562130178
SAMN31484071,SAMN09847864,0.4035740878629933
SAMN31484071,SAMN09847865,0.692943607912607
SAMN31484071,SAMN09847866,0.6767947572237116
SAMN31484071,SAMN09847867,0.6730826177080249
SAMN31484072,SAMN02649746,0.6573693482090429
SAMN31484072,SAMN02649748,0.6170745272525028
SAMN31484072,SAMN02649749,0.6276836158192091
SAMN31484072,SAMN02649750,0.8871645651471064
SAMN31484072,SAMN02649751,0.6206994597668467
SAMN31484072,SAMN02649752,0.9085752419085752
SAMN31484072,SAMN02649753,0.9007633587786259
SAMN31484072,SAMN02649754,0.6340837845540039
SAMN31484072,SAMN02649755,0.6526222746022392
SAMN31484072,SAMN02649756,0.6289863325740319
SAMN31484072,SAMN02649757,0.8950657894736842
SAMN31484072,SAMN02649758,0.9690827894194435
SAMN31484072,SAMN02649759,0.6222980659840728
SAMN31484072,SAMN02649760,0.6464821222606689
SAMN31484072,SAMN02649761,0.9475100942126514
SAMN31484072,SAMN02649762,0.969047619047619
SAMN31484072,SAMN02649763,0.7178375252963284
SAMN31484072,SAMN02649764,0.6324957167332953
SAMN31484072,SAMN02649765,0.6289772727272728
SAMN31484072,SAMN02649766,0.6250357244927122
SAMN31484072,SAMN02649767,0.6306203756402959
SAMN31484072,SAMN02649769,0.9776709034695981
SAMN31484072,SAMN02649770,0.6192492238216201
SAMN31484072,SAMN02649771,0.636049524906421
SAMN31484072,SAMN02649772,0.6274065685164213
SAMN31484072,SAMN02649773,0.6246401842256765
SAMN31484072,SAMN02649774,0.6100139082058414
SAMN31484072,SAMN02649775,0.6257737760270118
SAMN31484072,SAMN02649776,0.636520737327189
SAMN31484072,SAMN02649777,0.6270797475616753
SAMN31484072,SAMN02649778,0.890199934447722
SAMN31484072,SAMN02649779,0.9019933554817275
SAMN31484072,SAMN02649780,0.6463096960926193
SAMN31484072,SAMN02649781,0.6280522430437252
SAMN31484072,SAMN02649782,0.6356919579425974
SAMN31484072,SAMN02649783,0.6286201022146508
SAMN31484072,SAMN02649784,0.6264822134387352
SAMN31484072,SAMN02649785,0.6314139110604333
SAMN31484072,SAMN02649786,0.6290826469752911
SAMN31484072,SAMN02649787,0.6321022727272727
SAMN31484072,SAMN02649788,0.6239412761151891
SAMN31484072,SAMN02649789,0.6194343321198544
SAMN31484072,SAMN02649790,0.9624492557510149
SAMN31484072,SAMN02649791,0.4333252953942609
SAMN31484072,SAMN02649792,0.651528643514396
SAMN31484072,SAMN02649793,0.6314111851637206
SAMN31484072,SAMN02649794,0.6295358649789029
SAMN31484072,SAMN02649795,0.6269415419373059
SAMN31484072,SAMN02649796,0.6766769576199831
SAMN31484072,SAMN02649797,0.9553541456864719
SAMN31484072,SAMN02649798,0.6221910112359551
SAMN31484072,SAMN02649799,0.6263083451202263
SAMN31484072,SAMN02649800,0.6323151584356266
SAMN31484072,SAMN02649801,0.6273327591157049
SAMN31484072,SAMN02649802,0.6302806918060675
SAMN31484072,SAMN02649803,0.8769480519480519
SAMN31484072,SAMN02649804,0.6189143816452154
SAMN31484072,SAMN02649805,0.6234602463605823
SAMN31484072,SAMN02649806,0.6228668941979523
SAMN31484072,SAMN02649807,0.8982770046388336
SAMN31484072,SAMN02649808,0.631819480148529
SAMN31484072,SAMN02649809,0.6333527019174898
SAMN31484072,SAMN02649810,0.39917894228447237
SAMN31484072,SAMN02649811,0.6300085251491901
SAMN31484072,SAMN02649812,0.6290550070521862
SAMN31484072,SAMN02649813,0.6183953033268101
SAMN31484072,SAMN02649814,0.6804399524375743
SAMN31484072,SAMN02649815,0.632164242942686
SAMN31484072,SAMN03859721,0.8764553686934023
SAMN31484072,SAMN03859722,0.40180752320468976
SAMN31484072,SAMN03859723,0.8760884125920965
SAMN31484072,SAMN03859724,0.4135115070527097
SAMN31484072,SAMN03859727,0.8717948717948718
SAMN31484072,SAMN03859728,0.6201101130107215
SAMN31484072,SAMN03859729,0.633692173407041
SAMN31484072,SAMN03859732,0.707825052067837
SAMN31484072,SAMN03859735,0.417607223476298
SAMN31484072,SAMN03859736,0.6708898055391868
SAMN31484072,SAMN03859737,0.8795257930150593
SAMN31484072,SAMN03859738,0.6284820920977828
SAMN31484072,SAMN03859740,0.8951449763991909
SAMN31484072,SAMN03859741,0.6282165039929015
SAMN31484072,SAMN03859743,0.40690168818272093
SAMN31484072,SAMN03859744,0.6406570841889117
SAMN31484072,SAMN03859745,0.907032590051458
SAMN31484072,SAMN03859747,0.851258581235698
SAMN31484072,SAMN03859748,0.3883374689826303
SAMN31484072,SAMN03859752,0.4204809930178433
SAMN31484072,SAMN03859753,0.8936097892590075
SAMN31484072,SAMN03859755,0.8928693278744456
SAMN31484072,SAMN03859756,0.45
SAMN31484072,SAMN03859757,0.6262419637638807
SAMN31484072,SAMN03859758,0.8706550802139037
SAMN31484072,SAMN03859759,0.5142325086459165
SAMN31484072,SAMN03859760,0.5194699837750135
SAMN31484072,SAMN03859761,0.41754385964912283
SAMN31484072,SAMN03859762,0.6723518850987432
SAMN31484072,SAMN03859763,0.5122542418529491
SAMN31484072,SAMN03859765,0.38868205510052123
SAMN31484072,SAMN03859766,0.42156617463097323
SAMN31484072,SAMN03859767,0.8809681697612732
SAMN31484072,SAMN03859769,0.6580761162721007
SAMN31484072,SAMN03859770,0.4090796328454478
SAMN31484072,SAMN03859774,0.6572867298578199
SAMN31484072,SAMN03859775,0.460822342901474
SAMN31484072,SAMN03859776,0.6389870435806831
SAMN31484072,SAMN03859777,0.628563032618278
SAMN31484072,SAMN03859778,0.4115
SAMN31484072,SAMN03859783,0.9012178619756428
SAMN31484072,SAMN03859784,0.4446963970773495
SAMN31484072,SAMN03859785,0.8583719391131701
SAMN31484072,SAMN03859786,0.8790375741595253
SAMN31484072,SAMN03859787,0.49225111636459157
SAMN31484072,SAMN03859789,0.4500517598343685
SAMN31484072,SAMN03859790,0.41566566566566565
SAMN31484072,SAMN03859792,0.4107097751957565
SAMN31484072,SAMN03859793,0.8716666666666667
SAMN31484072,SAMN03859794,0.41620253164556964
SAMN31484072,SAMN03859795,0.4118686868686869
SAMN31484072,SAMN03859796,0.8868613138686131
SAMN31484072,SAMN03859797,0.4759259259259259
SAMN31484072,SAMN03859798,0.41308132305396666
SAMN31484072,SAMN03859799,0.47365648050579556
SAMN31484072,SAMN03859800,0.8520921180668181
SAMN31484072,SAMN03859801,0.4132730015082956
SAMN31484072,SAMN03859802,0.6475745178258329
SAMN31484072,SAMN03859803,0.40836254381572357
SAMN31484072,SAMN03859805,0.6461180575748764
SAMN31484072,SAMN03859806,0.4680625496952028
SAMN31484072,SAMN03859807,0.667550058892815
SAMN31484072,SAMN03859808,0.6157649796393252
SAMN31484072,SAMN03859809,0.44720649766182624
SAMN31484072,SAMN03859813,0.5114032734102495
SAMN31484072,SAMN03859814,0.39338511651215236
SAMN31484072,SAMN03859815,0.46899426784783743
SAMN31484072,SAMN03859816,0.46214833759590795
SAMN31484072,SAMN03859817,0.6239586325768457
SAMN31484072,SAMN03859818,0.47411087866108786
SAMN31484072,SAMN03859819,0.46939820742637645
SAMN31484072,SAMN03859820,0.46319663512092535
SAMN31484072,SAMN03859821,0.4543781225348409
SAMN31484072,SAMN03859824,0.6753753753753754
SAMN31484072,SAMN03859826,0.4128113879003559
SAMN31484072,SAMN03859829,0.6219870664315109
SAMN31484072,SAMN03859830,0.6248901903367496
SAMN31484072,SAMN03859831,0.39918637172641747
SAMN31484072,SAMN03859833,0.45231325924011373
SAMN31484072,SAMN03859838,0.42149371456741436
SAMN31484072,SAMN03859839,0.663787969029184
SAMN31484072,SAMN03859840,0.6405381690552793
SAMN31484072,SAMN04244164,0.42835011618900076
SAMN31484072,SAMN04244165,0.898637421070123
SAMN31484072,SAMN04244166,0.6573033707865169
SAMN31484072,SAMN09847804,0.6440035016049023
SAMN31484072,SAMN09847805,0.647316219369895
SAMN31484072,SAMN09847806,0.6606822262118492
SAMN31484072,SAMN09847807,0.6750074471254096
SAMN31484072,SAMN09847808,0.6358823529411765
SAMN31484072,SAMN09847809,0.6425844346549192
SAMN31484072,SAMN09847810,0.6530853262474166
SAMN31484072,SAMN09847811,0.41660489251297256
SAMN31484072,SAMN09847812,0.4255156608097785
SAMN31484072,SAMN09847813,0.9099897715649505
SAMN31484072,SAMN09847814,0.41250930752047654
SAMN31484072,SAMN09847815,0.6391783268830009
SAMN31484072,SAMN09847816,0.9126637554585153
SAMN31484072,SAMN09847817,0.6638755980861244
SAMN31484072,SAMN09847818,0.9092448357602438
SAMN31484072,SAMN09847819,0.6279403327596099
SAMN31484072,SAMN09847820,0.627653471026965
SAMN31484072,SAMN09847821,0.8607918263090677
SAMN31484072,SAMN09847822,0.6274734728993404
SAMN31484072,SAMN09847823,0.6268271711092004
SAMN31484072,SAMN09847824,0.6449792038027332
SAMN31484072,SAMN09847825,0.6295758280069726
SAMN31484072,SAMN09847826,0.6332560834298957
SAMN31484072,SAMN09847827,0.6331498116487975
SAMN31484072,SAMN09847828,0.6329663962920047
SAMN31484072,SAMN09847829,0.6331498116487975
SAMN31484072,SAMN09847830,0.6330726904141326
SAMN31484072,SAMN09847831,0.9746488523466941
SAMN31484072,SAMN09847832,0.6522774635308127
SAMN31484072,SAMN09847833,0.6350877192982456
SAMN31484072,SAMN09847834,0.6387766878245816
SAMN31484072,SAMN09847835,0.6382292582820287
SAMN31484072,SAMN09847836,0.6421237899677325
SAMN31484072,SAMN09847837,0.6384432560903149
SAMN31484072,SAMN09847838,0.6331018518518519
SAMN31484072,SAMN09847839,0.6331018518518519
SAMN31484072,SAMN09847840,0.6405931956964234
SAMN31484072,SAMN09847841,0.903464513958964
SAMN31484072,SAMN09847842,0.6266628927257288
SAMN31484072,SAMN09847843,0.6371969248965109
SAMN31484072,SAMN09847844,0.40483752748595164
SAMN31484072,SAMN09847845,0.6425219941348974
SAMN31484072,SAMN09847846,0.6428571428571429
SAMN31484072,SAMN09847847,0.6401154401154401
SAMN31484072,SAMN09847848,0.6435874963482325
SAMN31484072,SAMN09847849,0.6450860309128026
SAMN31484072,SAMN09847850,0.6390738060781476
SAMN31484072,SAMN09847851,0.6345104794717198
SAMN31484072,SAMN09847852,0.6559810032650638
SAMN31484072,SAMN09847853,0.6278001148765078
SAMN31484072,SAMN09847854,0.42152243987106375
SAMN31484072,SAMN09847855,0.9693842449260406
SAMN31484072,SAMN09847856,0.9627118644067797
SAMN31484072,SAMN09847857,0.4190499875652823
SAMN31484072,SAMN09847858,0.640597539543058
SAMN31484072,SAMN09847859,0.9546224178801219
SAMN31484072,SAMN09847860,0.9163845633039945
SAMN31484072,SAMN09847861,0.9648054145516074
SAMN31484072,SAMN09847862,0.977319587628866
SAMN31484072,SAMN09847863,0.9786648313833448
SAMN31484072,SAMN09847864,0.3962124938514511
SAMN31484072,SAMN09847865,0.9766483516483516
SAMN31484072,SAMN09847866,0.8994957983193277
SAMN31484072,SAMN09847867,0.8944555778223113
SAMN31484073,SAMN02649746,0.43074195998987086
SAMN31484073,SAMN02649748,0.43138219380226267
SAMN31484073,SAMN02649749,0.4335073328361919
SAMN31484073,SAMN02649750,0.43116119549240567
SAMN31484073,SAMN02649751,0.43018300325896214
SAMN31484073,SAMN02649752,0.4420654911838791
SAMN31484073,SAMN02649753,0.4402010050251256
SAMN31484073,SAMN02649754,0.44159758854559156
SAMN31484073,SAMN02649755,0.43141254462009176
SAMN31484073,SAMN02649756,0.437609841827768
SAMN31484073,SAMN02649757,0.4371884346959123
SAMN31484073,SAMN02649758,0.44983573414202677
SAMN31484073,SAMN02649759,0.43226292022077273
SAMN31484073,SAMN02649760,0.42412160478445055
SAMN31484073,SAMN02649761,0.43925465838509314
SAMN31484073,SAMN02649762,0.44560878243512975
SAMN31484073,SAMN02649763,0.39830707735715964
SAMN31484073,SAMN02649764,0.443855664900328
SAMN31484073,SAMN02649765,0.43582687015261445
SAMN31484073,SAMN02649766,0.43205837946653247
SAMN31484073,SAMN02649767,0.43770368513411884
SAMN31484073,SAMN02649769,0.44992450931051836
SAMN31484073,SAMN02649770,0.4272930648769575
SAMN31484073,SAMN02649771,0.43938243482662614
SAMN31484073,SAMN02649772,0.43573745944596953
SAMN31484073,SAMN02649773,0.4275966641394996
SAMN31484073,SAMN02649774,0.42264243614931235
SAMN31484073,SAMN02649775,0.43427579365079366
SAMN31484073,SAMN02649776,0.4401114206128134
SAMN31484073,SAMN02649777,0.4350353892821031
SAMN31484073,SAMN02649778,0.4361781537695944
SAMN31484073,SAMN02649779,0.4407845109378929
SAMN31484073,SAMN02649780,0.44565769426104623
SAMN31484073,SAMN02649781,0.4361861861861862
SAMN31484073,SAMN02649782,0.4370167123971065
SAMN31484073,SAMN02649783,0.4374061091637456
SAMN31484073,SAMN02649784,0.4368303015200598
SAMN31484073,SAMN02649785,0.4395576778084946
SAMN31484073,SAMN02649786,0.43776609065865263
SAMN31484073,SAMN02649787,0.4403807615230461
SAMN31484073,SAMN02649788,0.43458759033142286
SAMN31484073,SAMN02649789,0.43161019045263416
SAMN31484073,SAMN02649790,0.44535723176499875
SAMN31484073,SAMN02649791,0.40571833648393196
SAMN31484073,SAMN02649792,0.44162567952368625
SAMN31484073,SAMN02649793,0.44376120932615937
SAMN31484073,SAMN02649794,0.430898321816387
SAMN31484073,SAMN02649795,0.4371884346959123
SAMN31484073,SAMN02649796,0.42901529636711283
SAMN31484073,SAMN02649797,0.44235526966848093
SAMN31484073,SAMN02649798,0.4331762955616167
SAMN31484073,SAMN02649799,0.43527064105762037
SAMN31484073,SAMN02649800,0.44083585095669686
SAMN31484073,SAMN02649801,0.4354757085020243
SAMN31484073,SAMN02649802,0.43839040239940014
SAMN31484073,SAMN02649803,0.4237204724409449
SAMN31484073,SAMN02649804,0.43164400494437577
SAMN31484073,SAMN02649805,0.43202566000493464
SAMN31484073,SAMN02649806,0.43240531728116377
SAMN31484073,SAMN02649807,0.43781344032096287
SAMN31484073,SAMN02649808,0.43849056603773584
SAMN31484073,SAMN02649809,0.4318066157760814
SAMN31484073,SAMN02649810,0.3883169739047163
SAMN31484073,SAMN02649811,0.43920782150915016
SAMN31484073,SAMN02649812,0.43495531281032773
SAMN31484073,SAMN02649813,0.4323856613102596
SAMN31484073,SAMN02649814,0.444104134762634
SAMN31484073,SAMN02649815,0.4408953722334004
SAMN31484073,SAMN03859721,0.4281849483521889
SAMN31484073,SAMN03859722,0.38676967648478994
SAMN31484073,SAMN03859723,0.42708068210740646
SAMN31484073,SAMN03859724,0.39916789035731765
SAMN31484073,SAMN03859727,0.4280059376546264
SAMN31484073,SAMN03859728,0.4257324840764331
SAMN31484073,SAMN03859729,0.43844381878679295
SAMN31484073,SAMN03859732,0.40498899486427
SAMN31484073,SAMN03859735,0.4096685771243459
SAMN31484073,SAMN03859736,0.4442748091603053
SAMN31484073,SAMN03859737,0.4309042164270046
SAMN31484073,SAMN03859738,0.4381740657135691
SAMN31484073,SAMN03859740,0.43264578558696204
SAMN31484073,SAMN03859741,0.4319126819126819
SAMN31484073,SAMN03859743,0.4036129670873546
SAMN31484073,SAMN03859744,0.4273329933707292
SAMN31484073,SAMN03859745,0.42996658956566436
SAMN31484073,SAMN03859747,0.4266297508180216
SAMN31484073,SAMN03859748,0.38271604938271603
SAMN31484073,SAMN03859752,0.4148224395265054
SAMN31484073,SAMN03859753,0.4297435897435897
SAMN31484073,SAMN03859755,0.43192367199587417
SAMN31484073,SAMN03859756,0.458474355636553
SAMN31484073,SAMN03859757,0.4318766066838046
SAMN31484073,SAMN03859758,0.4200253485424588
SAMN31484073,SAMN03859759,0.40597235932872655
SAMN31484073,SAMN03859760,0.4130653266331658
SAMN31484073,SAMN03859761,0.40785874160656554
SAMN31484073,SAMN03859762,0.43730729701952725
SAMN31484073,SAMN03859763,0.4035964035964036
SAMN31484073,SAMN03859765,0.3878562577447336
SAMN31484073,SAMN03859766,0.42674360260913197
SAMN31484073,SAMN03859767,0.4352881698685541
SAMN31484073,SAMN03859769,0.4448212888077224
SAMN31484073,SAMN03859770,0.4054388133498146
SAMN31484073,SAMN03859774,0.43737166324435317
SAMN31484073,SAMN03859775,0.46971666233428644
SAMN31484073,SAMN03859776,0.4387913223140496
SAMN31484073,SAMN03859777,0.4359306238674605
SAMN31484073,SAMN03859778,0.4067712223052029
SAMN31484073,SAMN03859783,0.43239113827349124
SAMN31484073,SAMN03859784,0.45733875063484003
SAMN31484073,SAMN03859785,0.4226778030878259
SAMN31484073,SAMN03859786,0.4275706780085064
SAMN31484073,SAMN03859787,0.4063813999505318
SAMN31484073,SAMN03859789,0.45700181865419587
SAMN31484073,SAMN03859790,0.40600943630494163
SAMN31484073,SAMN03859792,0.40522875816993464
SAMN31484073,SAMN03859793,0.42422706538266597
SAMN31484073,SAMN03859794,0.4099722991689751
SAMN31484073,SAMN03859795,0.4067370537958773
SAMN31484073,SAMN03859796,0.4362856421902599
SAMN31484073,SAMN03859797,0.4870838881491345
SAMN31484073,SAMN03859798,0.4087193460490463
SAMN31484073,SAMN03859799,0.48632864348287763
SAMN31484073,SAMN03859800,0.4258982035928144
SAMN31484073,SAMN03859801,0.4085106382978723
SAMN31484073,SAMN03859802,0.43005575266092244
SAMN31484073,SAMN03859803,0.40469061876247503
SAMN31484073,SAMN03859805,0.429364278506559
SAMN31484073,SAMN03859806,0.4811648410366017
SAMN31484073,SAMN03859807,0.4462873181934167
SAMN31484073,SAMN03859808,0.4337287261474987
SAMN31484073,SAMN03859809,0.45416357795898193
SAMN31484073,SAMN03859813,0.4116174261392088
SAMN31484073,SAMN03859814,0.3904571571321509
SAMN31484073,SAMN03859815,0.4795490298898794
SAMN31484073,SAMN03859816,0.4656762295081967
SAMN31484073,SAMN03859817,0.4251889168765743
SAMN31484073,SAMN03859818,0.483565606100447
SAMN31484073,SAMN03859819,0.4695496417604913
SAMN31484073,SAMN03859820,0.477326968973747
SAMN31484073,SAMN03859821,0.4703851261620186
SAMN31484073,SAMN03859824,0.4515206654536002
SAMN31484073,SAMN03859826,0.403380423814329
SAMN31484073,SAMN03859829,0.4338006230529595
SAMN31484073,SAMN03859830,0.4251988709263536
SAMN31484073,SAMN03859831,0.3898561695685087
SAMN31484073,SAMN03859833,0.46420203072116634
SAMN31484073,SAMN03859838,0.4067755300999269
SAMN31484073,SAMN03859839,0.4539781591263651
SAMN31484073,SAMN03859840,0.44207552016439766
SAMN31484073,SAMN04244164,0.4096232179226069
SAMN31484073,SAMN04244165,0.43164747120681024
SAMN31484073,SAMN04244166,0.43551688843398156
SAMN31484073,SAMN09847804,0.44663930220625964
SAMN31484073,SAMN09847805,0.4458940905602456
SAMN31484073,SAMN09847806,0.44925645708322465
SAMN31484073,SAMN09847807,0.4404914256462759
SAMN31484073,SAMN09847808,0.4377582644628099
SAMN31484073,SAMN09847809,0.4409266409266409
SAMN31484073,SAMN09847810,0.43398157625383826
SAMN31484073,SAMN09847811,0.40948169982805205
SAMN31484073,SAMN09847812,0.40672859653527493
SAMN31484073,SAMN09847813,0.43511645764013307
SAMN31484073,SAMN09847814,0.4039930983485334
SAMN31484073,SAMN09847815,0.436278342455043
SAMN31484073,SAMN09847816,0.44059656218402427
SAMN31484073,SAMN09847817,0.4453672463015832
SAMN31484073,SAMN09847818,0.4340533672172808
SAMN31484073,SAMN09847819,0.43470573377115435
SAMN31484073,SAMN09847820,0.4344531447335186
SAMN31484073,SAMN09847821,0.4216427004630758
SAMN31484073,SAMN09847822,0.43434343434343436
SAMN31484073,SAMN09847823,0.4342337793486493
SAMN31484073,SAMN09847824,0.4398545076643284
SAMN31484073,SAMN09847825,0.43214285714285716
SAMN31484073,SAMN09847826,0.43587786259541983
SAMN31484073,SAMN09847827,0.43573428353270555
SAMN31484073,SAMN09847828,0.4356234096692112
SAMN31484073,SAMN09847829,0.43609979633401225
SAMN31484073,SAMN09847830,0.4361323155216285
SAMN31484073,SAMN09847831,0.4469525959367946
SAMN31484073,SAMN09847832,0.43986521513737686
SAMN31484073,SAMN09847833,0.434025108890597
SAMN31484073,SAMN09847834,0.44143002028397565
SAMN31484073,SAMN09847835,0.43815890974543587
SAMN31484073,SAMN09847836,0.4407302648495757
SAMN31484073,SAMN09847837,0.4367516918271733
SAMN31484073,SAMN09847838,0.4370389213940473
SAMN31484073,SAMN09847839,0.4370389213940473
SAMN31484073,SAMN09847840,0.43872611464968153
SAMN31484073,SAMN09847841,0.43756345177664974
SAMN31484073,SAMN09847842,0.43584623065401895
SAMN31484073,SAMN09847843,0.4368680321493389
SAMN31484073,SAMN09847844,0.40194884287454324
SAMN31484073,SAMN09847845,0.442614513638703
SAMN31484073,SAMN09847846,0.4410097887686759
SAMN31484073,SAMN09847847,0.4429223744292237
SAMN31484073,SAMN09847848,0.4241274658573596
SAMN31484073,SAMN09847849,0.445468509984639
SAMN31484073,SAMN09847850,0.4367553865652725
SAMN31484073,SAMN09847851,0.431298668676212
SAMN31484073,SAMN09847852,0.4317948717948718
SAMN31484073,SAMN09847853,0.4336618650492798
SAMN31484073,SAMN09847854,0.41086796164248834
SAMN31484073,SAMN09847855,0.4429614706623017
SAMN31484073,SAMN09847856,0.44549763033175355
SAMN31484073,SAMN09847857,0.4111687669878923
SAMN31484073,SAMN09847858,0.44113110539845757
SAMN31484073,SAMN09847859,0.44786967418546364
SAMN31484073,SAMN09847860,0.44467108618052015
SAMN31484073,SAMN09847861,0.4437267080745342
SAMN31484073,SAMN09847862,0.4498992950654582
SAMN31484073,SAMN09847863,0.4503528225806452
SAMN31484073,SAMN09847864,0.3882237967261178
SAMN31484073,SAMN09847865,0.448943661971831
SAMN31484073,SAMN09847866,0.42972699696663297
SAMN31484073,SAMN09847867,0.4281761006289308
SAMN31484074,SAMN02649746,0.4359106087849987
SAMN31484074,SAMN02649748,0.42433234421364985
SAMN31484074,SAMN02649749,0.42817817817817816
SAMN31484074,SAMN02649750,0.4248398225726959
SAMN31484074,SAMN02649751,0.4349262836807321
SAMN31484074,SAMN02649752,0.4338142242470261
SAMN31484074,SAMN02649753,0.43340914834470556
SAMN31484074,SAMN02649754,0.43264379414732596
SAMN31484074,SAMN02649755,0.43662700465597515
SAMN31484074,SAMN02649756,0.43370445344129555
SAMN31484074,SAMN02649757,0.4282853566958698
SAMN31484074,SAMN02649758,0.43757913395796405
SAMN31484074,SAMN02649759,0.42723597776654876
SAMN31484074,SAMN02649760,0.429474216380182
SAMN31484074,SAMN02649761,0.4275398406374502
SAMN31484074,SAMN02649762,0.4335
SAMN31484074,SAMN02649763,0.40300285986653955
SAMN31484074,SAMN02649764,0.4374206651434374
SAMN31484074,SAMN02649765,0.42903875188726726
SAMN31484074,SAMN02649766,0.43684613421791274
SAMN31484074,SAMN02649767,0.4309127584467978
SAMN31484074,SAMN02649769,0.437720625315179
SAMN31484074,SAMN02649770,0.4319556451612903
SAMN31484074,SAMN02649771,0.4350930884978322
SAMN31484074,SAMN02649772,0.43076149786378487
SAMN31484074,SAMN02649773,0.4323423885187084
SAMN31484074,SAMN02649774,0.4264742473252053
SAMN31484074,SAMN02649775,0.42825056151734464
SAMN31484074,SAMN02649776,0.43619193466054107
SAMN31484074,SAMN02649777,0.43988720840810047
SAMN31484074,SAMN02649778,0.43050338091660406
SAMN31484074,SAMN02649779,0.4339908952959029
SAMN31484074,SAMN02649780,0.43698979591836734
SAMN31484074,SAMN02649781,0.43119959677419356
SAMN31484074,SAMN02649782,0.4291802456756079
SAMN31484074,SAMN02649783,0.4313429075333837
SAMN31484074,SAMN02649784,0.42971686294161865
SAMN31484074,SAMN02649785,0.4323982815264089
SAMN31484074,SAMN02649786,0.43206453239223597
SAMN31484074,SAMN02649787,0.431806743834927
SAMN31484074,SAMN02649788,0.4303288978157168
SAMN31484074,SAMN02649789,0.42452126336732154
SAMN31484074,SAMN02649790,0.4332751309553505
SAMN31484074,SAMN02649791,0.4095260890378171
SAMN31484074,SAMN02649792,0.4463113678130743
SAMN31484074,SAMN02649793,0.4488045738045738
SAMN31484074,SAMN02649794,0.4238213399503722
SAMN31484074,SAMN02649795,0.4315102860010035
SAMN31484074,SAMN02649796,0.4167065581617999
SAMN31484074,SAMN02649797,0.4303420922161626
SAMN31484074,SAMN02649798,0.4260782847170282
SAMN31484074,SAMN02649799,0.42849974912192673
SAMN31484074,SAMN02649800,0.43548795944233204
SAMN31484074,SAMN02649801,0.4410783055198973
SAMN31484074,SAMN02649802,0.4305450891735745
SAMN31484074,SAMN02649803,0.427930174563591
SAMN31484074,SAMN02649804,0.4259766110972879
SAMN31484074,SAMN02649805,0.4267262791852956
SAMN31484074,SAMN02649806,0.4277412834765033
SAMN31484074,SAMN02649807,0.43174362856421905
SAMN31484074,SAMN02649808,0.4331306990881459
SAMN31484074,SAMN02649809,0.4362745098039216
SAMN31484074,SAMN02649810,0.38222543352601157
SAMN31484074,SAMN02649811,0.43206453239223597
SAMN31484074,SAMN02649812,0.4282147315855181
SAMN31484074,SAMN02649813,0.4263681592039801
SAMN31484074,SAMN02649814,0.4495080269290523
SAMN31484074,SAMN02649815,0.43518987341772153
SAMN31484074,SAMN03859721,0.4204152249134948
SAMN31484074,SAMN03859722,0.38095238095238093
SAMN31484074,SAMN03859723,0.43185338151781105
SAMN31484074,SAMN03859724,0.39232094511444743
SAMN31484074,SAMN03859727,0.43373493975903615
SAMN31484074,SAMN03859728,0.4297520661157025
SAMN31484074,SAMN03859729,0.4434060228452752
SAMN31484074,SAMN03859732,0.3978362429309073
SAMN31484074,SAMN03859735,0.4027568922305764
SAMN31484074,SAMN03859736,0.4385245901639344
SAMN31484074,SAMN03859737,0.42321822189566494
SAMN31484074,SAMN03859738,0.4335522991409803
SAMN31484074,SAMN03859740,0.4304805962477512
SAMN31484074,SAMN03859741,0.4263281863386548
SAMN31484074,SAMN03859743,0.4061638687045853
SAMN31484074,SAMN03859744,0.4321179208688906
SAMN31484074,SAMN03859745,0.4352020860495437
SAMN31484074,SAMN03859747,0.4186693650392107
SAMN31484074,SAMN03859748,0.3870806209313971
SAMN31484074,SAMN03859752,0.4187320636577094
SAMN31484074,SAMN03859753,0.4353369763205829
SAMN31484074,SAMN03859755,0.43720565149136575
SAMN31484074,SAMN03859756,0.46497488765530004
SAMN31484074,SAMN03859757,0.4363920750782065
SAMN31484074,SAMN03859758,0.4254115226337449
SAMN31484074,SAMN03859759,0.40925
SAMN31484074,SAMN03859760,0.4071825998988366
SAMN31484074,SAMN03859761,0.4016516516516517
SAMN31484074,SAMN03859762,0.43108352728213084
SAMN31484074,SAMN03859763,0.40759493670886077
SAMN31484074,SAMN03859765,0.3923096255340538
SAMN31484074,SAMN03859766,0.4223963599595551
SAMN31484074,SAMN03859767,0.42878942014242116
SAMN31484074,SAMN03859769,0.4499735309687665
SAMN31484074,SAMN03859770,0.40977443609022557
SAMN31484074,SAMN03859774,0.4326351176622705
SAMN31484074,SAMN03859775,0.47443331576172904
SAMN31484074,SAMN03859776,0.4318004676539361
SAMN31484074,SAMN03859777,0.42927845793175307
SAMN31484074,SAMN03859778,0.40195586760280844
SAMN31484074,SAMN03859783,0.43649974186886936
SAMN31484074,SAMN03859784,0.4587721551502697
SAMN31484074,SAMN03859785,0.42662904053360695
SAMN31484074,SAMN03859786,0.4311787072243346
SAMN31484074,SAMN03859787,0.4096717614632924
SAMN31484074,SAMN03859789,0.46346610393036136
SAMN31484074,SAMN03859790,0.4093081761006289
SAMN31484074,SAMN03859792,0.4078411405295316
SAMN31484074,SAMN03859793,0.42930591259640105
SAMN31484074,SAMN03859794,0.41264983422596274
SAMN31484074,SAMN03859795,0.4093686354378819
SAMN31484074,SAMN03859796,0.4272681196147998
SAMN31484074,SAMN03859797,0.4809651474530831
SAMN31484074,SAMN03859798,0.4046430354468298
SAMN31484074,SAMN03859799,0.4806201550387597
SAMN31484074,SAMN03859800,0.41978408234998743
SAMN31484074,SAMN03859801,0.4118691351762617
SAMN31484074,SAMN03859802,0.4348496530454896
SAMN31484074,SAMN03859803,0.40763204447814
SAMN31484074,SAMN03859805,0.4341263750319775
SAMN31484074,SAMN03859806,0.47737068965517243
SAMN31484074,SAMN03859807,0.43390437228330353
SAMN31484074,SAMN03859808,0.4270887389724961
SAMN31484074,SAMN03859809,0.4577077077077077
SAMN31484074,SAMN03859813,0.4164550533265617
SAMN31484074,SAMN03859814,0.39498353179630097
SAMN31484074,SAMN03859815,0.47153400105429627
SAMN31484074,SAMN03859816,0.4714137214137214
SAMN31484074,SAMN03859817,0.42951991828396324
SAMN31484074,SAMN03859818,0.4897251134240726
SAMN31484074,SAMN03859819,0.4639361154044307
SAMN31484074,SAMN03859820,0.48304628632938645
SAMN31484074,SAMN03859821,0.47521551724137934
SAMN31484074,SAMN03859824,0.4419211694074654
SAMN31484074,SAMN03859826,0.4077769250447685
SAMN31484074,SAMN03859829,0.42973043705836167
SAMN31484074,SAMN03859830,0.4203722854188211
SAMN31484074,SAMN03859831,0.39370683039140447
SAMN31484074,SAMN03859833,0.46884899683210135
SAMN31484074,SAMN03859838,0.40034322137778866
SAMN31484074,SAMN03859839,0.45924558164072804
SAMN31484074,SAMN03859840,0.447107868681605
SAMN31484074,SAMN04244164,0.4141492383165505
SAMN31484074,SAMN04244165,0.4244712990936556
SAMN31484074,SAMN04244166,0.43188854489164086
SAMN31484074,SAMN09847804,0.4416020671834625
SAMN31484074,SAMN09847805,0.43975283213182287
SAMN31484074,SAMN09847806,0.453319227717535
SAMN31484074,SAMN09847807,0.4454828660436137
SAMN31484074,SAMN09847808,0.4427560911710768
SAMN31484074,SAMN09847809,0.44670846394984326
SAMN31484074,SAMN09847810,0.4388787957435764
SAMN31484074,SAMN09847811,0.40370828182941904
SAMN31484074,SAMN09847812,0.4107915500127259
SAMN31484074,SAMN09847813,0.44077922077922077
SAMN31484074,SAMN09847814,0.4068896655017474
SAMN31484074,SAMN09847815,0.4413008989952406
SAMN31484074,SAMN09847816,0.43632195618950587
SAMN31484074,SAMN09847817,0.4512644889357218
SAMN31484074,SAMN09847818,0.43965961835997935
SAMN31484074,SAMN09847819,0.4395491803278688
SAMN31484074,SAMN09847820,0.43929303278688525
SAMN31484074,SAMN09847821,0.4268413247652002
SAMN31484074,SAMN09847822,0.43918053777208704
SAMN31484074,SAMN09847823,0.4390681003584229
SAMN31484074,SAMN09847824,0.444913020558777
SAMN31484074,SAMN09847825,0.4369987063389392
SAMN31484074,SAMN09847826,0.4407741935483871
SAMN31484074,SAMN09847827,0.44062983995869903
SAMN31484074,SAMN09847828,0.44051612903225806
SAMN31484074,SAMN09847829,0.4410018073844565
SAMN31484074,SAMN09847830,0.4410322580645161
SAMN31484074,SAMN09847831,0.4344221105527638
SAMN31484074,SAMN09847832,0.4449119116486984
SAMN31484074,SAMN09847833,0.4385554689529748
SAMN31484074,SAMN09847834,0.43604799591524124
SAMN31484074,SAMN09847835,0.44314032342201354
SAMN31484074,SAMN09847836,0.4457485654668753
SAMN31484074,SAMN09847837,0.44063324538258575
SAMN31484074,SAMN09847838,0.4423225806451613
SAMN31484074,SAMN09847839,0.4423225806451613
SAMN31484074,SAMN09847840,0.44366925064599483
SAMN31484074,SAMN09847841,0.44247104247104246
SAMN31484074,SAMN09847842,0.42979150967093693
SAMN31484074,SAMN09847843,0.4418726985796949
SAMN31484074,SAMN09847844,0.40582572204393974
SAMN31484074,SAMN09847845,0.44653103808033384
SAMN31484074,SAMN09847846,0.44604128560229944
SAMN31484074,SAMN09847847,0.4379151762902402
SAMN31484074,SAMN09847848,0.4291944586967676
SAMN31484074,SAMN09847849,0.4408047459375806
SAMN31484074,SAMN09847850,0.4291539245667686
SAMN31484074,SAMN09847851,0.4360672440142639
SAMN31484074,SAMN09847852,0.43704474505723206
SAMN31484074,SAMN09847853,0.43849308047155305
SAMN31484074,SAMN09847854,0.40509774808215787
SAMN31484074,SAMN09847855,0.4409148665819568
SAMN31484074,SAMN09847856,0.4333916520869783
SAMN31484074,SAMN09847857,0.40537179806018403
SAMN31484074,SAMN09847858,0.4461538461538462
SAMN31484074,SAMN09847859,0.4357106981416374
SAMN31484074,SAMN09847860,0.4504527813712807
SAMN31484074,SAMN09847861,0.4320219123505976
SAMN31484074,SAMN09847862,0.43768920282542884
SAMN31484074,SAMN09847863,0.43813131313131315
SAMN31484074,SAMN09847864,0.3816662570656181
SAMN31484074,SAMN09847865,0.43674395161290325
SAMN31484074,SAMN09847866,0.4352398050782252
SAMN31484074,SAMN09847867,0.4336396120469627
SAMN31484078,SAMN02649746,0.6609619356742402
SAMN31484078,SAMN02649748,0.628475147430497
SAMN31484078,SAMN02649749,0.6323863636363637
SAMN31484078,SAMN02649750,0.8899350649350649
SAMN31484078,SAMN02649751,0.6253931941664284
SAMN31484078,SAMN02649752,0.9140939597315436
SAMN31484078,SAMN02649753,0.9049366244162775
SAMN31484078,SAMN02649754,0.6388650042992261
SAMN31484078,SAMN02649755,0.6557134399052694
SAMN31484078,SAMN02649756,0.6337342497136311
SAMN31484078,SAMN02649757,0.8985459352280238
SAMN31484078,SAMN02649758,0.9833448993754337
SAMN31484078,SAMN02649759,0.6270022883295194
SAMN31484078,SAMN02649760,0.6518711923411662
SAMN31484078,SAMN02649761,0.9612640163098879
SAMN31484078,SAMN02649762,0.9696349368816104
SAMN31484078,SAMN02649763,0.7206736353077816
SAMN31484078,SAMN02649764,0.6401035673187572
SAMN31484078,SAMN02649765,0.6318493150684932
SAMN31484078,SAMN02649766,0.627906976744186
SAMN31484078,SAMN02649767,0.6353749284487693
SAMN31484078,SAMN02649769,0.9920194309507286
SAMN31484078,SAMN02649770,0.6239000851546977
SAMN31484078,SAMN02649771,0.6389933468325137
SAMN31484078,SAMN02649772,0.6321184510250569
SAMN31484078,SAMN02649773,0.6275303643724697
SAMN31484078,SAMN02649774,0.6140939597315436
SAMN31484078,SAMN02649775,0.6304470854555744
SAMN31484078,SAMN02649776,0.6394675925925926
SAMN31484078,SAMN02649777,0.6318522792844777
SAMN31484078,SAMN02649778,0.9055666003976143
SAMN31484078,SAMN02649779,0.906813627254509
SAMN31484078,SAMN02649780,0.6512372634643377
SAMN31484078,SAMN02649781,0.6323151584356266
SAMN31484078,SAMN02649782,0.636259977194983
SAMN31484078,SAMN02649783,0.6333523700742433
SAMN31484078,SAMN02649784,0.631175468483816
SAMN31484078,SAMN02649785,0.6361811926605505
SAMN31484078,SAMN02649786,0.6338189088831763
SAMN31484078,SAMN02649787,0.6363896029705798
SAMN31484078,SAMN02649788,0.6286201022146508
SAMN31484078,SAMN02649789,0.6231353785533352
SAMN31484078,SAMN02649790,0.9764263751281175
SAMN31484078,SAMN02649791,0.42912246865959497
SAMN31484078,SAMN02649792,0.6551312649164678
SAMN31484078,SAMN02649793,0.636734693877551
SAMN31484078,SAMN02649794,0.6309994353472614
SAMN31484078,SAMN02649795,0.639554794520548
SAMN31484078,SAMN02649796,0.6825755436317424
SAMN31484078,SAMN02649797,0.9605129935875801
SAMN31484078,SAMN02649798,0.6268361581920904
SAMN31484078,SAMN02649799,0.629156010230179
SAMN31484078,SAMN02649800,0.6370944587998851
SAMN31484078,SAMN02649801,0.6330540306269864
SAMN31484078,SAMN02649802,0.6350156829198745
SAMN31484078,SAMN02649803,0.879686990544506
SAMN31484078,SAMN02649804,0.6317873303167421
SAMN31484078,SAMN02649805,0.6299323562570462
SAMN31484078,SAMN02649806,0.6275743707093822
SAMN31484078,SAMN02649807,0.901797603195739
SAMN31484078,SAMN02649808,0.6347202295552368
SAMN31484078,SAMN02649809,0.6372663551401869
SAMN31484078,SAMN02649810,0.3990314769975787
SAMN31484078,SAMN02649811,0.6347527865104315
SAMN31484078,SAMN02649812,0.6323696145124716
SAMN31484078,SAMN02649813,0.6312517660356033
SAMN31484078,SAMN02649814,0.6852017937219731
SAMN31484078,SAMN02649815,0.6369371952968167
SAMN31484078,SAMN03859721,0.8737046632124352
SAMN31484078,SAMN03859722,0.40063631913852177
SAMN31484078,SAMN03859723,0.8808080808080808
SAMN31484078,SAMN03859724,0.40920336467095497
SAMN31484078,SAMN03859727,0.878797778503757
SAMN31484078,SAMN03859728,0.6225261932479628
SAMN31484078,SAMN03859729,0.6385718466491074
SAMN31484078,SAMN03859732,0.7132595031427716
SAMN31484078,SAMN03859735,0.4200050390526581
SAMN31484078,SAMN03859736,0.6765490661132523
SAMN31484078,SAMN03859737,0.875
SAMN31484078,SAMN03859738,0.6360252004581901
SAMN31484078,SAMN03859740,0.8974272173324306
SAMN31484078,SAMN03859741,0.6336309523809524
SAMN31484078,SAMN03859743,0.40922693266832916
SAMN31484078,SAMN03859744,0.6441627358490566
SAMN31484078,SAMN03859745,0.8995887594242632
SAMN31484078,SAMN03859747,0.856344510190664
SAMN31484078,SAMN03859748,0.3912718204488778
SAMN31484078,SAMN03859752,0.4225974025974026
SAMN31484078,SAMN03859753,0.8991452991452992
SAMN31484078,SAMN03859755,0.8984214138641043
SAMN31484078,SAMN03859756,0.4507408370158565
SAMN31484078,SAMN03859757,0.6291837933059307
SAMN31484078,SAMN03859758,0.8753360215053764
SAMN31484078,SAMN03859759,0.5160256410256411
SAMN31484078,SAMN03859760,0.5221407226297202
SAMN31484078,SAMN03859761,0.4199395770392749
SAMN31484078,SAMN03859762,0.6755862898376428
SAMN31484078,SAMN03859763,0.5136523384698567
SAMN31484078,SAMN03859765,0.39196606786427146
SAMN31484078,SAMN03859766,0.4239758733350088
SAMN31484078,SAMN03859767,0.8881842456608812
SAMN31484078,SAMN03859769,0.660746538229982
SAMN31484078,SAMN03859770,0.4121166791323859
SAMN31484078,SAMN03859774,0.6628912071535022
SAMN31484078,SAMN03859775,0.46463858554342174
SAMN31484078,SAMN03859776,0.6420118343195266
SAMN31484078,SAMN03859777,0.6320141760189013
SAMN31484078,SAMN03859778,0.41386238071320947
SAMN31484078,SAMN03859783,0.9041794087665648
SAMN31484078,SAMN03859784,0.4464963318998229
SAMN31484078,SAMN03859785,0.8623212504156967
SAMN31484078,SAMN03859786,0.8830738655183835
SAMN31484078,SAMN03859787,0.4959070504357011
SAMN31484078,SAMN03859789,0.4507920020773825
SAMN31484078,SAMN03859790,0.4173366834170854
SAMN31484078,SAMN03859792,0.41166032953105197
SAMN31484078,SAMN03859793,0.8788590604026846
SAMN31484078,SAMN03859794,0.4164550533265617
SAMN31484078,SAMN03859795,0.4128231120121642
SAMN31484078,SAMN03859796,0.8922255588922255
SAMN31484078,SAMN03859797,0.4779489904357067
SAMN31484078,SAMN03859798,0.41473158551810235
SAMN31484078,SAMN03859799,0.4760518655729029
SAMN31484078,SAMN03859800,0.8547231270358306
SAMN31484078,SAMN03859801,0.4149419485108531
SAMN31484078,SAMN03859802,0.6501320810096859
SAMN31484078,SAMN03859803,0.4110691823899371
SAMN31484078,SAMN03859805,0.6491381828805142
SAMN31484078,SAMN03859806,0.4692737430167598
SAMN31484078,SAMN03859807,0.6731851851851852
SAMN31484078,SAMN03859808,0.6195906432748538
SAMN31484078,SAMN03859809,0.4479012345679012
SAMN31484078,SAMN03859813,0.516059379217274
SAMN31484078,SAMN03859814,0.3967254408060453
SAMN31484078,SAMN03859815,0.46980392156862744
SAMN31484078,SAMN03859816,0.46442332391471874
SAMN31484078,SAMN03859817,0.6291907514450867
SAMN31484078,SAMN03859818,0.47882136279926335
SAMN31484078,SAMN03859819,0.47246525990735977
SAMN31484078,SAMN03859820,0.4667019027484144
SAMN31484078,SAMN03859821,0.457837694951097
SAMN31484078,SAMN03859824,0.6796497584541062
SAMN31484078,SAMN03859826,0.41521961184882533
SAMN31484078,SAMN03859829,0.6278106508875739
SAMN31484078,SAMN03859830,0.6302298173246906
SAMN31484078,SAMN03859831,0.40153256704980844
SAMN31484078,SAMN03859833,0.45343709468223087
SAMN31484078,SAMN03859838,0.41720059142434696
SAMN31484078,SAMN03859839,0.6754887218045112
SAMN31484078,SAMN03859840,0.6464527524286134
SAMN31484078,SAMN04244164,0.4301270417422868
SAMN31484078,SAMN04244165,0.8939494680851063
SAMN31484078,SAMN04244166,0.6599346599346599
SAMN31484078,SAMN09847804,0.6470243330401642
SAMN31484078,SAMN09847805,0.6503516998827668
SAMN31484078,SAMN09847806,0.6628605769230769
SAMN31484078,SAMN09847807,0.6807553956834532
SAMN31484078,SAMN09847808,0.6388888888888888
SAMN31484078,SAMN09847809,0.645618176453231
SAMN31484078,SAMN09847810,0.6566765578635014
SAMN31484078,SAMN09847811,0.41966724608889994
SAMN31484078,SAMN09847812,0.42725645614932245
SAMN31484078,SAMN09847813,0.9156378600823045
SAMN31484078,SAMN09847814,0.414506480558325
SAMN31484078,SAMN09847815,0.6422375112174693
SAMN31484078,SAMN09847816,0.9240935276177566
SAMN31484078,SAMN09847817,0.6675683799218515
SAMN31484078,SAMN09847818,0.9181166837256909
SAMN31484078,SAMN09847819,0.6327178303519908
SAMN31484078,SAMN09847820,0.6324293133294865
SAMN31484078,SAMN09847821,0.871216999356085
SAMN31484078,SAMN09847822,0.6322468993366023
SAMN31484078,SAMN09847823,0.6315941193427501
SAMN31484078,SAMN09847824,0.6480597014925373
SAMN31484078,SAMN09847825,0.6325160537069469
SAMN31484078,SAMN09847826,0.6362048894062864
SAMN31484078,SAMN09847827,0.636098981077147
SAMN31484078,SAMN09847828,0.6359138533178114
SAMN31484078,SAMN09847829,0.636098981077147
SAMN31484078,SAMN09847830,0.6364959254947613
SAMN31484078,SAMN09847831,0.9725463280713795
SAMN31484078,SAMN09847832,0.6553993419084655
SAMN31484078,SAMN09847833,0.6433834364868848
SAMN31484078,SAMN09847834,0.6417391304347826
SAMN31484078,SAMN09847835,0.6412371134020619
SAMN31484078,SAMN09847836,0.6451517830828176
SAMN31484078,SAMN09847837,0.6400238592305398
SAMN31484078,SAMN09847838,0.6360465116279069
SAMN31484078,SAMN09847839,0.6360465116279069
SAMN31484078,SAMN09847840,0.6455103831529687
SAMN31484078,SAMN09847841,0.9096446700507614
SAMN31484078,SAMN09847842,0.6388332856734343
SAMN31484078,SAMN09847843,0.6470763723150358
SAMN31484078,SAMN09847844,0.40780751288976186
SAMN31484078,SAMN09847845,0.644097733294083
SAMN31484078,SAMN09847846,0.6458948611931482
SAMN31484078,SAMN09847847,0.6430849521600464
SAMN31484078,SAMN09847848,0.6466099207513942
SAMN31484078,SAMN09847849,0.6481101670084969
SAMN31484078,SAMN09847850,0.6425247236765561
SAMN31484078,SAMN09847851,0.626647564469914
SAMN31484078,SAMN09847852,0.6591112436623919
SAMN31484078,SAMN09847853,0.6306982111944605
SAMN31484078,SAMN09847854,0.42037267080745344
SAMN31484078,SAMN09847855,0.9836692147324531
SAMN31484078,SAMN09847856,0.9780746831106544
SAMN31484078,SAMN09847857,0.4217891054472764
SAMN31484078,SAMN09847858,0.645550972304066
SAMN31484078,SAMN09847859,0.9678632478632478
SAMN31484078,SAMN09847860,0.9312350325008553
SAMN31484078,SAMN09847861,0.9727427597955707
SAMN31484078,SAMN09847862,0.99166955918084
SAMN31484078,SAMN09847863,0.9930483142161974
SAMN31484078,SAMN09847864,0.3981229933316868
SAMN31484078,SAMN09847865,0.9909816163718349
SAMN31484078,SAMN09847866,0.9056476158268515
SAMN31484078,SAMN09847867,0.8998992274101444
SAMN31484079,SAMN02649746,0.6588235294117647
SAMN31484079,SAMN02649748,0.6265397536394177
SAMN31484079,SAMN02649749,0.6304163126593033
SAMN31484079,SAMN02649750,0.8867680362342284
SAMN31484079,SAMN02649751,0.6234321550741163
SAMN31484079,SAMN02649752,0.9107321965897693
SAMN31484079,SAMN02649753,0.9016284479893653
SAMN31484079,SAMN02649754,0.6368571428571429
SAMN31484079,SAMN02649755,0.6535851283564473
SAMN31484079,SAMN02649756,0.6317442192406508
SAMN31484079,SAMN02649757,0.8971654581410679
SAMN31484079,SAMN02649758,0.9864724245577523
SAMN31484079,SAMN02649759,0.6250356429997148
SAMN31484079,SAMN02649760,0.6497975708502024
SAMN31484079,SAMN02649761,0.9643342391304348
SAMN31484079,SAMN02649762,0.9727148703956344
SAMN31484079,SAMN02649763,0.7198725376593279
SAMN31484079,SAMN02649764,0.6380843131631775
SAMN31484079,SAMN02649765,0.6298719772403983
SAMN31484079,SAMN02649766,0.6259301659988552
SAMN31484079,SAMN02649767,0.6333808844507846
SAMN31484079,SAMN02649769,0.9951439472771418
SAMN31484079,SAMN02649770,0.6219581211092247
SAMN31484079,SAMN02649771,0.6369665513264129
SAMN31484079,SAMN02649772,0.6301447629860913
SAMN31484079,SAMN02649773,0.6255405015854714
SAMN31484079,SAMN02649774,0.6126603457891802
SAMN31484079,SAMN02649775,0.628490832157969
SAMN31484079,SAMN02649776,0.6374387078165561
SAMN31484079,SAMN02649777,0.6298533218291631
SAMN31484079,SAMN02649778,0.9041639127561136
SAMN31484079,SAMN02649779,0.9034941763727121
SAMN31484079,SAMN02649780,0.6491584445734184
SAMN31484079,SAMN02649781,0.6307998861372046
SAMN31484079,SAMN02649782,0.6342710997442456
SAMN31484079,SAMN02649783,0.6313692001138628
SAMN31484079,SAMN02649784,0.6292103028587602
SAMN31484079,SAMN02649785,0.6341811946270363
SAMN31484079,SAMN02649786,0.6318337129840547
SAMN31484079,SAMN02649787,0.6343963553530751
SAMN31484079,SAMN02649788,0.6266628927257288
SAMN31484079,SAMN02649789,0.6212121212121212
SAMN31484079,SAMN02649790,0.9795081967213115
SAMN31484079,SAMN02649791,0.42833092833092834
SAMN31484079,SAMN02649792,0.6529884032114184
SAMN31484079,SAMN02649793,0.6346992153443767
SAMN31484079,SAMN02649794,0.6290458767238953
SAMN31484079,SAMN02649795,0.6375533428165007
SAMN31484079,SAMN02649796,0.6852060982495765
SAMN31484079,SAMN02649797,0.9635627530364372
SAMN31484079,SAMN02649798,0.6248943959448042
SAMN31484079,SAMN02649799,0.6271954674220963
SAMN31484079,SAMN02649800,0.6350887235260446
SAMN31484079,SAMN02649801,0.6310483870967742
SAMN31484079,SAMN02649802,0.6330301307561115
SAMN31484079,SAMN02649803,0.8783739837398374
SAMN31484079,SAMN02649804,0.6298280236819848
SAMN31484079,SAMN02649805,0.6279853891542568
SAMN31484079,SAMN02649806,0.6256059309951526
SAMN31484079,SAMN02649807,0.900398406374502
SAMN31484079,SAMN02649808,0.6327231121281465
SAMN31484079,SAMN02649809,0.6352256186317322
SAMN31484079,SAMN02649810,0.39797150446751994
SAMN31484079,SAMN02649811,0.6327635327635328
SAMN31484079,SAMN02649812,0.63040406894603
SAMN31484079,SAMN02649813,0.6292957746478873
SAMN31484079,SAMN02649814,0.6839594514013119
SAMN31484079,SAMN02649815,0.6349342481417953
SAMN31484079,SAMN03859721,0.8724160206718347
SAMN31484079,SAMN03859722,0.39956065413717357
SAMN31484079,SAMN03859723,0.8775578664877558
SAMN31484079,SAMN03859724,0.4084402764067127
SAMN31484079,SAMN03859727,0.8756510416666666
SAMN31484079,SAMN03859728,0.6210098665118978
SAMN31484079,SAMN03859729,0.6365227537922987
SAMN31484079,SAMN03859732,0.7109188544152745
SAMN31484079,SAMN03859735,0.4192008042221664
SAMN31484079,SAMN03859736,0.6743498817966903
SAMN31484079,SAMN03859737,0.8737212276214834
SAMN31484079,SAMN03859738,0.6340279760205538
SAMN31484079,SAMN03859740,0.8960162052667117
SAMN31484079,SAMN03859741,0.6315633343221596
SAMN31484079,SAMN03859743,0.4088081612341378
SAMN31484079,SAMN03859744,0.6420805171907141
SAMN31484079,SAMN03859745,0.896210310686241
SAMN31484079,SAMN03859747,0.8532590894202424
SAMN31484079,SAMN03859748,0.3902014424272569
SAMN31484079,SAMN03859752,0.4213934213934214
SAMN31484079,SAMN03859753,0.8970688479890934
SAMN31484079,SAMN03859755,0.8963393773520356
SAMN31484079,SAMN03859756,0.45058365758754865
SAMN31484079,SAMN03859757,0.627158326016974
SAMN31484079,SAMN03859758,0.8721124874455976
SAMN31484079,SAMN03859759,0.514513981358189
SAMN31484079,SAMN03859760,0.5205850487540629
SAMN31484079,SAMN03859761,0.41913611250627825
SAMN31484079,SAMN03859762,0.6733593047647588
SAMN31484079,SAMN03859763,0.5121293800539084
SAMN31484079,SAMN03859765,0.3908932570291117
SAMN31484079,SAMN03859766,0.42280701754385963
SAMN31484079,SAMN03859767,0.8849351513136016
SAMN31484079,SAMN03859769,0.6585658565856586
SAMN31484079,SAMN03859770,0.41134046257149964
SAMN31484079,SAMN03859774,0.6607248960190136
SAMN31484079,SAMN03859775,0.46331345605392793
SAMN31484079,SAMN03859776,0.6399292244175759
SAMN31484079,SAMN03859777,0.6299676184869002
SAMN31484079,SAMN03859778,0.4130761523046092
SAMN31484079,SAMN03859783,0.9027448322602508
SAMN31484079,SAMN03859784,0.44525731584258327
SAMN31484079,SAMN03859785,0.861028192371476
SAMN31484079,SAMN03859786,0.8817310868847044
SAMN31484079,SAMN03859787,0.49447077409162715
SAMN31484079,SAMN03859789,0.4506348795024618
SAMN31484079,SAMN03859790,0.41618641944374846
SAMN31484079,SAMN03859792,0.41122913505311076
SAMN31484079,SAMN03859793,0.8756268806419257
SAMN31484079,SAMN03859794,0.41601216113503925
SAMN31484079,SAMN03859795,0.41238938053097346
SAMN31484079,SAMN03859796,0.8889627659574468
SAMN31484079,SAMN03859797,0.47655629139072847
SAMN31484079,SAMN03859798,0.41429995017438964
SAMN31484079,SAMN03859799,0.4746701846965699
SAMN31484079,SAMN03859800,0.8534762833008447
SAMN31484079,SAMN03859801,0.4145051624276001
SAMN31484079,SAMN03859802,0.6480397893504973
SAMN31484079,SAMN03859803,0.410288582183187
SAMN31484079,SAMN03859805,0.6470588235294118
SAMN31484079,SAMN03859806,0.4686836518046709
SAMN31484079,SAMN03859807,0.6709982279976373
SAMN31484079,SAMN03859808,0.6180758017492711
SAMN31484079,SAMN03859809,0.44704433497536944
SAMN31484079,SAMN03859813,0.5145317545748116
SAMN31484079,SAMN03859814,0.39562923888470236
SAMN31484079,SAMN03859815,0.46845672575599584
SAMN31484079,SAMN03859816,0.46311475409836067
SAMN31484079,SAMN03859817,0.627196773264189
SAMN31484079,SAMN03859818,0.4786033079548438
SAMN31484079,SAMN03859819,0.47113163972286376
SAMN31484079,SAMN03859820,0.4665084388185654
SAMN31484079,SAMN03859821,0.45766288578211556
SAMN31484079,SAMN03859824,0.6779048765803732
SAMN31484079,SAMN03859826,0.4144167091186959
SAMN31484079,SAMN03859829,0.6262536873156342
SAMN31484079,SAMN03859830,0.628193832599119
SAMN31484079,SAMN03859831,0.40076433121019106
SAMN31484079,SAMN03859833,0.4521469218830833
SAMN31484079,SAMN03859838,0.41642084562438547
SAMN31484079,SAMN03859839,0.6732613908872902
SAMN31484079,SAMN03859840,0.6453317674691721
SAMN31484079,SAMN04244164,0.42890382626680457
SAMN31484079,SAMN04244165,0.8906922822126532
SAMN31484079,SAMN04244166,0.6577856719952635
SAMN31484079,SAMN09847804,0.6449444769140853
SAMN31484079,SAMN09847805,0.6482617586912065
SAMN31484079,SAMN09847806,0.6606768493560946
SAMN31484079,SAMN09847807,0.6785180758888557
SAMN31484079,SAMN09847808,0.6368188512518409
SAMN31484079,SAMN09847809,0.6435294117647059
SAMN31484079,SAMN09847810,0.6545400769003253
SAMN31484079,SAMN09847811,0.4188754025266287
SAMN31484079,SAMN09847812,0.4260581336053034
SAMN31484079,SAMN09847813,0.9121967885206697
SAMN31484079,SAMN09847814,0.41372451516658376
SAMN31484079,SAMN09847815,0.6401311866428145
SAMN31484079,SAMN09847816,0.9206617150573937
SAMN31484079,SAMN09847817,0.6653684841222289
SAMN31484079,SAMN09847818,0.9146838885112168
SAMN31484079,SAMN09847819,0.630716134598792
SAMN31484079,SAMN09847820,0.6304285303422491
SAMN31484079,SAMN09847821,0.8681424446583254
SAMN31484079,SAMN09847822,0.6302472685451409
SAMN31484079,SAMN09847823,0.6295977011494253
SAMN31484079,SAMN09847824,0.6459387087176436
SAMN31484079,SAMN09847825,0.6304917078847833
SAMN31484079,SAMN09847826,0.6341746446185088
SAMN31484079,SAMN09847827,0.6340684852002322
SAMN31484079,SAMN09847828,0.6338845372787931
SAMN31484079,SAMN09847829,0.6340684852002322
SAMN31484079,SAMN09847830,0.6344647519582245
SAMN31484079,SAMN09847831,0.9756432246998284
SAMN31484079,SAMN09847832,0.6532498509242696
SAMN31484079,SAMN09847833,0.6413043478260869
SAMN31484079,SAMN09847834,0.6396995088124819
SAMN31484079,SAMN09847835,0.6391661773341163
SAMN31484079,SAMN09847836,0.6430669800235017
SAMN31484079,SAMN09847837,0.6379310344827587
SAMN31484079,SAMN09847838,0.6340191248913358
SAMN31484079,SAMN09847839,0.6340191248913358
SAMN31484079,SAMN09847840,0.6434402332361516
SAMN31484079,SAMN09847841,0.9082011474856564
SAMN31484079,SAMN09847842,0.636830102622577
SAMN31484079,SAMN09847843,0.6449598572702944
SAMN31484079,SAMN09847844,0.40670910871694416
SAMN31484079,SAMN09847845,0.642018779342723
SAMN31484079,SAMN09847846,0.6438033559022667
SAMN31484079,SAMN09847847,0.6410404624277457
SAMN31484079,SAMN09847848,0.6445289643066121
SAMN31484079,SAMN09847849,0.6460280373831776
SAMN31484079,SAMN09847850,0.6404755001449696
SAMN31484079,SAMN09847851,0.6246786632390745
SAMN31484079,SAMN09847852,0.6569560047562426
SAMN31484079,SAMN09847853,0.6287029048029911
SAMN31484079,SAMN09847854,0.41993058998512645
SAMN31484079,SAMN09847855,0.9868009725599166
SAMN31484079,SAMN09847856,0.9798083504449008
SAMN31484079,SAMN09847857,0.42098703888334993
SAMN31484079,SAMN09847858,0.6434654919236417
SAMN31484079,SAMN09847859,0.9709501025290499
SAMN31484079,SAMN09847860,0.9277436946148603
SAMN31484079,SAMN09847861,0.9691106585200272
SAMN31484079,SAMN09847862,0.9947952810548231
SAMN31484079,SAMN09847863,0.9961779013203613
SAMN31484079,SAMN09847864,0.39704433497536945
SAMN31484079,SAMN09847865,0.9941054091539528
SAMN31484079,SAMN09847866,0.9022911051212938
SAMN31484079,SAMN09847867,0.8965863453815262
SAMN31484080,SAMN02649746,0.6551623281661304
SAMN31484080,SAMN02649748,0.6232247284878863
SAMN31484080,SAMN02649749,0.6270422535211267
SAMN31484080,SAMN02649750,0.8953676708778749
SAMN31484080,SAMN02649751,0.6200737170399773
SAMN31484080,SAMN02649752,0.9049833887043189
SAMN31484080,SAMN02649753,0.8959709379128138
SAMN31484080,SAMN02649754,0.6334185848252344
SAMN31484080,SAMN02649755,0.6499413145539906
SAMN31484080,SAMN02649756,0.628336172629188
SAMN31484080,SAMN02649757,0.8897251308900523
SAMN31484080,SAMN02649758,0.9732142857142857
SAMN31484080,SAMN02649759,0.6216676120249575
SAMN31484080,SAMN02649760,0.6462467644521139
SAMN31484080,SAMN02649761,0.9515640766902119
SAMN31484080,SAMN02649762,0.960472972972973
SAMN31484080,SAMN02649763,0.7144502014968336
SAMN31484080,SAMN02649764,0.634626354820308
SAMN31484080,SAMN02649765,0.6264855687606112
SAMN31484080,SAMN02649766,0.6225448334756618
SAMN31484080,SAMN02649767,0.6299659477866061
SAMN31484080,SAMN02649769,0.9817994505494505
SAMN31484080,SAMN02649770,0.6186321418519561
SAMN31484080,SAMN02649771,0.6334958416977344
SAMN31484080,SAMN02649772,0.626764539808018
SAMN31484080,SAMN02649773,0.6221330275229358
SAMN31484080,SAMN02649774,0.6089850249584027
SAMN31484080,SAMN02649775,0.6251402918069585
SAMN31484080,SAMN02649776,0.633964429145152
SAMN31484080,SAMN02649777,0.6264302059496567
SAMN31484080,SAMN02649778,0.8966535433070866
SAMN31484080,SAMN02649779,0.8978174603174603
SAMN31484080,SAMN02649780,0.6455988455988456
SAMN31484080,SAMN02649781,0.6269459382960657
SAMN31484080,SAMN02649782,0.6396703608979823
SAMN31484080,SAMN02649783,0.6279728199320498
SAMN31484080,SAMN02649784,0.6258445945945946
SAMN31484080,SAMN02649785,0.6307561114269471
SAMN31484080,SAMN02649786,0.6284338714245257
SAMN31484080,SAMN02649787,0.6309827244406684
SAMN31484080,SAMN02649788,0.6233108108108109
SAMN31484080,SAMN02649789,0.6179179458554284
SAMN31484080,SAMN02649790,0.9665201217450118
SAMN31484080,SAMN02649791,0.434971098265896
SAMN31484080,SAMN02649792,0.6493199290360734
SAMN31484080,SAMN02649793,0.63121387283237
SAMN31484080,SAMN02649794,0.6362355593124824
SAMN31484080,SAMN02649795,0.634125636672326
SAMN31484080,SAMN02649796,0.6801346801346801
SAMN31484080,SAMN02649797,0.9515374331550802
SAMN31484080,SAMN02649798,0.6215686274509804
SAMN31484080,SAMN02649799,0.6238377007607777
SAMN31484080,SAMN02649800,0.6316538571021919
SAMN31484080,SAMN02649801,0.6276138642222859
SAMN31484080,SAMN02649802,0.6296296296296297
SAMN31484080,SAMN02649803,0.8711656441717791
SAMN31484080,SAMN02649804,0.6264722378014582
SAMN31484080,SAMN02649805,0.6246506428172163
SAMN31484080,SAMN02649806,0.6222348269994328
SAMN31484080,SAMN02649807,0.8928806855636124
SAMN31484080,SAMN02649808,0.629302987197724
SAMN31484080,SAMN02649809,0.631731325998842
SAMN31484080,SAMN02649810,0.40188269370021723
SAMN31484080,SAMN02649811,0.6293567582884669
SAMN31484080,SAMN02649812,0.6270376616076447
SAMN31484080,SAMN02649813,0.6259456430372653
SAMN31484080,SAMN02649814,0.6791111111111111
SAMN31484080,SAMN02649815,0.631504122831959
SAMN31484080,SAMN03859721,0.8737113402061856
SAMN31484080,SAMN03859722,0.4038555392874573
SAMN31484080,SAMN03859723,0.872
SAMN31484080,SAMN03859724,0.41278065630397237
SAMN31484080,SAMN03859727,0.8702685215140731
SAMN31484080,SAMN03859728,0.6171379111367571
SAMN31484080,SAMN03859729,0.6330142152596461
SAMN31484080,SAMN03859732,0.7069118955799466
SAMN31484080,SAMN03859735,0.41685421355338836
SAMN31484080,SAMN03859736,0.670584778136938
SAMN31484080,SAMN03859737,0.8755980861244019
SAMN31484080,SAMN03859738,0.6306076093128904
SAMN31484080,SAMN03859740,0.8884048257372654
SAMN31484080,SAMN03859741,0.628023598820059
SAMN31484080,SAMN03859743,0.4061881188118812
SAMN31484080,SAMN03859744,0.6385154880187025
SAMN31484080,SAMN03859745,0.902697166268351
SAMN31484080,SAMN03859747,0.8479817708333334
SAMN31484080,SAMN03859748,0.3883663366336634
SAMN31484080,SAMN03859752,0.4193298969072165
SAMN31484080,SAMN03859753,0.8900169204737732
SAMN31484080,SAMN03859755,0.889266304347826
SAMN31484080,SAMN03859756,0.44725303069383543
SAMN31484080,SAMN03859757,0.6236903376018627
SAMN31484080,SAMN03859758,0.866600133067199
SAMN31484080,SAMN03859759,0.5119236883942766
SAMN31484080,SAMN03859760,0.5179196981945567
SAMN31484080,SAMN03859761,0.41679160419790107
SAMN31484080,SAMN03859762,0.6695470798569726
SAMN31484080,SAMN03859763,0.5095199785465272
SAMN31484080,SAMN03859765,0.3890539871223378
SAMN31484080,SAMN03859766,0.42080319281616363
SAMN31484080,SAMN03859767,0.8793787177792465
SAMN31484080,SAMN03859769,0.6548329355608592
SAMN31484080,SAMN03859770,0.40905716406829995
SAMN31484080,SAMN03859774,0.6570162481536189
SAMN31484080,SAMN03859775,0.4610423116615067
SAMN31484080,SAMN03859776,0.6363636363636364
SAMN31484080,SAMN03859777,0.6264637002341921
SAMN31484080,SAMN03859778,0.4107676969092722
SAMN31484080,SAMN03859783,0.8950554994954592
SAMN31484080,SAMN03859784,0.443133316595531
SAMN31484080,SAMN03859785,0.8538030951596971
SAMN31484080,SAMN03859786,0.8743850442768121
SAMN31484080,SAMN03859787,0.4920094314906995
SAMN31484080,SAMN03859789,0.44730739500128835
SAMN31484080,SAMN03859790,0.414214463840399
SAMN31484080,SAMN03859792,0.40855345911949686
SAMN31484080,SAMN03859793,0.8700996677740864
SAMN31484080,SAMN03859794,0.41330645161290325
SAMN31484080,SAMN03859795,0.40970824949698187
SAMN31484080,SAMN03859796,0.8833828873472085
SAMN31484080,SAMN03859797,0.474169741697417
SAMN31484080,SAMN03859798,0.4116480793060719
SAMN31484080,SAMN03859799,0.47230244158571805
SAMN31484080,SAMN03859800,0.8464516129032258
SAMN31484080,SAMN03859801,0.4118236472945892
SAMN31484080,SAMN03859802,0.6444573756182718
SAMN31484080,SAMN03859803,0.4079900124843945
SAMN31484080,SAMN03859805,0.6434984071821604
SAMN31484080,SAMN03859806,0.4655581947743468
SAMN31484080,SAMN03859807,0.6672540381791483
SAMN31484080,SAMN03859808,0.6142028985507246
SAMN31484080,SAMN03859809,0.4446078431372549
SAMN31484080,SAMN03859813,0.5119143239625167
SAMN31484080,SAMN03859814,0.39375
SAMN31484080,SAMN03859815,0.466147859922179
SAMN31484080,SAMN03859816,0.4608717817996431
SAMN31484080,SAMN03859817,0.62378223495702
SAMN31484080,SAMN03859818,0.4750717828243278
SAMN31484080,SAMN03859819,0.46884576098059244
SAMN31484080,SAMN03859820,0.46303093864708966
SAMN31484080,SAMN03859821,0.45423551009703644
SAMN31484080,SAMN03859824,0.6735487731897067
SAMN31484080,SAMN03859826,0.41206284845413077
SAMN31484080,SAMN03859829,0.6222873900293255
SAMN31484080,SAMN03859830,0.6247079439252337
SAMN31484080,SAMN03859831,0.39847908745247146
SAMN31484080,SAMN03859833,0.44993564993564994
SAMN31484080,SAMN03859838,0.4207421971000246
SAMN31484080,SAMN03859839,0.6694485842026826
SAMN31484080,SAMN03859840,0.640793697111176
SAMN31484080,SAMN04244164,0.4268073064059686
SAMN31484080,SAMN04244165,0.8969857568731368
SAMN31484080,SAMN04244166,0.6541065646158375
SAMN31484080,SAMN09847804,0.6413833188026736
SAMN31484080,SAMN09847805,0.6446833236490412
SAMN31484080,SAMN09847806,0.6569386539606908
SAMN31484080,SAMN09847807,0.6746880570409982
SAMN31484080,SAMN09847808,0.6332747510251904
SAMN31484080,SAMN09847809,0.6399532026908453
SAMN31484080,SAMN09847810,0.6508823529411765
SAMN31484080,SAMN09847811,0.41656396351984226
SAMN31484080,SAMN09847812,0.42400405988327833
SAMN31484080,SAMN09847813,0.9063136456211812
SAMN31484080,SAMN09847814,0.41142998515586343
SAMN31484080,SAMN09847815,0.6365253483545805
SAMN31484080,SAMN09847816,0.9147936933914794
SAMN31484080,SAMN09847817,0.6616026213881442
SAMN31484080,SAMN09847818,0.9088145896656535
SAMN31484080,SAMN09847819,0.6272883295194508
SAMN31484080,SAMN09847820,0.6270022883295194
SAMN31484080,SAMN09847821,0.8628826530612245
SAMN31484080,SAMN09847822,0.6268229911352587
SAMN31484080,SAMN09847823,0.6261789082595027
SAMN31484080,SAMN09847824,0.6423076923076924
SAMN31484080,SAMN09847825,0.6270254629629629
SAMN31484080,SAMN09847826,0.6306982111944605
SAMN31484080,SAMN09847827,0.6305916305916306
SAMN31484080,SAMN09847828,0.6304096941719561
SAMN31484080,SAMN09847829,0.6305916305916306
SAMN31484080,SAMN09847830,0.6309867282169648
SAMN31484080,SAMN09847831,0.9626358695652174
SAMN31484080,SAMN09847832,0.6495701156240735
SAMN31484080,SAMN09847833,0.637744668419515
SAMN31484080,SAMN09847834,0.6362068965517241
SAMN31484080,SAMN09847835,0.6356204379562044
SAMN31484080,SAMN09847836,0.6394975167981303
SAMN31484080,SAMN09847837,0.6343482116464676
SAMN31484080,SAMN09847838,0.6305475504322766
SAMN31484080,SAMN09847839,0.6305475504322766
SAMN31484080,SAMN09847840,0.639895621919397
SAMN31484080,SAMN09847841,0.9005025125628141
SAMN31484080,SAMN09847842,0.6333994896512617
SAMN31484080,SAMN09847843,0.6413364872856298
SAMN31484080,SAMN09847844,0.40482573726541554
SAMN31484080,SAMN09847845,0.6384592938430114
SAMN31484080,SAMN09847846,0.6402224824355972
SAMN31484080,SAMN09847847,0.637539522851394
SAMN31484080,SAMN09847848,0.6409659586848996
SAMN31484080,SAMN09847849,0.6424629683415626
SAMN31484080,SAMN09847850,0.6369665513264129
SAMN31484080,SAMN09847851,0.6319702602230484
SAMN31484080,SAMN09847852,0.6532663316582915
SAMN31484080,SAMN09847853,0.6252860411899314
SAMN31484080,SAMN09847854,0.4207663782447466
SAMN31484080,SAMN09847855,0.9735213204951857
SAMN31484080,SAMN09847856,0.9681247880637505
SAMN31484080,SAMN09847857,0.41865079365079366
SAMN31484080,SAMN09847858,0.6398948598130841
SAMN31484080,SAMN09847859,0.9587000677048071
SAMN31484080,SAMN09847860,0.9217744666440908
SAMN31484080,SAMN09847861,0.9755600814663951
SAMN31484080,SAMN09847862,0.9814496736516661
SAMN31484080,SAMN09847863,0.9828001375988992
SAMN31484080,SAMN09847864,0.3951949007109586
SAMN31484080,SAMN09847865,0.9807758324751116
SAMN31484080,SAMN09847866,0.896551724137931
SAMN31484080,SAMN09847867,0.8909211839042235
SAMN31484081,SAMN02649746,0.6590173580464843
SAMN31484081,SAMN02649748,0.626715205824699
SAMN31484081,SAMN02649749,0.6305949008498584
SAMN31484081,SAMN02649750,0.8870550161812297
SAMN31484081,SAMN02649751,0.6236099230111206
SAMN31484081,SAMN02649752,0.9110367892976589
SAMN31484081,SAMN02649753,0.9019281914893617
SAMN31484081,SAMN02649754,0.6370391540440126
SAMN31484081,SAMN02649755,0.6537780401416765
SAMN31484081,SAMN02649756,0.6319246145059966
SAMN31484081,SAMN02649757,0.8974612594790636
SAMN31484081,SAMN02649758,0.9868147120055517
SAMN31484081,SAMN02649759,0.6252139189960069
SAMN31484081,SAMN02649760,0.6499855365924212
SAMN31484081,SAMN02649761,0.964661909616038
SAMN31484081,SAMN02649762,0.9730467417263733
SAMN31484081,SAMN02649763,0.7200811359026369
SAMN31484081,SAMN02649764,0.638267355134825
SAMN31484081,SAMN02649765,0.6300512236767217
SAMN31484081,SAMN02649766,0.6261093615803035
SAMN31484081,SAMN02649767,0.6335616438356164
SAMN31484081,SAMN02649769,0.9954892435808467
SAMN31484081,SAMN02649770,0.6221341636003397
SAMN31484081,SAMN02649771,0.6371502740121142
SAMN31484081,SAMN02649772,0.6303236797274276
SAMN31484081,SAMN02649773,0.6257208765859285
SAMN31484081,SAMN02649774,0.6128312412831242
SAMN31484081,SAMN02649775,0.628668171557562
SAMN31484081,SAMN02649776,0.6376226197345644
SAMN31484081,SAMN02649777,0.6300345224395857
SAMN31484081,SAMN02649778,0.9044628099173554
SAMN31484081,SAMN02649779,0.9037949400798935
SAMN31484081,SAMN02649780,0.6493468795355588
SAMN31484081,SAMN02649781,0.6309794988610479
SAMN31484081,SAMN02649782,0.6344513928368392
SAMN31484081,SAMN02649783,0.6315489749430524
SAMN31484081,SAMN02649784,0.6293884484711212
SAMN31484081,SAMN02649785,0.6343624928530589
SAMN31484081,SAMN02649786,0.6320136713187127
SAMN31484081,SAMN02649787,0.6345770435773284
SAMN31484081,SAMN02649788,0.6268403171007928
SAMN31484081,SAMN02649789,0.6213864720740948
SAMN31484081,SAMN02649790,0.9798428425008541
SAMN31484081,SAMN02649791,0.4284339668029829
SAMN31484081,SAMN02649792,0.6531826293872695
SAMN31484081,SAMN02649793,0.6348837209302326
SAMN31484081,SAMN02649794,0.629222972972973
SAMN31484081,SAMN02649795,0.6377347751849743
SAMN31484081,SAMN02649796,0.68539960463146
SAMN31484081,SAMN02649797,0.9638879514006075
SAMN31484081,SAMN02649798,0.6250704225352113
SAMN31484081,SAMN02649799,0.6273731935392463
SAMN31484081,SAMN02649800,0.6352705410821643
SAMN31484081,SAMN02649801,0.6312301930279458
SAMN31484081,SAMN02649802,0.6332101222632925
SAMN31484081,SAMN02649803,0.8786597267404034
SAMN31484081,SAMN02649804,0.6300056401579244
SAMN31484081,SAMN02649805,0.6281618887015177
SAMN31484081,SAMN02649806,0.6257843696520251
SAMN31484081,SAMN02649807,0.9006974427100631
SAMN31484081,SAMN02649808,0.6329041487839772
SAMN31484081,SAMN02649809,0.6354105998835178
SAMN31484081,SAMN02649810,0.39806763285024155
SAMN31484081,SAMN02649811,0.6329438586491878
SAMN31484081,SAMN02649812,0.6305822498586772
SAMN31484081,SAMN02649813,0.6294730910115526
SAMN31484081,SAMN02649814,0.6841634357291977
SAMN31484081,SAMN02649815,0.6351158135544752
SAMN31484081,SAMN03859721,0.8726978998384491
SAMN31484081,SAMN03859722,0.399658203125
SAMN31484081,SAMN03859723,0.8778523489932886
SAMN31484081,SAMN03859724,0.4085411009627253
SAMN31484081,SAMN03859727,0.8759361771409964
SAMN31484081,SAMN03859728,0.6211901306240929
SAMN31484081,SAMN03859729,0.6367084913918879
SAMN31484081,SAMN03859732,0.7111310056699492
SAMN31484081,SAMN03859735,0.4193061840120664
SAMN31484081,SAMN03859736,0.6745492166715933
SAMN31484081,SAMN03859737,0.874000639590662
SAMN31484081,SAMN03859738,0.6342090234151914
SAMN31484081,SAMN03859740,0.8963188112124282
SAMN31484081,SAMN03859741,0.6317507418397627
SAMN31484081,SAMN03859743,0.40890990542558486
SAMN31484081,SAMN03859744,0.6422692533803644
SAMN31484081,SAMN03859745,0.8965163934426229
SAMN31484081,SAMN03859747,0.8535386631716907
SAMN31484081,SAMN03859748,0.3902985074626866
SAMN31484081,SAMN03859752,0.42150259067357515
SAMN31484081,SAMN03859753,0.8973747016706444
SAMN31484081,SAMN03859755,0.8966461327857632
SAMN31484081,SAMN03859756,0.4507005708354956
SAMN31484081,SAMN03859757,0.6273419203747073
SAMN31484081,SAMN03859758,0.8724045545880776
SAMN31484081,SAMN03859759,0.5146510388918487
SAMN31484081,SAMN03859760,0.520726090490382
SAMN31484081,SAMN03859761,0.41924139663401155
SAMN31484081,SAMN03859762,0.6735611510791367
SAMN31484081,SAMN03859763,0.5122674575357239
SAMN31484081,SAMN03859765,0.3909905425584868
SAMN31484081,SAMN03859766,0.422913010779644
SAMN31484081,SAMN03859767,0.8852295409181636
SAMN31484081,SAMN03859769,0.6587635054021609
SAMN31484081,SAMN03859770,0.41144278606965173
SAMN31484081,SAMN03859774,0.6609212481426449
SAMN31484081,SAMN03859775,0.46343360995850624
SAMN31484081,SAMN03859776,0.640117994100295
SAMN31484081,SAMN03859777,0.6301531213191991
SAMN31484081,SAMN03859778,0.4131796542219995
SAMN31484081,SAMN03859783,0.9030508474576271
SAMN31484081,SAMN03859784,0.4453696694423417
SAMN31484081,SAMN03859785,0.8613138686131386
SAMN31484081,SAMN03859786,0.8820224719101124
SAMN31484081,SAMN03859787,0.49460100079009744
SAMN31484081,SAMN03859789,0.4507516848107828
SAMN31484081,SAMN03859790,0.4162907268170426
SAMN31484081,SAMN03859792,0.4113331646850493
SAMN31484081,SAMN03859793,0.8759197324414716
SAMN31484081,SAMN03859794,0.4161175874303092
SAMN31484081,SAMN03859795,0.41249367728882147
SAMN31484081,SAMN03859796,0.8892583970734952
SAMN31484081,SAMN03859797,0.47668256491785904
SAMN31484081,SAMN03859798,0.4144031896336905
SAMN31484081,SAMN03859799,0.47479546054367905
SAMN31484081,SAMN03859800,0.853753656158596
SAMN31484081,SAMN03859801,0.4146095717884131
SAMN31484081,SAMN03859802,0.6482294410301433
SAMN31484081,SAMN03859803,0.41039156626506024
SAMN31484081,SAMN03859805,0.647247305563647
SAMN31484081,SAMN03859806,0.4688080700822936
SAMN31484081,SAMN03859807,0.6711964549483014
SAMN31484081,SAMN03859808,0.6182560513269175
SAMN31484081,SAMN03859809,0.44715447154471544
SAMN31484081,SAMN03859813,0.5146702557200539
SAMN31484081,SAMN03859814,0.3957286432160804
SAMN31484081,SAMN03859815,0.4685788787483703
SAMN31484081,SAMN03859816,0.46323341019728415
SAMN31484081,SAMN03859817,0.6273775216138329
SAMN31484081,SAMN03859818,0.4787289915966387
SAMN31484081,SAMN03859819,0.47125256673511295
SAMN31484081,SAMN03859820,0.4666314956475864
SAMN31484081,SAMN03859821,0.4577836411609499
SAMN31484081,SAMN03859824,0.6781090033122553
SAMN31484081,SAMN03859826,0.4145222929936306
SAMN31484081,SAMN03859829,0.6264384774269696
SAMN31484081,SAMN03859830,0.6283783783783784
SAMN31484081,SAMN03859831,0.4008664627930683
SAMN31484081,SAMN03859833,0.4522639068564036
SAMN31484081,SAMN03859838,0.4165232358003442
SAMN31484081,SAMN03859839,0.673463268365817
SAMN31484081,SAMN03859840,0.6455212922173275
SAMN31484081,SAMN04244164,0.42901474010861135
SAMN31484081,SAMN04244165,0.890987408880053
SAMN31484081,SAMN04244166,0.6579804560260586
SAMN31484081,SAMN09847804,0.6451330020461853
SAMN31484081,SAMN09847805,0.6484511981297487
SAMN31484081,SAMN09847806,0.6608747753145596
SAMN31484081,SAMN09847807,0.6787208607292289
SAMN31484081,SAMN09847808,0.6370064820271066
SAMN31484081,SAMN09847809,0.6437187408061195
SAMN31484081,SAMN09847810,0.6547337278106509
SAMN31484081,SAMN09847811,0.41897918731417244
SAMN31484081,SAMN09847812,0.42616679418515685
SAMN31484081,SAMN09847813,0.9125085440874915
SAMN31484081,SAMN09847814,0.4138274061178811
SAMN31484081,SAMN09847815,0.6403220996122875
SAMN31484081,SAMN09847816,0.9209726443768997
SAMN31484081,SAMN09847817,0.6655678753371291
SAMN31484081,SAMN09847818,0.9149948996939816
SAMN31484081,SAMN09847819,0.630897583429229
SAMN31484081,SAMN09847820,0.6306098964326813
SAMN31484081,SAMN09847821,0.868421052631579
SAMN31484081,SAMN09847822,0.6304285303422491
SAMN31484081,SAMN09847823,0.6297786720321932
SAMN31484081,SAMN09847824,0.6461309523809524
SAMN31484081,SAMN09847825,0.630675203725262
SAMN31484081,SAMN09847826,0.6343586767266396
SAMN31484081,SAMN09847827,0.6342525399129173
SAMN31484081,SAMN09847828,0.6340684852002322
SAMN31484081,SAMN09847829,0.6342525399129173
SAMN31484081,SAMN09847830,0.634648868253047
SAMN31484081,SAMN09847831,0.9759780370624571
SAMN31484081,SAMN09847832,0.6534446764091858
SAMN31484081,SAMN09847833,0.6414928004701734
SAMN31484081,SAMN09847834,0.6398843930635838
SAMN31484081,SAMN09847835,0.6393538913362702
SAMN31484081,SAMN09847836,0.6432559506317955
SAMN31484081,SAMN09847837,0.6381207255426702
SAMN31484081,SAMN09847838,0.6342028985507246
SAMN31484081,SAMN09847839,0.6342028985507246
SAMN31484081,SAMN09847840,0.6436278798483522
SAMN31484081,SAMN09847841,0.9085077650236327
SAMN31484081,SAMN09847842,0.6370116909039065
SAMN31484081,SAMN09847843,0.6451516954193932
SAMN31484081,SAMN09847844,0.4068087190791085
SAMN31484081,SAMN09847845,0.6422072204285295
SAMN31484081,SAMN09847846,0.6439929328621908
SAMN31484081,SAMN09847847,0.6412257877999422
SAMN31484081,SAMN09847848,0.6447175885279485
SAMN31484081,SAMN09847849,0.6462167689161554
SAMN31484081,SAMN09847850,0.640661252900232
SAMN31484081,SAMN09847851,0.6248571428571429
SAMN31484081,SAMN09847852,0.6571513529586679
SAMN31484081,SAMN09847853,0.6288837744533947
SAMN31484081,SAMN09847854,0.4200347136126953
SAMN31484081,SAMN09847855,0.987143849895761
SAMN31484081,SAMN09847856,0.9801437863745293
SAMN31484081,SAMN09847857,0.42109199700822736
SAMN31484081,SAMN09847858,0.6436545240893067
SAMN31484081,SAMN09847859,0.9712820512820513
SAMN31484081,SAMN09847860,0.9280600068189567
SAMN31484081,SAMN09847861,0.969439728353141
SAMN31484081,SAMN09847862,0.9951405761888233
SAMN31484081,SAMN09847863,0.9965241571080987
SAMN31484081,SAMN09847864,0.3971421532397142
SAMN31484081,SAMN09847865,0.9944502254595907
SAMN31484081,SAMN09847866,0.9025952140208965
SAMN31484081,SAMN09847867,0.8968865082022096
SAMN31484082,SAMN02649746,0.6587231538687849
SAMN31484082,SAMN02649748,0.6264351722206665
SAMN31484082,SAMN02649749,0.6303116147308782
SAMN31484082,SAMN02649750,0.8861209964412812
SAMN31484082,SAMN02649751,0.6233247790134018
SAMN31484082,SAMN02649752,0.9100635239050485
SAMN31484082,SAMN02649753,0.9009637753406448
SAMN31484082,SAMN02649754,0.6372212692967409
SAMN31484082,SAMN02649755,0.653482880755608
SAMN31484082,SAMN02649756,0.6316390633923472
SAMN31484082,SAMN02649757,0.8965062623599209
SAMN31484082,SAMN02649758,0.9857787027402012
SAMN31484082,SAMN02649759,0.6249286936679977
SAMN31484082,SAMN02649760,0.6496962684408447
SAMN31484082,SAMN02649761,0.9636548913043478
SAMN31484082,SAMN02649762,0.9720327421555253
SAMN31484082,SAMN02649763,0.7192931633835458
SAMN31484082,SAMN02649764,0.6379804934021801
SAMN31484082,SAMN02649765,0.6297666476949345
SAMN31484082,SAMN02649766,0.6258230747208703
SAMN31484082,SAMN02649767,0.6332762557077626
SAMN31484082,SAMN02649769,0.9944502254595907
SAMN31484082,SAMN02649770,0.6218511180300028
SAMN31484082,SAMN02649771,0.6368618402076723
SAMN31484082,SAMN02649772,0.6300397501419648
SAMN31484082,SAMN02649773,0.6254325259515571
SAMN31484082,SAMN02649774,0.6125523012552301
SAMN31484082,SAMN02649775,0.6283860045146726
SAMN31484082,SAMN02649776,0.63733410271206
SAMN31484082,SAMN02649777,0.629746835443038
SAMN31484082,SAMN02649778,0.9035029742233972
SAMN31484082,SAMN02649779,0.9028286189683861
SAMN31484082,SAMN02649780,0.6490566037735849
SAMN31484082,SAMN02649781,0.6306947608200456
SAMN31484082,SAMN02649782,0.6341671404206936
SAMN31484082,SAMN02649783,0.6312642369020501
SAMN31484082,SAMN02649784,0.6291053227633069
SAMN31484082,SAMN02649785,0.6340766152086906
SAMN31484082,SAMN02649786,0.6317288521788664
SAMN31484082,SAMN02649787,0.6342922244374822
SAMN31484082,SAMN02649788,0.6265571913929785
SAMN31484082,SAMN02649789,0.6211058097109178
SAMN31484082,SAMN02649790,0.9788251366120219
SAMN31484082,SAMN02649791,0.42784992784992787
SAMN31484082,SAMN02649792,0.6528851873884592
SAMN31484082,SAMN02649793,0.6345930232558139
SAMN31484082,SAMN02649794,0.6289414414414415
SAMN31484082,SAMN02649795,0.6374501992031872
SAMN31484082,SAMN02649796,0.6851171985314882
SAMN31484082,SAMN02649797,0.9628879892037787
SAMN31484082,SAMN02649798,0.6247887323943662
SAMN31484082,SAMN02649799,0.6270898271465004
SAMN31484082,SAMN02649800,0.6349842542227312
SAMN31484082,SAMN02649801,0.6309420916162489
SAMN31484082,SAMN02649802,0.632925789024737
SAMN31484082,SAMN02649803,0.8777235772357723
SAMN31484082,SAMN02649804,0.6297236322617034
SAMN31484082,SAMN02649805,0.6278808319280494
SAMN31484082,SAMN02649806,0.625499144324016
SAMN31484082,SAMN02649807,0.899734395750332
SAMN31484082,SAMN02649808,0.632618025751073
SAMN31484082,SAMN02649809,0.6351193942923704
SAMN31484082,SAMN02649810,0.39816380768301524
SAMN31484082,SAMN02649811,0.6326588771729837
SAMN31484082,SAMN02649812,0.6302996042962126
SAMN31484082,SAMN02649813,0.6291913214990138
SAMN31484082,SAMN02649814,0.6833631484794276
SAMN31484082,SAMN02649815,0.6348298541607091
SAMN31484082,SAMN03859721,0.8717700258397932
SAMN31484082,SAMN03859722,0.3997557997557998
SAMN31484082,SAMN03859723,0.87751677852349
SAMN31484082,SAMN03859724,0.4082942483337448
SAMN31484082,SAMN03859727,0.875
SAMN31484082,SAMN03859728,0.620899854862119
SAMN31484082,SAMN03859729,0.6364166909833674
SAMN31484082,SAMN03859732,0.7103221957040573
SAMN31484082,SAMN03859735,0.4190548014077426
SAMN31484082,SAMN03859736,0.6737588652482269
SAMN31484082,SAMN03859737,0.8730818414322251
SAMN31484082,SAMN03859738,0.633923472301542
SAMN31484082,SAMN03859740,0.8953409858203917
SAMN31484082,SAMN03859741,0.6309700385642243
SAMN31484082,SAMN03859743,0.40866102538576404
SAMN31484082,SAMN03859744,0.6419753086419753
SAMN31484082,SAMN03859745,0.8961748633879781
SAMN31484082,SAMN03859747,0.8526039960694399
SAMN31484082,SAMN03859748,0.39039562080119433
SAMN31484082,SAMN03859752,0.4216118165327805
SAMN31484082,SAMN03859753,0.896387184730743
SAMN31484082,SAMN03859755,0.8956551488197058
SAMN31484082,SAMN03859756,0.45119418483904467
SAMN31484082,SAMN03859757,0.6270491803278688
SAMN31484082,SAMN03859758,0.8720696584058941
SAMN31484082,SAMN03859759,0.5139813581890812
SAMN31484082,SAMN03859760,0.520455161202926
SAMN31484082,SAMN03859761,0.4189902034664657
SAMN31484082,SAMN03859762,0.6732613908872902
SAMN31484082,SAMN03859763,0.5119978430843893
SAMN31484082,SAMN03859765,0.39108787652476973
SAMN31484082,SAMN03859766,0.42301905717151456
SAMN31484082,SAMN03859767,0.8842700365813103
SAMN31484082,SAMN03859769,0.6584633853541416
SAMN31484082,SAMN03859770,0.41119402985074627
SAMN31484082,SAMN03859774,0.6606240713224368
SAMN31484082,SAMN03859775,0.4635538261997406
SAMN31484082,SAMN03859776,0.6393394278973754
SAMN31484082,SAMN03859777,0.6298586572438163
SAMN31484082,SAMN03859778,0.41292909045352044
SAMN31484082,SAMN03859783,0.902067095899695
SAMN31484082,SAMN03859784,0.44548207975769816
SAMN31484082,SAMN03859785,0.8603648424543947
SAMN31484082,SAMN03859786,0.8810703666997026
SAMN31484082,SAMN03859787,0.4947312961011591
SAMN31484082,SAMN03859789,0.4512448132780083
SAMN31484082,SAMN03859790,0.41604010025062654
SAMN31484082,SAMN03859792,0.41108019225904374
SAMN31484082,SAMN03859793,0.8749582079572049
SAMN31484082,SAMN03859794,0.415864166244298
SAMN31484082,SAMN03859795,0.4122407688416793
SAMN31484082,SAMN03859796,0.8882978723404256
SAMN31484082,SAMN03859797,0.4764175940646529
SAMN31484082,SAMN03859798,0.41415399950161974
SAMN31484082,SAMN03859799,0.4745315386645553
SAMN31484082,SAMN03859800,0.8528265107212476
SAMN31484082,SAMN03859801,0.41435768261964734
SAMN31484082,SAMN03859802,0.6479367866549605
SAMN31484082,SAMN03859803,0.410140562248996
SAMN31484082,SAMN03859805,0.6469560151471017
SAMN31484082,SAMN03859806,0.46854260684895144
SAMN31484082,SAMN03859807,0.6704075605434141
SAMN31484082,SAMN03859808,0.6174927113702624
SAMN31484082,SAMN03859809,0.4469081054446908
SAMN31484082,SAMN03859813,0.5144010767160162
SAMN31484082,SAMN03859814,0.39582809751193765
SAMN31484082,SAMN03859815,0.46831812255541067
SAMN31484082,SAMN03859816,0.4629771970279272
SAMN31484082,SAMN03859817,0.6270893371757925
SAMN31484082,SAMN03859818,0.47846638655462187
SAMN31484082,SAMN03859819,0.4713735558408216
SAMN31484082,SAMN03859820,0.4663677130044843
SAMN31484082,SAMN03859821,0.4575197889182058
SAMN31484082,SAMN03859824,0.6773028296207104
SAMN31484082,SAMN03859826,0.41426751592356686
SAMN31484082,SAMN03859829,0.6256637168141593
SAMN31484082,SAMN03859830,0.6280846063454759
SAMN31484082,SAMN03859831,0.40061162079510704
SAMN31484082,SAMN03859833,0.4520051746442432
SAMN31484082,SAMN03859838,0.41627735431522006
SAMN31484082,SAMN03859839,0.6731634182908546
SAMN31484082,SAMN03859840,0.6452276064610867
SAMN31484082,SAMN04244164,0.4291257113295396
SAMN31484082,SAMN04244165,0.8900298111957602
SAMN31484082,SAMN04244166,0.6576843352087651
SAMN31484082,SAMN09847804,0.644840689856767
SAMN31484082,SAMN09847805,0.6481589713617767
SAMN31484082,SAMN09847806,0.6605751947273817
SAMN31484082,SAMN09847807,0.6779205258440394
SAMN31484082,SAMN09847808,0.6367118444313494
SAMN31484082,SAMN09847809,0.6434245366284201
SAMN31484082,SAMN09847810,0.6544378698224852
SAMN31484082,SAMN09847811,0.41873141724479684
SAMN31484082,SAMN09847812,0.4262755102040816
SAMN31484082,SAMN09847813,0.9115134950461223
SAMN31484082,SAMN09847814,0.41357871176324296
SAMN31484082,SAMN09847815,0.6400238592305398
SAMN31484082,SAMN09847816,0.9199864956110736
SAMN31484082,SAMN09847817,0.665268204974528
SAMN31484082,SAMN09847818,0.9140040788579198
SAMN31484082,SAMN09847819,0.6306098964326813
SAMN31484082,SAMN09847820,0.6303222094361335
SAMN31484082,SAMN09847821,0.8675008020532563
SAMN31484082,SAMN09847822,0.630140926085706
SAMN31484082,SAMN09847823,0.6294912331129635
SAMN31484082,SAMN09847824,0.6458333333333334
SAMN31484082,SAMN09847825,0.630384167636787
SAMN31484082,SAMN09847826,0.6340684852002322
SAMN31484082,SAMN09847827,0.6339622641509434
SAMN31484082,SAMN09847828,0.6337782936738248
SAMN31484082,SAMN09847829,0.6339622641509434
SAMN31484082,SAMN09847830,0.6343586767266396
SAMN31484082,SAMN09847831,0.9749571183533448
SAMN31484082,SAMN09847832,0.6531464360274382
SAMN31484082,SAMN09847833,0.641198942109903
SAMN31484082,SAMN09847834,0.6395953757225433
SAMN31484082,SAMN09847835,0.6390602055800294
SAMN31484082,SAMN09847836,0.6429620922715251
SAMN31484082,SAMN09847837,0.6378233719892953
SAMN31484082,SAMN09847838,0.6339130434782608
SAMN31484082,SAMN09847839,0.6339130434782608
SAMN31484082,SAMN09847840,0.6433362496354622
SAMN31484082,SAMN09847841,0.907526155923051
SAMN31484082,SAMN09847842,0.6367265469061876
SAMN31484082,SAMN09847843,0.644854253420583
SAMN31484082,SAMN09847844,0.4065638011266226
SAMN31484082,SAMN09847845,0.6419137070736719
SAMN31484082,SAMN09847846,0.643698468786808
SAMN31484082,SAMN09847847,0.6409366869037294
SAMN31484082,SAMN09847848,0.6444249341527656
SAMN31484082,SAMN09847849,0.6459246275197196
SAMN31484082,SAMN09847850,0.6403712296983759
SAMN31484082,SAMN09847851,0.6245714285714286
SAMN31484082,SAMN09847852,0.6568539994052929
SAMN31484082,SAMN09847853,0.6285960874568469
SAMN31484082,SAMN09847854,0.41978675923630054
SAMN31484082,SAMN09847855,0.9861062869051754
SAMN31484082,SAMN09847856,0.9791238877481178
SAMN31484082,SAMN09847857,0.42084268262278735
SAMN31484082,SAMN09847858,0.6433607520564042
SAMN31484082,SAMN09847859,0.9702665755297334
SAMN31484082,SAMN09847860,0.9270620313565099
SAMN31484082,SAMN09847861,0.9684317718940937
SAMN31484082,SAMN09847862,0.9941013185287995
SAMN31484082,SAMN09847863,0.9954829742876998
SAMN31484082,SAMN09847864,0.3972400197141449
SAMN31484082,SAMN09847865,0.9934119278779473
SAMN31484082,SAMN09847866,0.9016172506738545
SAMN31484082,SAMN09847867,0.8959170013386881
SAMN31484083,SAMN02649746,0.6630145099200474
SAMN31484083,SAMN02649748,0.6220913933277263
SAMN31484083,SAMN02649749,0.6328681287382512
SAMN31484083,SAMN02649750,0.8808290155440415
SAMN31484083,SAMN02649751,0.6258600917431193
SAMN31484083,SAMN02649752,0.9168070057258336
SAMN31484083,SAMN02649753,0.9075995982591228
SAMN31484083,SAMN02649754,0.639367816091954
SAMN31484083,SAMN02649755,0.6572616572616573
SAMN31484083,SAMN02649756,0.6342233706574791
SAMN31484083,SAMN02649757,0.9030544488711819
SAMN31484083,SAMN02649758,0.9774618585298197
SAMN31484083,SAMN02649759,0.6274734728993404
SAMN31484083,SAMN02649760,0.6519337016574586
SAMN31484083,SAMN02649761,0.9555178268251273
SAMN31484083,SAMN02649762,0.9759862778730704
SAMN31484083,SAMN02649763,0.7224002330323332
SAMN31484083,SAMN02649764,0.6377771379211057
SAMN31484083,SAMN02649765,0.6342022343168147
SAMN31484083,SAMN02649766,0.6302593659942363
SAMN31484083,SAMN02649767,0.6358680057388809
SAMN31484083,SAMN02649769,0.986130374479889
SAMN31484083,SAMN02649770,0.624359704040979
SAMN31484083,SAMN02649771,0.6414053426248548
SAMN31484083,SAMN02649772,0.6326006280331145
SAMN31484083,SAMN02649773,0.6298984034833092
SAMN31484083,SAMN02649774,0.6149747616376893
SAMN31484083,SAMN02649775,0.6309219858156029
SAMN31484083,SAMN02649776,0.6418820795817601
SAMN31484083,SAMN02649777,0.632340179346254
SAMN31484083,SAMN02649778,0.898114455838571
SAMN31484083,SAMN02649779,0.9088471849865952
SAMN31484083,SAMN02649780,0.651780502043199
SAMN31484083,SAMN02649781,0.6332665330661322
SAMN31484083,SAMN02649782,0.6320889142205757
SAMN31484083,SAMN02649783,0.6338391067849986
SAMN31484083,SAMN02649784,0.6316538571021919
SAMN31484083,SAMN02649785,0.636677206093705
SAMN31484083,SAMN02649786,0.6343069873997709
SAMN31484083,SAMN02649787,0.6368843069873997
SAMN31484083,SAMN02649788,0.6290919442072302
SAMN31484083,SAMN02649789,0.6245059288537549
SAMN31484083,SAMN02649790,0.9699658703071672
SAMN31484083,SAMN02649791,0.42805408015451474
SAMN31484083,SAMN02649792,0.657185628742515
SAMN31484083,SAMN02649793,0.6367621274108708
SAMN31484083,SAMN02649794,0.6241194702733164
SAMN31484083,SAMN02649795,0.6321184510250569
SAMN31484083,SAMN02649796,0.6789042643321096
SAMN31484083,SAMN02649797,0.9634146341463414
SAMN31484083,SAMN02649798,0.6273010478617955
SAMN31484083,SAMN02649799,0.6314888762122076
SAMN31484083,SAMN02649800,0.6375935521013241
SAMN31484083,SAMN02649801,0.6325998841922409
SAMN31484083,SAMN02649802,0.6355060034305318
SAMN31484083,SAMN02649803,0.8821989528795812
SAMN31484083,SAMN02649804,0.6239774330042314
SAMN31484083,SAMN02649805,0.6285633643804686
SAMN31484083,SAMN02649806,0.6280470318325208
SAMN31484083,SAMN02649807,0.9063545150501672
SAMN31484083,SAMN02649808,0.6370967741935484
SAMN31484083,SAMN02649809,0.6387342513917375
SAMN31484083,SAMN02649810,0.39689847346740975
SAMN31484083,SAMN02649811,0.635243553008596
SAMN31484083,SAMN02649812,0.6328502415458938
SAMN31484083,SAMN02649813,0.6234498308906427
SAMN31484083,SAMN02649814,0.6858513189448441
SAMN31484083,SAMN02649815,0.6374353076480737
SAMN31484083,SAMN03859721,0.8767880364109233
SAMN31484083,SAMN03859722,0.3984815086945873
SAMN31484083,SAMN03859723,0.8840432724814064
SAMN31484083,SAMN03859724,0.4098238650458943
SAMN31484083,SAMN03859727,0.8788474132285528
SAMN31484083,SAMN03859728,0.6253652834599649
SAMN31484083,SAMN03859729,0.6390845070422535
SAMN31484083,SAMN03859732,0.713985594237695
SAMN31484083,SAMN03859735,0.42066700353714
SAMN31484083,SAMN03859736,0.6766716196136702
SAMN31484083,SAMN03859737,0.8774525570923126
SAMN31484083,SAMN03859738,0.6337059329320722
SAMN31484083,SAMN03859740,0.9020408163265307
SAMN31484083,SAMN03859741,0.6326774001192605
SAMN31484083,SAMN03859743,0.40985246311577894
SAMN31484083,SAMN03859744,0.6461538461538462
SAMN31484083,SAMN03859745,0.9029593943565037
SAMN31484083,SAMN03859747,0.8569545154911009
SAMN31484083,SAMN03859748,0.3911522119470133
SAMN31484083,SAMN03859752,0.42365815528921313
SAMN31484083,SAMN03859753,0.9018531228551819
SAMN31484083,SAMN03859755,0.9011367550809507
SAMN31484083,SAMN03859756,0.4534064212999217
SAMN31484083,SAMN03859757,0.6306332842415316
SAMN31484083,SAMN03859758,0.8791765102936213
SAMN31484083,SAMN03859759,0.5178236397748592
SAMN31484083,SAMN03859760,0.5235759062414826
SAMN31484083,SAMN03859761,0.4206008583690987
SAMN31484083,SAMN03859762,0.6782372472079686
SAMN31484083,SAMN03859763,0.515052888527258
SAMN31484083,SAMN03859765,0.3915
SAMN31484083,SAMN03859766,0.4246471774193548
SAMN31484083,SAMN03859767,0.8882569421211107
SAMN31484083,SAMN03859769,0.6628398791540786
SAMN31484083,SAMN03859770,0.4120439780109945
SAMN31484083,SAMN03859774,0.6629817747236331
SAMN31484083,SAMN03859775,0.46430432516935904
SAMN31484083,SAMN03859776,0.6444906444906445
SAMN31484083,SAMN03859777,0.6325140657388214
SAMN31484083,SAMN03859778,0.4145051624276001
SAMN31484083,SAMN03859783,0.9094945355191257
SAMN31484083,SAMN03859784,0.44760213143872113
SAMN31484083,SAMN03859785,0.8666889408620113
SAMN31484083,SAMN03859786,0.8875207986688852
SAMN31484083,SAMN03859787,0.49602964531498145
SAMN31484083,SAMN03859789,0.45345501955671447
SAMN31484083,SAMN03859790,0.41870431056213764
SAMN31484083,SAMN03859792,0.41302136317395727
SAMN31484083,SAMN03859793,0.879542395693136
SAMN31484083,SAMN03859794,0.4185572266122865
SAMN31484083,SAMN03859795,0.41418764302059496
SAMN31484083,SAMN03859796,0.893574297188755
SAMN31484083,SAMN03859797,0.4796054385497201
SAMN31484083,SAMN03859798,0.4160821643286573
SAMN31484083,SAMN03859799,0.47730289354924343
SAMN31484083,SAMN03859800,0.8583578671900556
SAMN31484083,SAMN03859801,0.41630792605722966
SAMN31484083,SAMN03859802,0.6521354933726068
SAMN31484083,SAMN03859803,0.41134930643127365
SAMN31484083,SAMN03859805,0.6506447831184057
SAMN31484083,SAMN03859806,0.4712950600801068
SAMN31484083,SAMN03859807,0.6728028503562945
SAMN31484083,SAMN03859808,0.6200527704485488
SAMN31484083,SAMN03859809,0.4493435719593758
SAMN31484083,SAMN03859813,0.515413737155219
SAMN31484083,SAMN03859814,0.3962645128722867
SAMN31484083,SAMN03859815,0.47140608604407136
SAMN31484083,SAMN03859816,0.46560164905952073
SAMN31484083,SAMN03859817,0.6287286417607877
SAMN31484083,SAMN03859818,0.477733860342556
SAMN31484083,SAMN03859819,0.4729102167182663
SAMN31484083,SAMN03859820,0.4655902593965061
SAMN31484083,SAMN03859821,0.4567116759332804
SAMN31484083,SAMN03859824,0.6802906448683016
SAMN31484083,SAMN03859826,0.4158770806658131
SAMN31484083,SAMN03859829,0.6273347168692559
SAMN31484083,SAMN03859830,0.6302421736562316
SAMN31484083,SAMN03859831,0.4021516393442623
SAMN31484083,SAMN03859833,0.4549713690786049
SAMN31484083,SAMN03859838,0.41784037558685444
SAMN31484083,SAMN03859839,0.6695704415740462
SAMN31484083,SAMN03859840,0.6460176991150443
SAMN31484083,SAMN04244164,0.4315816857440167
SAMN31484083,SAMN04244165,0.8940353215594802
SAMN31484083,SAMN04244166,0.6619970193740685
SAMN31484083,SAMN09847804,0.6494997057092408
SAMN31484083,SAMN09847805,0.6528390703147985
SAMN31484083,SAMN09847806,0.6649577804583836
SAMN31484083,SAMN09847807,0.6803844998498048
SAMN31484083,SAMN09847808,0.6413527143280926
SAMN31484083,SAMN09847809,0.6481042654028436
SAMN31484083,SAMN09847810,0.6587254318046456
SAMN31484083,SAMN09847811,0.4196117471378795
SAMN31484083,SAMN09847812,0.42868137506413545
SAMN31484083,SAMN09847813,0.9184165232358004
SAMN31484083,SAMN09847814,0.4155
SAMN31484083,SAMN09847815,0.6447447447447447
SAMN31484083,SAMN09847816,0.9203389830508475
SAMN31484083,SAMN09847817,0.669683257918552
SAMN31484083,SAMN09847818,0.9169514695830485
SAMN31484083,SAMN09847819,0.6332079838009835
SAMN31484083,SAMN09847820,0.632918715649407
SAMN31484083,SAMN09847821,0.8670315518351578
SAMN31484083,SAMN09847822,0.6327356853672643
SAMN31484083,SAMN09847823,0.6320809248554913
SAMN31484083,SAMN09847824,0.6505843572070722
SAMN31484083,SAMN09847825,0.6349252856724289
SAMN31484083,SAMN09847826,0.6386210926088227
SAMN31484083,SAMN09847827,0.6385154880187025
SAMN31484083,SAMN09847828,0.6383289512123868
SAMN31484083,SAMN09847829,0.6385154880187025
SAMN31484083,SAMN09847830,0.6384345794392523
SAMN31484083,SAMN09847831,0.982371240926374
SAMN31484083,SAMN09847832,0.657957957957958
SAMN31484083,SAMN09847833,0.6405190209377765
SAMN31484083,SAMN09847834,0.6441664242071574
SAMN31484083,SAMN09847835,0.6437019515079835
SAMN31484083,SAMN09847836,0.6476331360946745
SAMN31484083,SAMN09847837,0.6425149700598802
SAMN31484083,SAMN09847838,0.6384592938430114
SAMN31484083,SAMN09847839,0.6384592938430114
SAMN31484083,SAMN09847840,0.646041055718475
SAMN31484083,SAMN09847841,0.9110658520027155
SAMN31484083,SAMN09847842,0.6318493150684932
SAMN31484083,SAMN09847843,0.642708022666269
SAMN31484083,SAMN09847844,0.4077263779527559
SAMN31484083,SAMN09847845,0.6465721040189125
SAMN31484083,SAMN09847846,0.6483842276904832
SAMN31484083,SAMN09847847,0.6455180442374855
SAMN31484083,SAMN09847848,0.6490866234531526
SAMN31484083,SAMN09847849,0.6505882352941177
SAMN31484083,SAMN09847850,0.6430446194225722
SAMN31484083,SAMN09847851,0.6289905090595341
SAMN31484083,SAMN09847852,0.6616766467065869
SAMN31484083,SAMN09847853,0.6330726904141326
SAMN31484083,SAMN09847854,0.42067247820672476
SAMN31484083,SAMN09847855,0.9777777777777777
SAMN31484083,SAMN09847856,0.9709202873759836
SAMN31484083,SAMN09847857,0.4220941883767535
SAMN31484083,SAMN09847858,0.6460856720827178
SAMN31484083,SAMN09847859,0.9620772121626239
SAMN31484083,SAMN09847860,0.9241544243252477
SAMN31484083,SAMN09847861,0.9602986087546658
SAMN31484083,SAMN09847862,0.9857787027402012
SAMN31484083,SAMN09847863,0.9871483153872872
SAMN31484083,SAMN09847864,0.3990587069606143
SAMN31484083,SAMN09847865,0.9850953206239168
SAMN31484083,SAMN09847866,0.9077027485578555
SAMN31484083,SAMN09847867,0.9012803234501348
