column,family_id,host_count,prevalence
0,SAMN02649746|IEKEGFOK_00001,217,1.0
1,SAMN02649746|IEKEGFOK_00002,217,1.0
2,SAMN02649746|IEKEGFOK_00003,216,0.9953917050691244
3,SAMN02649746|IEKEGFOK_00004,217,1.0
4,SAMN02649746|IEKEGFOK_00005,217,1.0
5,SAMN02649746|IEKEGFOK_00006,217,1.0
6,SAMN02649746|IEKEGFOK_00007,217,1.0
7,SAMN02649746|IEKEGFOK_00008,215,0.9907834101382489
8,SAMN02649746|IEKEGFOK_00009,216,0.9953917050691244
9,SAMN02649746|IEKEGFOK_00010,217,1.0
10,SAMN02649746|IEKEGFOK_00011,217,1.0
11,SAMN02649746|IEKEGFOK_00012,217,1.0
12,SAMN02649746|IEKEGFOK_00013,217,1.0
13,SAMN02649746|IEKEGFOK_00015,215,0.9907834101382489
14,SAMN02649746|IEKEGFOK_00016,216,0.9953917050691244
15,SAMN02649746|IEKEGFOK_00017,217,1.0
16,SAMN02649746|IEKEGFOK_00018,215,0.9907834101382489
17,SAMN02649746|IEKEGFOK_00019,209,0.9631336405529954
18,SAMN02649746|IEKEGFOK_00020,217,1.0
19,SAMN02649746|IEKEGFOK_00021,215,0.9907834101382489
20,SAMN02649746|IEKEGFOK_00022,216,0.9953917050691244
21,SAMN02649746|IEKEGFOK_00023,214,0.9861751152073732
22,SAMN02649746|IEKEGFOK_00024,217,1.0
23,SAMN02649746|IEKEGFOK_00025,216,0.9953917050691244
24,SAMN02649746|IEKEGFOK_00026,217,1.0
25,SAMN02649746|IEKEGFOK_00027,217,1.0
26,SAMN02649746|IEKEGFOK_00029,184,0.847926267281106
27,SAMN02649746|IEKEGFOK_00031,217,1.0
28,SAMN02649746|IEKEGFOK_00033,217,1.0
29,SAMN02649746|IEKEGFOK_00034,217,1.0
30,SAMN02649746|IEKEGFOK_00035,217,1.0
31,SAMN02649746|IEKEGFOK_00037,215,0.9907834101382489
32,SAMN02649746|IEKEGFOK_00039,217,1.0
33,SAMN02649746|IEKEGFOK_00040,217,1.0
34,SAMN02649746|IEKEGFOK_00041,217,1.0
35,SAMN02649746|IEKEGFOK_00042,217,1.0
36,SAMN02649746|IEKEGFOK_00043,214,0.9861751152073732
37,SAMN02649746|IEKEGFOK_00044,217,1.0
38,SAMN02649746|IEKEGFOK_00045,214,0.9861751152073732
39,SAMN02649746|IEKEGFOK_00048,214,0.9861751152073732
40,SAMN02649746|IEKEGFOK_00049,214,0.9861751152073732
41,SAMN02649746|IEKEGFOK_00050,217,1.0
42,SAMN02649746|IEKEGFOK_00051,23,0.10599078341013825
43,SAMN02649746|IEKEGFOK_00053,215,0.9907834101382489
44,SAMN02649746|IEKEGFOK_00054,217,1.0
45,SAMN02649746|IEKEGFOK_00056,216,0.9953917050691244
46,SAMN02649746|IEKEGFOK_00057,217,1.0
47,SAMN02649746|IEKEGFOK_00059,214,0.9861751152073732
48,SAMN02649746|IEKEGFOK_00060,214,0.9861751152073732
49,SAMN02649746|IEKEGFOK_00061,216,0.9953917050691244
50,SAMN02649746|IEKEGFOK_00063,217,1.0
51,SAMN02649746|IEKEGFOK_00064,216,0.9953917050691244
52,SAMN02649746|IEKEGFOK_00065,217,1.0
53,SAMN02649746|IEKEGFOK_00066,211,0.9723502304147466
54,SAMN02649746|IEKEGFOK_00067,214,0.9861751152073732
55,SAMN02649746|IEKEGFOK_00069,193,0.8894009216589862
56,SAMN02649746|IEKEGFOK_00070,216,0.9953917050691244
57,SAMN02649746|IEKEGFOK_00073,211,0.9723502304147466
58,SAMN02649746|IEKEGFOK_00074,201,0.9262672811059908
59,SAMN02649746|IEKEGFOK_00075,217,1.0
60,SAMN02649746|IEKEGFOK_00076,216,0.9953917050691244
61,SAMN02649746|IEKEGFOK_00077,217,1.0
62,SAMN02649746|IEKEGFOK_00079,175,0.8064516129032258
63,SAMN02649746|IEKEGFOK_00080,204,0.9400921658986175
64,SAMN02649746|IEKEGFOK_00082,117,0.5391705069124424
65,SAMN02649746|IEKEGFOK_00083,197,0.9078341013824884
66,SAMN02649746|IEKEGFOK_00084,170,0.783410138248848
67,SAMN02649746|IEKEGFOK_00085,201,0.9262672811059908
68,SAMN02649746|IEKEGFOK_00086,170,0.783410138248848
69,SAMN02649746|IEKEGFOK_00087,201,0.9262672811059908
70,SAMN02649746|IEKEGFOK_00090,193,0.8894009216589862
71,SAMN02649746|IEKEGFOK_00091,215,0.9907834101382489
72,SAMN02649746|IEKEGFOK_00092,215,0.9907834101382489
73,SAMN02649746|IEKEGFOK_00093,217,1.0
74,SAMN02649746|IEKEGFOK_00094,216,0.9953917050691244
75,SAMN02649746|IEKEGFOK_00095,217,1.0
76,SAMN02649746|IEKEGFOK_00096,216,0.9953917050691244
77,SAMN02649746|IEKEGFOK_00097,216,0.9953917050691244
78,SAMN02649746|IEKEGFOK_00098,217,1.0
79,SAMN02649746|IEKEGFOK_00099,215,0.9907834101382489
80,SAMN02649746|IEKEGFOK_00100,217,1.0
81,SAMN02649746|IEKEGFOK_00101,215,0.9907834101382489
82,SAMN02649746|IEKEGFOK_00102,216,0.9953917050691244
83,SAMN02649746|IEKEGFOK_00104,217,1.0
84,SAMN02649746|IEKEGFOK_00105,217,1.0
85,SAMN02649746|IEKEGFOK_00106,216,0.9953917050691244
86,SAMN02649746|IEKEGFOK_00107,214,0.9861751152073732
87,SAMN02649746|IEKEGFOK_00109,214,0.9861751152073732
88,SAMN02649746|IEKEGFOK_00110,207,0.9539170506912442
89,SAMN02649746|IEKEGFOK_00111,201,0.9262672811059908
90,SAMN02649746|IEKEGFOK_00115,216,0.9953917050691244
91,SAMN02649746|IEKEGFOK_00116,217,1.0
92,SAMN02649746|IEKEGFOK_00117,217,1.0
93,SAMN02649746|IEKEGFOK_00118,216,0.9953917050691244
94,SAMN02649746|IEKEGFOK_00119,217,1.0
95,SAMN02649746|IEKEGFOK_00120,211,0.9723502304147466
96,SAMN02649746|IEKEGFOK_00121,209,0.9631336405529954
97,SAMN02649746|IEKEGFOK_00123,217,1.0
98,SAMN02649746|IEKEGFOK_00125,217,1.0
99,SAMN02649746|IEKEGFOK_00126,215,0.9907834101382489
100,SAMN02649746|IEKEGFOK_00127,217,1.0
101,SAMN02649746|IEKEGFOK_00129,213,0.9815668202764977
102,SAMN02649746|IEKEGFOK_00130,216,0.9953917050691244
103,SAMN02649746|IEKEGFOK_00131,217,1.0
104,SAMN02649746|IEKEGFOK_00132,217,1.0
105,SAMN02649746|IEKEGFOK_00133,210,0.967741935483871
106,SAMN02649746|IEKEGFOK_00134,217,1.0
107,SAMN02649746|IEKEGFOK_00135,217,1.0
108,SAMN02649746|IEKEGFOK_00136,212,0.9769585253456221
109,SAMN02649746|IEKEGFOK_00137,207,0.9539170506912442
110,SAMN02649746|IEKEGFOK_00138,217,1.0
111,SAMN02649746|IEKEGFOK_00139,200,0.9216589861751152
112,SAMN02649746|IEKEGFOK_00140,216,0.9953917050691244
113,SAMN02649746|IEKEGFOK_00141,190,0.8755760368663594
114,SAMN02649746|IEKEGFOK_00142,214,0.9861751152073732
115,SAMN02649746|IEKEGFOK_00143,208,0.9585253456221198
116,SAMN02649746|IEKEGFOK_00144,216,0.9953917050691244
117,SAMN02649746|IEKEGFOK_00145,217,1.0
118,SAMN02649746|IEKEGFOK_00146,217,1.0
119,SAMN02649746|IEKEGFOK_00147,217,1.0
120,SAMN02649746|IEKEGFOK_00148,217,1.0
121,SAMN02649746|IEKEGFOK_00149,212,0.9769585253456221
122,SAMN02649746|IEKEGFOK_00150,217,1.0
123,SAMN02649746|IEKEGFOK_00151,217,1.0
124,SAMN02649746|IEKEGFOK_00153,217,1.0
125,SAMN02649746|IEKEGFOK_00154,214,0.9861751152073732
126,SAMN02649746|IEKEGFOK_00155,215,0.9907834101382489
127,SAMN02649746|IEKEGFOK_00156,207,0.9539170506912442
128,SAMN02649746|IEKEGFOK_00157,217,1.0
129,SAMN02649746|IEKEGFOK_00158,216,0.9953917050691244
130,SAMN02649746|IEKEGFOK_00159,205,0.9447004608294931
131,SAMN02649746|IEKEGFOK_00161,198,0.9124423963133641
132,SAMN02649746|IEKEGFOK_00162,210,0.967741935483871
133,SAMN02649746|IEKEGFOK_00163,217,1.0
134,SAMN02649746|IEKEGFOK_00164,217,1.0
135,SAMN02649746|IEKEGFOK_00166,217,1.0
136,SAMN02649746|IEKEGFOK_00167,217,1.0
137,SAMN02649746|IEKEGFOK_00168,217,1.0
138,SAMN02649746|IEKEGFOK_00169,217,1.0
139,SAMN02649746|IEKEGFOK_00170,217,1.0
140,SAMN02649746|IEKEGFOK_00171,217,1.0
141,SAMN02649746|IEKEGFOK_00172,217,1.0
142,SAMN02649746|IEKEGFOK_00173,217,1.0
143,SAMN02649746|IEKEGFOK_00174,214,0.9861751152073732
144,SAMN02649746|IEKEGFOK_00175,216,0.9953917050691244
145,SAMN02649746|IEKEGFOK_00176,217,1.0
146,SAMN02649746|IEKEGFOK_00177,216,0.9953917050691244
147,SAMN02649746|IEKEGFOK_00178,216,0.9953917050691244
148,SAMN02649746|IEKEGFOK_00179,65,0.2995391705069124
149,SAMN02649746|IEKEGFOK_00180,217,1.0
150,SAMN02649746|IEKEGFOK_00181,217,1.0
151,SAMN02649746|IEKEGFOK_00182,217,1.0
152,SAMN02649746|IEKEGFOK_00183,217,1.0
153,SAMN02649746|IEKEGFOK_00184,211,0.9723502304147466
154,SAMN02649746|IEKEGFOK_00186,217,1.0
155,SAMN02649746|IEKEGFOK_00187,216,0.9953917050691244
156,SAMN02649746|IEKEGFOK_00189,210,0.967741935483871
157,SAMN02649746|IEKEGFOK_00190,197,0.9078341013824884
158,SAMN02649746|IEKEGFOK_00191,215,0.9907834101382489
159,SAMN02649746|IEKEGFOK_00193,204,0.9400921658986175
160,SAMN02649746|IEKEGFOK_00194,215,0.9907834101382489
161,SAMN02649746|IEKEGFOK_00195,217,1.0
162,SAMN02649746|IEKEGFOK_00196,217,1.0
163,SAMN02649746|IEKEGFOK_00197,217,1.0
164,SAMN02649746|IEKEGFOK_00198,204,0.9400921658986175
165,SAMN02649746|IEKEGFOK_00199,217,1.0
166,SAMN02649746|IEKEGFOK_00200,216,0.9953917050691244
167,SAMN02649746|IEKEGFOK_00201,213,0.9815668202764977
168,SAMN02649746|IEKEGFOK_00202,212,0.9769585253456221
169,SAMN02649746|IEKEGFOK_00203,2,0.009216589861751152
170,SAMN02649746|IEKEGFOK_00206,198,0.9124423963133641
171,SAMN02649746|IEKEGFOK_00207,199,0.9170506912442397
172,SAMN02649746|IEKEGFOK_00208,215,0.9907834101382489
173,SAMN02649746|IEKEGFOK_00209,154,0.7096774193548387
174,SAMN02649746|IEKEGFOK_00210,199,0.9170506912442397
175,SAMN02649746|IEKEGFOK_00211,208,0.9585253456221198
176,SAMN02649746|IEKEGFOK_00213,213,0.9815668202764977
177,SAMN02649746|IEKEGFOK_00214,201,0.9262672811059908
178,SAMN02649746|IEKEGFOK_00217,215,0.9907834101382489
179,SAMN02649746|IEKEGFOK_00218,210,0.967741935483871
180,SAMN02649746|IEKEGFOK_00219,215,0.9907834101382489
181,SAMN02649746|IEKEGFOK_00220,217,1.0
182,SAMN02649746|IEKEGFOK_00221,216,0.9953917050691244
183,SAMN02649746|IEKEGFOK_00222,217,1.0
184,SAMN02649746|IEKEGFOK_00223,217,1.0
185,SAMN02649746|IEKEGFOK_00224,215,0.9907834101382489
186,SAMN02649746|IEKEGFOK_00225,213,0.9815668202764977
187,SAMN02649746|IEKEGFOK_00226,215,0.9907834101382489
188,SAMN02649746|IEKEGFOK_00227,210,0.967741935483871
189,SAMN02649746|IEKEGFOK_00229,206,0.9493087557603687
190,SAMN02649746|IEKEGFOK_00230,217,1.0
191,SAMN02649746|IEKEGFOK_00231,205,0.9447004608294931
192,SAMN02649746|IEKEGFOK_00232,214,0.9861751152073732
193,SAMN02649746|IEKEGFOK_00233,216,0.9953917050691244
194,SAMN02649746|IEKEGFOK_00234,217,1.0
195,SAMN02649746|IEKEGFOK_00235,217,1.0
196,SAMN02649746|IEKEGFOK_00236,216,0.9953917050691244
197,SAMN02649746|IEKEGFOK_00238,217,1.0
198,SAMN02649746|IEKEGFOK_00240,217,1.0
199,SAMN02649746|IEKEGFOK_00241,156,0.7188940092165899
200,SAMN02649746|IEKEGFOK_00242,217,1.0
201,SAMN02649746|IEKEGFOK_00243,217,1.0
202,SAMN02649746|IEKEGFOK_00244,217,1.0
203,SAMN02649746|IEKEGFOK_00245,210,0.967741935483871
204,SAMN02649746|IEKEGFOK_00246,180,0.8294930875576036
205,SAMN02649746|IEKEGFOK_00249,185,0.8525345622119815
206,SAMN02649746|IEKEGFOK_00250,209,0.9631336405529954
207,SAMN02649746|IEKEGFOK_00251,217,1.0
208,SAMN02649746|IEKEGFOK_00252,217,1.0
209,SAMN02649746|IEKEGFOK_00253,217,1.0
210,SAMN02649746|IEKEGFOK_00254,206,0.9493087557603687
211,SAMN02649746|IEKEGFOK_00255,198,0.9124423963133641
212,SAMN02649746|IEKEGFOK_00256,217,1.0
213,SAMN02649746|IEKEGFOK_00257,217,1.0
214,SAMN02649746|IEKEGFOK_00258,206,0.9493087557603687
215,SAMN02649746|IEKEGFOK_00259,202,0.9308755760368663
216,SAMN02649746|IEKEGFOK_00260,203,0.9354838709677419
217,SAMN02649746|IEKEGFOK_00262,155,0.7142857142857143
218,SAMN02649746|IEKEGFOK_00263,131,0.6036866359447005
219,SAMN02649746|IEKEGFOK_00264,190,0.8755760368663594
220,SAMN02649746|IEKEGFOK_00265,216,0.9953917050691244
221,SAMN02649746|IEKEGFOK_00266,208,0.9585253456221198
222,SAMN02649746|IEKEGFOK_00267,217,1.0
223,SAMN02649746|IEKEGFOK_00268,210,0.967741935483871
224,SAMN02649746|IEKEGFOK_00269,215,0.9907834101382489
225,SAMN02649746|IEKEGFOK_00270,214,0.9861751152073732
226,SAMN02649746|IEKEGFOK_00271,217,1.0
227,SAMN02649746|IEKEGFOK_00273,215,0.9907834101382489
228,SAMN02649746|IEKEGFOK_00274,216,0.9953917050691244
229,SAMN02649746|IEKEGFOK_00275,214,0.9861751152073732
230,SAMN02649746|IEKEGFOK_00276,213,0.9815668202764977
231,SAMN02649746|IEKEGFOK_00277,215,0.9907834101382489
232,SAMN02649746|IEKEGFOK_00278,216,0.9953917050691244
233,SAMN02649746|IEKEGFOK_00279,217,1.0
234,SAMN02649746|IEKEGFOK_00280,217,1.0
235,SAMN02649746|IEKEGFOK_00281,217,1.0
236,SAMN02649746|IEKEGFOK_00282,216,0.9953917050691244
237,SAMN02649746|IEKEGFOK_00284,216,0.9953917050691244
238,SAMN02649746|IEKEGFOK_00285,216,0.9953917050691244
239,SAMN02649746|IEKEGFOK_00286,217,1.0
240,SAMN02649746|IEKEGFOK_00287,217,1.0
241,SAMN02649746|IEKEGFOK_00288,217,1.0
242,SAMN02649746|IEKEGFOK_00289,217,1.0
243,SAMN02649746|IEKEGFOK_00290,215,0.9907834101382489
244,SAMN02649746|IEKEGFOK_00291,217,1.0
245,SAMN02649746|IEKEGFOK_00292,217,1.0
246,SAMN02649746|IEKEGFOK_00293,217,1.0
247,SAMN02649746|IEKEGFOK_00294,217,1.0
248,SAMN02649746|IEKEGFOK_00295,217,1.0
249,SAMN02649746|IEKEGFOK_00296,217,1.0
250,SAMN02649746|IEKEGFOK_00298,216,0.9953917050691244
251,SAMN02649746|IEKEGFOK_00299,217,1.0
252,SAMN02649746|IEKEGFOK_00300,217,1.0
253,SAMN02649746|IEKEGFOK_00301,217,1.0
254,SAMN02649746|IEKEGFOK_00302,215,0.9907834101382489
255,SAMN02649746|IEKEGFOK_00303,217,1.0
256,SAMN02649746|IEKEGFOK_00304,216,0.9953917050691244
257,SAMN02649746|IEKEGFOK_00305,217,1.0
258,SAMN02649746|IEKEGFOK_00306,211,0.9723502304147466
259,SAMN02649746|IEKEGFOK_00307,217,1.0
260,SAMN02649746|IEKEGFOK_00308,214,0.9861751152073732
261,SAMN02649746|IEKEGFOK_00309,216,0.9953917050691244
262,SAMN02649746|IEKEGFOK_00311,217,1.0
263,SAMN02649746|IEKEGFOK_00313,210,0.967741935483871
264,SAMN02649746|IEKEGFOK_00314,217,1.0
265,SAMN02649746|IEKEGFOK_00315,217,1.0
266,SAMN02649746|IEKEGFOK_00316,216,0.9953917050691244
267,SAMN02649746|IEKEGFOK_00317,217,1.0
268,SAMN02649746|IEKEGFOK_00318,217,1.0
269,SAMN02649746|IEKEGFOK_00319,216,0.9953917050691244
270,SAMN02649746|IEKEGFOK_00321,217,1.0
271,SAMN02649746|IEKEGFOK_00322,217,1.0
272,SAMN02649746|IEKEGFOK_00323,217,1.0
273,SAMN02649746|IEKEGFOK_00324,217,1.0
274,SAMN02649746|IEKEGFOK_00325,217,1.0
275,SAMN02649746|IEKEGFOK_00326,216,0.9953917050691244
276,SAMN02649746|IEKEGFOK_00327,208,0.9585253456221198
277,SAMN02649746|IEKEGFOK_00328,208,0.9585253456221198
278,SAMN02649746|IEKEGFOK_00329,215,0.9907834101382489
279,SAMN02649746|IEKEGFOK_00331,217,1.0
280,SAMN02649746|IEKEGFOK_00332,216,0.9953917050691244
281,SAMN02649746|IEKEGFOK_00334,175,0.8064516129032258
282,SAMN02649746|IEKEGFOK_00335,217,1.0
283,SAMN02649746|IEKEGFOK_00336,210,0.967741935483871
284,SAMN02649746|IEKEGFOK_00337,217,1.0
285,SAMN02649746|IEKEGFOK_00338,217,1.0
286,SAMN02649746|IEKEGFOK_00339,217,1.0
287,SAMN02649746|IEKEGFOK_00340,215,0.9907834101382489
288,SAMN02649746|IEKEGFOK_00341,201,0.9262672811059908
289,SAMN02649746|IEKEGFOK_00342,214,0.9861751152073732
290,SAMN02649746|IEKEGFOK_00344,216,0.9953917050691244
291,SAMN02649746|IEKEGFOK_00345,216,0.9953917050691244
292,SAMN02649746|IEKEGFOK_00346,199,0.9170506912442397
293,SAMN02649746|IEKEGFOK_00347,204,0.9400921658986175
294,SAMN02649746|IEKEGFOK_00348,200,0.9216589861751152
295,SAMN02649746|IEKEGFOK_00349,205,0.9447004608294931
296,SAMN02649746|IEKEGFOK_00350,181,0.8341013824884793
297,SAMN02649746|IEKEGFOK_00351,217,1.0
298,SAMN02649746|IEKEGFOK_00352,215,0.9907834101382489
299,SAMN02649746|IEKEGFOK_00357,217,1.0
300,SAMN02649746|IEKEGFOK_00358,201,0.9262672811059908
301,SAMN02649746|IEKEGFOK_00359,14,0.06451612903225806
302,SAMN02649746|IEKEGFOK_00360,22,0.10138248847926268
303,SAMN02649746|IEKEGFOK_00362,217,1.0
304,SAMN02649746|IEKEGFOK_00363,217,1.0
305,SAMN02649746|IEKEGFOK_00364,216,0.9953917050691244
306,SAMN02649746|IEKEGFOK_00365,216,0.9953917050691244
307,SAMN02649746|IEKEGFOK_00366,217,1.0
308,SAMN02649746|IEKEGFOK_00367,216,0.9953917050691244
309,SAMN02649746|IEKEGFOK_00368,217,1.0
310,SAMN02649746|IEKEGFOK_00369,217,1.0
311,SAMN02649746|IEKEGFOK_00370,217,1.0
312,SAMN02649746|IEKEGFOK_00371,217,1.0
313,SAMN02649746|IEKEGFOK_00372,217,1.0
314,SAMN02649746|IEKEGFOK_00374,217,1.0
315,SAMN02649746|IEKEGFOK_00377,215,0.9907834101382489
316,SAMN02649746|IEKEGFOK_00378,216,0.9953917050691244
317,SAMN02649746|IEKEGFOK_00379,215,0.9907834101382489
318,SAMN02649746|IEKEGFOK_00380,217,1.0
319,SAMN02649746|IEKEGFOK_00381,210,0.967741935483871
320,SAMN02649746|IEKEGFOK_00382,213,0.9815668202764977
321,SAMN02649746|IEKEGFOK_00384,217,1.0
322,SAMN02649746|IEKEGFOK_00385,217,1.0
323,SAMN02649746|IEKEGFOK_00386,216,0.9953917050691244
324,SAMN02649746|IEKEGFOK_00387,214,0.9861751152073732
325,SAMN02649746|IEKEGFOK_00389,212,0.9769585253456221
326,SAMN02649746|IEKEGFOK_00391,217,1.0
327,SAMN02649746|IEKEGFOK_00392,217,1.0
328,SAMN02649746|IEKEGFOK_00394,216,0.9953917050691244
329,SAMN02649746|IEKEGFOK_00395,211,0.9723502304147466
330,SAMN02649746|IEKEGFOK_00396,217,1.0
331,SAMN02649746|IEKEGFOK_00397,217,1.0
332,SAMN02649746|IEKEGFOK_00398,217,1.0
333,SAMN02649746|IEKEGFOK_00399,217,1.0
334,SAMN02649746|IEKEGFOK_00400,217,1.0
335,SAMN02649746|IEKEGFOK_00401,217,1.0
336,SAMN02649746|IEKEGFOK_00403,214,0.9861751152073732
337,SAMN02649746|IEKEGFOK_00404,199,0.9170506912442397
338,SAMN02649746|IEKEGFOK_00405,212,0.9769585253456221
339,SAMN02649746|IEKEGFOK_00406,217,1.0
340,SAMN02649746|IEKEGFOK_00407,217,1.0
341,SAMN02649746|IEKEGFOK_00408,205,0.9447004608294931
342,SAMN02649746|IEKEGFOK_00409,216,0.9953917050691244
343,SAMN02649746|IEKEGFOK_00410,209,0.9631336405529954
344,SAMN02649746|IEKEGFOK_00412,217,1.0
345,SAMN02649746|IEKEGFOK_00413,217,1.0
346,SAMN02649746|IEKEGFOK_00414,217,1.0
347,SAMN02649746|IEKEGFOK_00415,216,0.9953917050691244
348,SAMN02649746|IEKEGFOK_00416,214,0.9861751152073732
349,SAMN02649746|IEKEGFOK_00418,216,0.9953917050691244
350,SAMN02649746|IEKEGFOK_00420,214,0.9861751152073732
351,SAMN02649746|IEKEGFOK_00421,212,0.9769585253456221
352,SAMN02649746|IEKEGFOK_00422,217,1.0
353,SAMN02649746|IEKEGFOK_00423,214,0.9861751152073732
354,SAMN02649746|IEKEGFOK_00424,216,0.9953917050691244
355,SAMN02649746|IEKEGFOK_00425,212,0.9769585253456221
356,SAMN02649746|IEKEGFOK_00426,212,0.9769585253456221
357,SAMN02649746|IEKEGFOK_00427,208,0.9585253456221198
358,SAMN02649746|IEKEGFOK_00428,209,0.9631336405529954
359,SAMN02649746|IEKEGFOK_00429,217,1.0
360,SAMN02649746|IEKEGFOK_00430,216,0.9953917050691244
361,SAMN02649746|IEKEGFOK_00431,217,1.0
362,SAMN02649746|IEKEGFOK_00432,217,1.0
363,SAMN02649746|IEKEGFOK_00433,217,1.0
364,SAMN02649746|IEKEGFOK_00434,205,0.9447004608294931
365,SAMN02649746|IEKEGFOK_00436,217,1.0
366,SAMN02649746|IEKEGFOK_00437,217,1.0
367,SAMN02649746|IEKEGFOK_00438,206,0.9493087557603687
368,SAMN02649746|IEKEGFOK_00439,214,0.9861751152073732
369,SAMN02649746|IEKEGFOK_00440,215,0.9907834101382489
370,SAMN02649746|IEKEGFOK_00441,217,1.0
371,SAMN02649746|IEKEGFOK_00442,217,1.0
372,SAMN02649746|IEKEGFOK_00446,216,0.9953917050691244
373,SAMN02649746|IEKEGFOK_00448,215,0.9907834101382489
374,SAMN02649746|IEKEGFOK_00449,212,0.9769585253456221
375,SAMN02649746|IEKEGFOK_00450,200,0.9216589861751152
376,SAMN02649746|IEKEGFOK_00451,201,0.9262672811059908
377,SAMN02649746|IEKEGFOK_00452,215,0.9907834101382489
378,SAMN02649746|IEKEGFOK_00453,217,1.0
379,SAMN02649746|IEKEGFOK_00454,209,0.9631336405529954
380,SAMN02649746|IEKEGFOK_00455,217,1.0
381,SAMN02649746|IEKEGFOK_00456,213,0.9815668202764977
382,SAMN02649746|IEKEGFOK_00457,216,0.9953917050691244
383,SAMN02649746|IEKEGFOK_00458,216,0.9953917050691244
384,SAMN02649746|IEKEGFOK_00459,214,0.9861751152073732
385,SAMN02649746|IEKEGFOK_00461,217,1.0
386,SAMN02649746|IEKEGFOK_00462,217,1.0
387,SAMN02649746|IEKEGFOK_00463,217,1.0
388,SAMN02649746|IEKEGFOK_00465,217,1.0
389,SAMN02649746|IEKEGFOK_00467,212,0.9769585253456221
390,SAMN02649746|IEKEGFOK_00468,200,0.9216589861751152
391,SAMN02649746|IEKEGFOK_00469,212,0.9769585253456221
392,SAMN02649746|IEKEGFOK_00471,216,0.9953917050691244
393,SAMN02649746|IEKEGFOK_00473,217,1.0
394,SAMN02649746|IEKEGFOK_00474,217,1.0
395,SAMN02649746|IEKEGFOK_00475,171,0.7880184331797235
396,SAMN02649746|IEKEGFOK_00478,217,1.0
397,SAMN02649746|IEKEGFOK_00479,216,0.9953917050691244
398,SAMN02649746|IEKEGFOK_00480,214,0.9861751152073732
399,SAMN02649746|IEKEGFOK_00481,205,0.9447004608294931
400,SAMN02649746|IEKEGFOK_00482,214,0.9861751152073732
401,SAMN02649746|IEKEGFOK_00483,214,0.9861751152073732
402,SAMN02649746|IEKEGFOK_00484,213,0.9815668202764977
403,SAMN02649746|IEKEGFOK_00485,214,0.9861751152073732
404,SAMN02649746|IEKEGFOK_00486,215,0.9907834101382489
405,SAMN02649746|IEKEGFOK_00487,210,0.967741935483871
406,SAMN02649746|IEKEGFOK_00488,212,0.9769585253456221
407,SAMN02649746|IEKEGFOK_00489,214,0.9861751152073732
408,SAMN02649746|IEKEGFOK_00490,216,0.9953917050691244
409,SAMN02649746|IEKEGFOK_00491,215,0.9907834101382489
410,SAMN02649746|IEKEGFOK_00492,217,1.0
411,SAMN02649746|IEKEGFOK_00493,217,1.0
412,SAMN02649746|IEKEGFOK_00494,215,0.9907834101382489
413,SAMN02649746|IEKEGFOK_00496,217,1.0
414,SAMN02649746|IEKEGFOK_00497,216,0.9953917050691244
415,SAMN02649746|IEKEGFOK_00498,216,0.9953917050691244
416,SAMN02649746|IEKEGFOK_00499,214,0.9861751152073732
417,SAMN02649746|IEKEGFOK_00501,214,0.9861751152073732
418,SAMN02649746|IEKEGFOK_00502,217,1.0
419,SAMN02649746|IEKEGFOK_00503,217,1.0
420,SAMN02649746|IEKEGFOK_00505,217,1.0
421,SAMN02649746|IEKEGFOK_00506,217,1.0
422,SAMN02649746|IEKEGFOK_00507,213,0.9815668202764977
423,SAMN02649746|IEKEGFOK_00508,206,0.9493087557603687
424,SAMN02649746|IEKEGFOK_00510,217,1.0
425,SAMN02649746|IEKEGFOK_00512,210,0.967741935483871
426,SAMN02649746|IEKEGFOK_00513,215,0.9907834101382489
427,SAMN02649746|IEKEGFOK_00514,215,0.9907834101382489
428,SAMN02649746|IEKEGFOK_00515,202,0.9308755760368663
429,SAMN02649746|IEKEGFOK_00517,217,1.0
430,SAMN02649746|IEKEGFOK_00518,217,1.0
431,SAMN02649746|IEKEGFOK_00520,217,1.0
432,SAMN02649746|IEKEGFOK_00521,216,0.9953917050691244
433,SAMN02649746|IEKEGFOK_00522,215,0.9907834101382489
434,SAMN02649746|IEKEGFOK_00524,211,0.9723502304147466
435,SAMN02649746|IEKEGFOK_00525,215,0.9907834101382489
436,SAMN02649746|IEKEGFOK_00526,170,0.783410138248848
437,SAMN02649746|IEKEGFOK_00527,215,0.9907834101382489
438,SAMN02649746|IEKEGFOK_00528,217,1.0
439,SAMN02649746|IEKEGFOK_00529,217,1.0
440,SAMN02649746|IEKEGFOK_00531,217,1.0
441,SAMN02649746|IEKEGFOK_00532,205,0.9447004608294931
442,SAMN02649746|IEKEGFOK_00533,217,1.0
443,SAMN02649746|IEKEGFOK_00534,215,0.9907834101382489
444,SAMN02649746|IEKEGFOK_00535,217,1.0
445,SAMN02649746|IEKEGFOK_00536,212,0.9769585253456221
446,SAMN02649746|IEKEGFOK_00537,217,1.0
447,SAMN02649746|IEKEGFOK_00538,216,0.9953917050691244
448,SAMN02649746|IEKEGFOK_00539,217,1.0
449,SAMN02649746|IEKEGFOK_00540,216,0.9953917050691244
450,SAMN02649746|IEKEGFOK_00541,160,0.7373271889400922
451,SAMN02649746|IEKEGFOK_00542,66,0.30414746543778803
452,SAMN02649746|IEKEGFOK_00544,41,0.1889400921658986
453,SAMN02649746|IEKEGFOK_00545,58,0.2672811059907834
454,SAMN02649746|IEKEGFOK_00547,134,0.6175115207373272
455,SAMN02649746|IEKEGFOK_00553,217,1.0
456,SAMN02649746|IEKEGFOK_00554,216,0.9953917050691244
457,SAMN02649746|IEKEGFOK_00555,217,1.0
458,SAMN02649746|IEKEGFOK_00556,214,0.9861751152073732
459,SAMN02649746|IEKEGFOK_00557,217,1.0
460,SAMN02649746|IEKEGFOK_00558,217,1.0
461,SAMN02649746|IEKEGFOK_00559,217,1.0
462,SAMN02649746|IEKEGFOK_00560,217,1.0
463,SAMN02649746|IEKEGFOK_00561,217,1.0
464,SAMN02649746|IEKEGFOK_00562,217,1.0
465,SAMN02649746|IEKEGFOK_00563,217,1.0
466,SAMN02649746|IEKEGFOK_00564,217,1.0
467,SAMN02649746|IEKEGFOK_00565,215,0.9907834101382489
468,SAMN02649746|IEKEGFOK_00566,217,1.0
469,SAMN02649746|IEKEGFOK_00567,217,1.0
470,SAMN02649746|IEKEGFOK_00568,217,1.0
471,SAMN02649746|IEKEGFOK_00569,214,0.9861751152073732
472,SAMN02649746|IEKEGFOK_00571,217,1.0
473,SAMN02649746|IEKEGFOK_00572,214,0.9861751152073732
474,SAMN02649746|IEKEGFOK_00573,216,0.9953917050691244
475,SAMN02649746|IEKEGFOK_00574,215,0.9907834101382489
476,SAMN02649746|IEKEGFOK_00575,214,0.9861751152073732
477,SAMN02649746|IEKEGFOK_00576,217,1.0
478,SAMN02649746|IEKEGFOK_00577,217,1.0
479,SAMN02649746|IEKEGFOK_00578,217,1.0
480,SAMN02649746|IEKEGFOK_00579,217,1.0
481,SAMN02649746|IEKEGFOK_00580,217,1.0
482,SAMN02649746|IEKEGFOK_00581,217,1.0
483,SAMN02649746|IEKEGFOK_00582,215,0.9907834101382489
484,SAMN02649746|IEKEGFOK_00583,209,0.9631336405529954
485,SAMN02649746|IEKEGFOK_00588,213,0.9815668202764977
486,SAMN02649746|IEKEGFOK_00589,215,0.9907834101382489
487,SAMN02649746|IEKEGFOK_00590,217,1.0
488,SAMN02649746|IEKEGFOK_00591,217,1.0
489,SAMN02649746|IEKEGFOK_00592,216,0.9953917050691244
490,SAMN02649746|IEKEGFOK_00593,196,0.9032258064516129
491,SAMN02649746|IEKEGFOK_00594,217,1.0
492,SAMN02649746|IEKEGFOK_00595,213,0.9815668202764977
493,SAMN02649746|IEKEGFOK_00596,217,1.0
494,SAMN02649746|IEKEGFOK_00597,217,1.0
495,SAMN02649746|IEKEGFOK_00598,216,0.9953917050691244
496,SAMN02649746|IEKEGFOK_00599,217,1.0
497,SAMN02649746|IEKEGFOK_00600,217,1.0
498,SAMN02649746|IEKEGFOK_00602,216,0.9953917050691244
499,SAMN02649746|IEKEGFOK_00603,217,1.0
500,SAMN02649746|IEKEGFOK_00604,217,1.0
501,SAMN02649746|IEKEGFOK_00605,216,0.9953917050691244
502,SAMN02649746|IEKEGFOK_00606,213,0.9815668202764977
503,SAMN02649746|IEKEGFOK_00608,211,0.9723502304147466
504,SAMN02649746|IEKEGFOK_00609,217,1.0
505,SAMN02649746|IEKEGFOK_00611,215,0.9907834101382489
506,SAMN02649746|IEKEGFOK_00612,209,0.9631336405529954
507,SAMN02649746|IEKEGFOK_00613,217,1.0
508,SAMN02649746|IEKEGFOK_00614,214,0.9861751152073732
509,SAMN02649746|IEKEGFOK_00615,217,1.0
510,SAMN02649746|IEKEGFOK_00616,217,1.0
511,SAMN02649746|IEKEGFOK_00617,210,0.967741935483871
512,SAMN02649746|IEKEGFOK_00618,217,1.0
513,SAMN02649746|IEKEGFOK_00619,217,1.0
514,SAMN02649746|IEKEGFOK_00620,215,0.9907834101382489
515,SAMN02649746|IEKEGFOK_00621,202,0.9308755760368663
516,SAMN02649746|IEKEGFOK_00622,206,0.9493087557603687
517,SAMN02649746|IEKEGFOK_00623,216,0.9953917050691244
518,SAMN02649746|IEKEGFOK_00624,203,0.9354838709677419
519,SAMN02649746|IEKEGFOK_00625,213,0.9815668202764977
520,SAMN02649746|IEKEGFOK_00626,217,1.0
521,SAMN02649746|IEKEGFOK_00627,217,1.0
522,SAMN02649746|IEKEGFOK_00628,217,1.0
523,SAMN02649746|IEKEGFOK_00629,215,0.9907834101382489
524,SAMN02649746|IEKEGFOK_00630,217,1.0
525,SAMN02649746|IEKEGFOK_00631,215,0.9907834101382489
526,SAMN02649746|IEKEGFOK_00632,217,1.0
527,SAMN02649746|IEKEGFOK_00633,217,1.0
528,SAMN02649746|IEKEGFOK_00634,217,1.0
529,SAMN02649746|IEKEGFOK_00635,217,1.0
530,SAMN02649746|IEKEGFOK_00636,217,1.0
531,SAMN02649746|IEKEGFOK_00637,214,0.9861751152073732
532,SAMN02649746|IEKEGFOK_00638,214,0.9861751152073732
533,SAMN02649746|IEKEGFOK_00640,214,0.9861751152073732
534,SAMN02649746|IEKEGFOK_00641,211,0.9723502304147466
535,SAMN02649746|IEKEGFOK_00643,217,1.0
536,SAMN02649746|IEKEGFOK_00644,217,1.0
537,SAMN02649746|IEKEGFOK_00645,216,0.9953917050691244
538,SAMN02649746|IEKEGFOK_00646,216,0.9953917050691244
539,SAMN02649746|IEKEGFOK_00648,212,0.9769585253456221
540,SAMN02649746|IEKEGFOK_00649,202,0.9308755760368663
541,SAMN02649746|IEKEGFOK_00651,215,0.9907834101382489
542,SAMN02649746|IEKEGFOK_00652,217,1.0
543,SAMN02649746|IEKEGFOK_00653,216,0.9953917050691244
544,SAMN02649746|IEKEGFOK_00654,217,1.0
545,SAMN02649746|IEKEGFOK_00656,217,1.0
546,SAMN02649746|IEKEGFOK_00657,217,1.0
547,SAMN02649746|IEKEGFOK_00658,215,0.9907834101382489
548,SAMN02649746|IEKEGFOK_00659,208,0.9585253456221198
549,SAMN02649746|IEKEGFOK_00661,216,0.9953917050691244
550,SAMN02649746|IEKEGFOK_00662,217,1.0
551,SAMN02649746|IEKEGFOK_00663,216,0.9953917050691244
552,SAMN02649746|IEKEGFOK_00664,215,0.9907834101382489
553,SAMN02649746|IEKEGFOK_00665,214,0.9861751152073732
554,SAMN02649746|IEKEGFOK_00666,214,0.9861751152073732
555,SAMN02649746|IEKEGFOK_00667,212,0.9769585253456221
556,SAMN02649746|IEKEGFOK_00668,217,1.0
557,SAMN02649746|IEKEGFOK_00671,119,0.5483870967741935
558,SAMN02649746|IEKEGFOK_00672,188,0.8663594470046083
559,SAMN02649746|IEKEGFOK_00674,217,1.0
560,SAMN02649746|IEKEGFOK_00675,217,1.0
561,SAMN02649746|IEKEGFOK_00676,216,0.9953917050691244
562,SAMN02649746|IEKEGFOK_00677,217,1.0
563,SAMN02649746|IEKEGFOK_00678,217,1.0
564,SAMN02649746|IEKEGFOK_00679,216,0.9953917050691244
565,SAMN02649746|IEKEGFOK_00680,217,1.0
566,SAMN02649746|IEKEGFOK_00683,217,1.0
567,SAMN02649746|IEKEGFOK_00684,174,0.8018433179723502
568,SAMN02649746|IEKEGFOK_00685,172,0.7926267281105991
569,SAMN02649746|IEKEGFOK_00686,204,0.9400921658986175
570,SAMN02649746|IEKEGFOK_00687,217,1.0
571,SAMN02649746|IEKEGFOK_00688,216,0.9953917050691244
572,SAMN02649746|IEKEGFOK_00689,202,0.9308755760368663
573,SAMN02649746|IEKEGFOK_00690,216,0.9953917050691244
574,SAMN02649746|IEKEGFOK_00691,217,1.0
575,SAMN02649746|IEKEGFOK_00692,217,1.0
576,SAMN02649746|IEKEGFOK_00693,217,1.0
577,SAMN02649746|IEKEGFOK_00694,210,0.967741935483871
578,SAMN02649746|IEKEGFOK_00695,217,1.0
579,SAMN02649746|IEKEGFOK_00696,209,0.9631336405529954
580,SAMN02649746|IEKEGFOK_00697,212,0.9769585253456221
581,SAMN02649746|IEKEGFOK_00698,217,1.0
582,SAMN02649746|IEKEGFOK_00699,212,0.9769585253456221
583,SAMN02649746|IEKEGFOK_00700,217,1.0
584,SAMN02649746|IEKEGFOK_00701,217,1.0
585,SAMN02649746|IEKEGFOK_00702,217,1.0
586,SAMN02649746|IEKEGFOK_00703,217,1.0
587,SAMN02649746|IEKEGFOK_00704,215,0.9907834101382489
588,SAMN02649746|IEKEGFOK_00705,207,0.9539170506912442
589,SAMN02649746|IEKEGFOK_00706,217,1.0
590,SAMN02649746|IEKEGFOK_00707,215,0.9907834101382489
591,SAMN02649746|IEKEGFOK_00708,215,0.9907834101382489
592,SAMN02649746|IEKEGFOK_00709,215,0.9907834101382489
593,SAMN02649746|IEKEGFOK_00710,216,0.9953917050691244
594,SAMN02649746|IEKEGFOK_00711,210,0.967741935483871
595,SAMN02649746|IEKEGFOK_00712,208,0.9585253456221198
596,SAMN02649746|IEKEGFOK_00713,217,1.0
597,SAMN02649746|IEKEGFOK_00714,217,1.0
598,SAMN02649746|IEKEGFOK_00715,212,0.9769585253456221
599,SAMN02649746|IEKEGFOK_00716,216,0.9953917050691244
600,SAMN02649746|IEKEGFOK_00717,209,0.9631336405529954
601,SAMN02649746|IEKEGFOK_00718,217,1.0
602,SAMN02649746|IEKEGFOK_00719,217,1.0
603,SAMN02649746|IEKEGFOK_00720,217,1.0
604,SAMN02649746|IEKEGFOK_00721,205,0.9447004608294931
605,SAMN02649746|IEKEGFOK_00722,179,0.8248847926267281
606,SAMN02649746|IEKEGFOK_00723,217,1.0
607,SAMN02649746|IEKEGFOK_00726,211,0.9723502304147466
608,SAMN02649746|IEKEGFOK_00728,209,0.9631336405529954
609,SAMN02649746|IEKEGFOK_00729,201,0.9262672811059908
610,SAMN02649746|IEKEGFOK_00730,209,0.9631336405529954
611,SAMN02649746|IEKEGFOK_00732,207,0.9539170506912442
612,SAMN02649746|IEKEGFOK_00733,217,1.0
613,SAMN02649746|IEKEGFOK_00734,217,1.0
614,SAMN02649746|IEKEGFOK_00735,216,0.9953917050691244
615,SAMN02649746|IEKEGFOK_00737,213,0.9815668202764977
616,SAMN02649746|IEKEGFOK_00740,216,0.9953917050691244
617,SAMN02649746|IEKEGFOK_00741,217,1.0
618,SAMN02649746|IEKEGFOK_00742,217,1.0
619,SAMN02649746|IEKEGFOK_00743,216,0.9953917050691244
620,SAMN02649746|IEKEGFOK_00744,213,0.9815668202764977
621,SAMN02649746|IEKEGFOK_00746,213,0.9815668202764977
622,SAMN02649746|IEKEGFOK_00747,217,1.0
623,SAMN02649746|IEKEGFOK_00748,217,1.0
624,SAMN02649746|IEKEGFOK_00749,216,0.9953917050691244
625,SAMN02649746|IEKEGFOK_00750,209,0.9631336405529954
626,SAMN02649746|IEKEGFOK_00751,217,1.0
627,SAMN02649746|IEKEGFOK_00752,217,1.0
628,SAMN02649746|IEKEGFOK_00753,217,1.0
629,SAMN02649746|IEKEGFOK_00755,217,1.0
630,SAMN02649746|IEKEGFOK_00756,208,0.9585253456221198
631,SAMN02649746|IEKEGFOK_00757,212,0.9769585253456221
632,SAMN02649746|IEKEGFOK_00758,211,0.9723502304147466
633,SAMN02649746|IEKEGFOK_00760,30,0.1382488479262673
634,SAMN02649746|IEKEGFOK_00762,216,0.9953917050691244
635,SAMN02649746|IEKEGFOK_00763,213,0.9815668202764977
636,SAMN02649746|IEKEGFOK_00764,217,1.0
637,SAMN02649746|IEKEGFOK_00766,217,1.0
638,SAMN02649746|IEKEGFOK_00767,217,1.0
639,SAMN02649746|IEKEGFOK_00768,216,0.9953917050691244
640,SAMN02649746|IEKEGFOK_00769,212,0.9769585253456221
641,SAMN02649746|IEKEGFOK_00770,214,0.9861751152073732
642,SAMN02649746|IEKEGFOK_00771,216,0.9953917050691244
643,SAMN02649746|IEKEGFOK_00773,217,1.0
644,SAMN02649746|IEKEGFOK_00774,217,1.0
645,SAMN02649746|IEKEGFOK_00775,216,0.9953917050691244
646,SAMN02649746|IEKEGFOK_00776,216,0.9953917050691244
647,SAMN02649746|IEKEGFOK_00777,217,1.0
648,SAMN02649746|IEKEGFOK_00778,217,1.0
649,SAMN02649746|IEKEGFOK_00779,217,1.0
650,SAMN02649746|IEKEGFOK_00780,216,0.9953917050691244
651,SAMN02649746|IEKEGFOK_00782,119,0.5483870967741935
652,SAMN02649746|IEKEGFOK_00785,94,0.43317972350230416
653,SAMN02649746|IEKEGFOK_00786,139,0.6405529953917051
654,SAMN02649746|IEKEGFOK_00787,212,0.9769585253456221
655,SAMN02649746|IEKEGFOK_00788,217,1.0
656,SAMN02649746|IEKEGFOK_00789,204,0.9400921658986175
657,SAMN02649746|IEKEGFOK_00790,215,0.9907834101382489
658,SAMN02649746|IEKEGFOK_00792,216,0.9953917050691244
659,SAMN02649746|IEKEGFOK_00793,217,1.0
660,SAMN02649746|IEKEGFOK_00794,216,0.9953917050691244
661,SAMN02649746|IEKEGFOK_00795,216,0.9953917050691244
662,SAMN02649746|IEKEGFOK_00796,217,1.0
663,SAMN02649746|IEKEGFOK_00797,213,0.9815668202764977
664,SAMN02649746|IEKEGFOK_00798,217,1.0
665,SAMN02649746|IEKEGFOK_00799,209,0.9631336405529954
666,SAMN02649746|IEKEGFOK_00800,217,1.0
667,SAMN02649746|IEKEGFOK_00801,217,1.0
668,SAMN02649746|IEKEGFOK_00802,216,0.9953917050691244
669,SAMN02649746|IEKEGFOK_00803,147,0.6774193548387096
670,SAMN02649746|IEKEGFOK_00804,217,1.0
671,SAMN02649746|IEKEGFOK_00805,217,1.0
672,SAMN02649746|IEKEGFOK_00806,217,1.0
673,SAMN02649746|IEKEGFOK_00807,212,0.9769585253456221
674,SAMN02649746|IEKEGFOK_00809,216,0.9953917050691244
675,SAMN02649746|IEKEGFOK_00810,217,1.0
676,SAMN02649746|IEKEGFOK_00812,217,1.0
677,SAMN02649746|IEKEGFOK_00813,213,0.9815668202764977
678,SAMN02649746|IEKEGFOK_00814,215,0.9907834101382489
679,SAMN02649746|IEKEGFOK_00816,217,1.0
680,SAMN02649746|IEKEGFOK_00817,217,1.0
681,SAMN02649746|IEKEGFOK_00818,217,1.0
682,SAMN02649746|IEKEGFOK_00819,215,0.9907834101382489
683,SAMN02649746|IEKEGFOK_00820,216,0.9953917050691244
684,SAMN02649746|IEKEGFOK_00821,216,0.9953917050691244
685,SAMN02649746|IEKEGFOK_00822,216,0.9953917050691244
686,SAMN02649746|IEKEGFOK_00823,217,1.0
687,SAMN02649746|IEKEGFOK_00825,217,1.0
688,SAMN02649746|IEKEGFOK_00827,216,0.9953917050691244
689,SAMN02649746|IEKEGFOK_00828,209,0.9631336405529954
690,SAMN02649746|IEKEGFOK_00830,211,0.9723502304147466
691,SAMN02649746|IEKEGFOK_00831,63,0.2903225806451613
692,SAMN02649746|IEKEGFOK_00833,36,0.16589861751152074
693,SAMN02649746|IEKEGFOK_00834,54,0.2488479262672811
694,SAMN02649746|IEKEGFOK_00835,62,0.2857142857142857
695,SAMN02649746|IEKEGFOK_00837,61,0.28110599078341014
696,SAMN02649746|IEKEGFOK_00838,8,0.03686635944700461
697,SAMN02649746|IEKEGFOK_00839,4,0.018433179723502304
698,SAMN02649746|IEKEGFOK_00840,6,0.027649769585253458
699,SAMN02649746|IEKEGFOK_00841,7,0.03225806451612903
700,SAMN02649746|IEKEGFOK_00842,62,0.2857142857142857
701,SAMN02649746|IEKEGFOK_00843,60,0.2764976958525346
702,SAMN02649746|IEKEGFOK_00844,64,0.29493087557603687
703,SAMN02649746|IEKEGFOK_00847,66,0.30414746543778803
704,SAMN02649746|IEKEGFOK_00848,62,0.2857142857142857
705,SAMN02649746|IEKEGFOK_00849,57,0.2626728110599078
706,SAMN02649746|IEKEGFOK_00850,216,0.9953917050691244
707,SAMN02649746|IEKEGFOK_00851,217,1.0
708,SAMN02649746|IEKEGFOK_00852,216,0.9953917050691244
709,SAMN02649746|IEKEGFOK_00856,217,1.0
710,SAMN02649746|IEKEGFOK_00859,213,0.9815668202764977
711,SAMN02649746|IEKEGFOK_00860,213,0.9815668202764977
712,SAMN02649746|IEKEGFOK_00861,217,1.0
713,SAMN02649746|IEKEGFOK_00862,217,1.0
714,SAMN02649746|IEKEGFOK_00863,214,0.9861751152073732
715,SAMN02649746|IEKEGFOK_00865,215,0.9907834101382489
716,SAMN02649746|IEKEGFOK_00867,58,0.2672811059907834
717,SAMN02649746|IEKEGFOK_00868,217,1.0
718,SAMN02649746|IEKEGFOK_00869,216,0.9953917050691244
719,SAMN02649746|IEKEGFOK_00871,217,1.0
720,SAMN02649746|IEKEGFOK_00872,217,1.0
721,SAMN02649746|IEKEGFOK_00874,201,0.9262672811059908
722,SAMN02649746|IEKEGFOK_00875,216,0.9953917050691244
723,SAMN02649746|IEKEGFOK_00877,216,0.9953917050691244
724,SAMN02649746|IEKEGFOK_00878,215,0.9907834101382489
725,SAMN02649746|IEKEGFOK_00879,216,0.9953917050691244
726,SAMN02649746|IEKEGFOK_00881,212,0.9769585253456221
727,SAMN02649746|IEKEGFOK_00882,216,0.9953917050691244
728,SAMN02649746|IEKEGFOK_00883,213,0.9815668202764977
729,SAMN02649746|IEKEGFOK_00884,216,0.9953917050691244
730,SAMN02649746|IEKEGFOK_00885,217,1.0
731,SAMN02649746|IEKEGFOK_00886,216,0.9953917050691244
732,SAMN02649746|IEKEGFOK_00887,217,1.0
733,SAMN02649746|IEKEGFOK_00888,217,1.0
734,SAMN02649746|IEKEGFOK_00889,217,1.0
735,SAMN02649746|IEKEGFOK_00890,216,0.9953917050691244
736,SAMN02649746|IEKEGFOK_00893,108,0.4976958525345622
737,SAMN02649746|IEKEGFOK_00894,216,0.9953917050691244
738,SAMN02649746|IEKEGFOK_00895,217,1.0
739,SAMN02649746|IEKEGFOK_00896,216,0.9953917050691244
740,SAMN02649746|IEKEGFOK_00898,217,1.0
741,SAMN02649746|IEKEGFOK_00900,216,0.9953917050691244
742,SAMN02649746|IEKEGFOK_00901,216,0.9953917050691244
743,SAMN02649746|IEKEGFOK_00902,213,0.9815668202764977
744,SAMN02649746|IEKEGFOK_00903,217,1.0
745,SAMN02649746|IEKEGFOK_00904,217,1.0
746,SAMN02649746|IEKEGFOK_00905,216,0.9953917050691244
747,SAMN02649746|IEKEGFOK_00906,211,0.9723502304147466
748,SAMN02649746|IEKEGFOK_00907,211,0.9723502304147466
749,SAMN02649746|IEKEGFOK_00908,217,1.0
750,SAMN02649746|IEKEGFOK_00909,215,0.9907834101382489
751,SAMN02649746|IEKEGFOK_00910,217,1.0
752,SAMN02649746|IEKEGFOK_00911,215,0.9907834101382489
753,SAMN02649746|IEKEGFOK_00912,217,1.0
754,SAMN02649746|IEKEGFOK_00913,217,1.0
755,SAMN02649746|IEKEGFOK_00914,216,0.9953917050691244
756,SAMN02649746|IEKEGFOK_00917,216,0.9953917050691244
757,SAMN02649746|IEKEGFOK_00918,124,0.5714285714285714
758,SAMN02649746|IEKEGFOK_00919,210,0.967741935483871
759,SAMN02649746|IEKEGFOK_00920,217,1.0
760,SAMN02649746|IEKEGFOK_00921,213,0.9815668202764977
761,SAMN02649746|IEKEGFOK_00922,213,0.9815668202764977
762,SAMN02649746|IEKEGFOK_00923,214,0.9861751152073732
763,SAMN02649746|IEKEGFOK_00924,215,0.9907834101382489
764,SAMN02649746|IEKEGFOK_00925,217,1.0
765,SAMN02649746|IEKEGFOK_00926,212,0.9769585253456221
766,SAMN02649746|IEKEGFOK_00927,215,0.9907834101382489
767,SAMN02649746|IEKEGFOK_00929,216,0.9953917050691244
768,SAMN02649746|IEKEGFOK_00930,216,0.9953917050691244
769,SAMN02649746|IEKEGFOK_00931,216,0.9953917050691244
770,SAMN02649746|IEKEGFOK_00932,216,0.9953917050691244
771,SAMN02649746|IEKEGFOK_00933,217,1.0
772,SAMN02649746|IEKEGFOK_00934,212,0.9769585253456221
773,SAMN02649746|IEKEGFOK_00935,214,0.9861751152073732
774,SAMN02649746|IEKEGFOK_00936,209,0.9631336405529954
775,SAMN02649746|IEKEGFOK_00937,178,0.8202764976958525
776,SAMN02649746|IEKEGFOK_00938,215,0.9907834101382489
777,SAMN02649746|IEKEGFOK_00939,215,0.9907834101382489
778,SAMN02649746|IEKEGFOK_00940,217,1.0
779,SAMN02649746|IEKEGFOK_00941,216,0.9953917050691244
780,SAMN02649746|IEKEGFOK_00942,217,1.0
781,SAMN02649746|IEKEGFOK_00943,216,0.9953917050691244
782,SAMN02649746|IEKEGFOK_00944,210,0.967741935483871
783,SAMN02649746|IEKEGFOK_00945,216,0.9953917050691244
784,SAMN02649746|IEKEGFOK_00946,217,1.0
785,SAMN02649746|IEKEGFOK_00947,214,0.9861751152073732
786,SAMN02649746|IEKEGFOK_00949,215,0.9907834101382489
787,SAMN02649746|IEKEGFOK_00950,216,0.9953917050691244
788,SAMN02649746|IEKEGFOK_00951,212,0.9769585253456221
789,SAMN02649746|IEKEGFOK_00953,215,0.9907834101382489
790,SAMN02649746|IEKEGFOK_00954,150,0.6912442396313364
791,SAMN02649746|IEKEGFOK_00956,217,1.0
792,SAMN02649746|IEKEGFOK_00957,217,1.0
793,SAMN02649746|IEKEGFOK_00958,217,1.0
794,SAMN02649746|IEKEGFOK_00959,217,1.0
795,SAMN02649746|IEKEGFOK_00960,217,1.0
796,SAMN02649746|IEKEGFOK_00961,216,0.9953917050691244
797,SAMN02649746|IEKEGFOK_00963,176,0.8110599078341014
798,SAMN02649746|IEKEGFOK_00965,216,0.9953917050691244
799,SAMN02649746|IEKEGFOK_00967,214,0.9861751152073732
800,SAMN02649746|IEKEGFOK_00968,215,0.9907834101382489
801,SAMN02649746|IEKEGFOK_00969,217,1.0
802,SAMN02649746|IEKEGFOK_00970,217,1.0
803,SAMN02649746|IEKEGFOK_00971,215,0.9907834101382489
804,SAMN02649746|IEKEGFOK_00972,217,1.0
805,SAMN02649746|IEKEGFOK_00973,217,1.0
806,SAMN02649746|IEKEGFOK_00974,216,0.9953917050691244
807,SAMN02649746|IEKEGFOK_00976,214,0.9861751152073732
808,SAMN02649746|IEKEGFOK_00978,211,0.9723502304147466
809,SAMN02649746|IEKEGFOK_00979,178,0.8202764976958525
810,SAMN02649746|IEKEGFOK_00980,186,0.8571428571428571
811,SAMN02649746|IEKEGFOK_00981,185,0.8525345622119815
812,SAMN02649746|IEKEGFOK_00982,189,0.8709677419354839
813,SAMN02649746|IEKEGFOK_00983,187,0.8617511520737328
814,SAMN02649746|IEKEGFOK_00985,217,1.0
815,SAMN02649746|IEKEGFOK_00986,217,1.0
816,SAMN02649746|IEKEGFOK_00987,217,1.0
817,SAMN02649746|IEKEGFOK_00988,153,0.7050691244239631
818,SAMN02649746|IEKEGFOK_00989,154,0.7096774193548387
819,SAMN02649746|IEKEGFOK_00991,213,0.9815668202764977
820,SAMN02649746|IEKEGFOK_00992,217,1.0
821,SAMN02649746|IEKEGFOK_00993,216,0.9953917050691244
822,SAMN02649746|IEKEGFOK_00996,215,0.9907834101382489
823,SAMN02649746|IEKEGFOK_00997,213,0.9815668202764977
824,SAMN02649746|IEKEGFOK_00998,215,0.9907834101382489
825,SAMN02649746|IEKEGFOK_00999,214,0.9861751152073732
826,SAMN02649746|IEKEGFOK_01001,217,1.0
827,SAMN02649746|IEKEGFOK_01002,217,1.0
828,SAMN02649746|IEKEGFOK_01003,217,1.0
829,SAMN02649746|IEKEGFOK_01004,217,1.0
830,SAMN02649746|IEKEGFOK_01005,215,0.9907834101382489
831,SAMN02649746|IEKEGFOK_01006,217,1.0
832,SAMN02649746|IEKEGFOK_01007,216,0.9953917050691244
833,SAMN02649746|IEKEGFOK_01009,217,1.0
834,SAMN02649746|IEKEGFOK_01010,217,1.0
835,SAMN02649746|IEKEGFOK_01011,209,0.9631336405529954
836,SAMN02649746|IEKEGFOK_01012,217,1.0
837,SAMN02649746|IEKEGFOK_01013,217,1.0
838,SAMN02649746|IEKEGFOK_01014,217,1.0
839,SAMN02649746|IEKEGFOK_01016,215,0.9907834101382489
840,SAMN02649746|IEKEGFOK_01017,211,0.9723502304147466
841,SAMN02649746|IEKEGFOK_01018,217,1.0
842,SAMN02649746|IEKEGFOK_01020,217,1.0
843,SAMN02649746|IEKEGFOK_01022,217,1.0
844,SAMN02649746|IEKEGFOK_01023,216,0.9953917050691244
845,SAMN02649746|IEKEGFOK_01025,216,0.9953917050691244
846,SAMN02649746|IEKEGFOK_01026,217,1.0
847,SAMN02649746|IEKEGFOK_01029,217,1.0
848,SAMN02649746|IEKEGFOK_01030,217,1.0
849,SAMN02649746|IEKEGFOK_01031,214,0.9861751152073732
850,SAMN02649746|IEKEGFOK_01032,216,0.9953917050691244
851,SAMN02649746|IEKEGFOK_01033,216,0.9953917050691244
852,SAMN02649746|IEKEGFOK_01034,1,0.004608294930875576
853,SAMN02649746|IEKEGFOK_01035,1,0.004608294930875576
854,SAMN02649746|IEKEGFOK_01036,216,0.9953917050691244
855,SAMN02649746|IEKEGFOK_01037,2,0.009216589861751152
856,SAMN02649746|IEKEGFOK_01039,58,0.2672811059907834
857,SAMN02649746|IEKEGFOK_01040,156,0.7188940092165899
858,SAMN02649746|IEKEGFOK_01041,167,0.7695852534562212
859,SAMN02649746|IEKEGFOK_01042,159,0.7327188940092166
860,SAMN02649746|IEKEGFOK_01043,162,0.7465437788018433
861,SAMN02649746|IEKEGFOK_01044,134,0.6175115207373272
862,SAMN02649746|IEKEGFOK_01045,215,0.9907834101382489
863,SAMN02649746|IEKEGFOK_01047,188,0.8663594470046083
864,SAMN02649746|IEKEGFOK_01048,124,0.5714285714285714
865,SAMN02649746|IEKEGFOK_01054,176,0.8110599078341014
866,SAMN02649746|IEKEGFOK_01055,99,0.45622119815668205
867,SAMN02649746|IEKEGFOK_01057,217,1.0
868,SAMN02649746|IEKEGFOK_01058,212,0.9769585253456221
869,SAMN02649746|IEKEGFOK_01059,213,0.9815668202764977
870,SAMN02649746|IEKEGFOK_01060,217,1.0
871,SAMN02649746|IEKEGFOK_01061,212,0.9769585253456221
872,SAMN02649746|IEKEGFOK_01062,217,1.0
873,SAMN02649746|IEKEGFOK_01063,216,0.9953917050691244
874,SAMN02649746|IEKEGFOK_01066,215,0.9907834101382489
875,SAMN02649746|IEKEGFOK_01067,199,0.9170506912442397
876,SAMN02649746|IEKEGFOK_01069,217,1.0
877,SAMN02649746|IEKEGFOK_01070,214,0.9861751152073732
878,SAMN02649746|IEKEGFOK_01071,217,1.0
879,SAMN02649746|IEKEGFOK_01072,203,0.9354838709677419
880,SAMN02649746|IEKEGFOK_01073,216,0.9953917050691244
881,SAMN02649746|IEKEGFOK_01074,217,1.0
882,SAMN02649746|IEKEGFOK_01075,217,1.0
883,SAMN02649746|IEKEGFOK_01076,2,0.009216589861751152
884,SAMN02649746|IEKEGFOK_01077,2,0.009216589861751152
885,SAMN02649746|IEKEGFOK_01078,217,1.0
886,SAMN02649746|IEKEGFOK_01081,216,0.9953917050691244
887,SAMN02649746|IEKEGFOK_01083,217,1.0
888,SAMN02649746|IEKEGFOK_01084,217,1.0
889,SAMN02649746|IEKEGFOK_01085,217,1.0
890,SAMN02649746|IEKEGFOK_01086,216,0.9953917050691244
891,SAMN02649746|IEKEGFOK_01087,217,1.0
892,SAMN02649746|IEKEGFOK_01088,216,0.9953917050691244
893,SAMN02649746|IEKEGFOK_01089,217,1.0
894,SAMN02649746|IEKEGFOK_01090,217,1.0
895,SAMN02649746|IEKEGFOK_01092,213,0.9815668202764977
896,SAMN02649746|IEKEGFOK_01093,209,0.9631336405529954
897,SAMN02649746|IEKEGFOK_01095,217,1.0
898,SAMN02649746|IEKEGFOK_01097,216,0.9953917050691244
899,SAMN02649746|IEKEGFOK_01098,216,0.9953917050691244
900,SAMN02649746|IEKEGFOK_01099,217,1.0
901,SAMN02649746|IEKEGFOK_01101,216,0.9953917050691244
902,SAMN02649746|IEKEGFOK_01102,217,1.0
903,SAMN02649746|IEKEGFOK_01103,217,1.0
904,SAMN02649746|IEKEGFOK_01104,217,1.0
905,SAMN02649746|IEKEGFOK_01106,216,0.9953917050691244
906,SAMN02649746|IEKEGFOK_01108,214,0.9861751152073732
907,SAMN02649746|IEKEGFOK_01109,216,0.9953917050691244
908,SAMN02649746|IEKEGFOK_01111,216,0.9953917050691244
909,SAMN02649746|IEKEGFOK_01113,217,1.0
910,SAMN02649746|IEKEGFOK_01114,176,0.8110599078341014
911,SAMN02649746|IEKEGFOK_01116,217,1.0
912,SAMN02649746|IEKEGFOK_01117,217,1.0
913,SAMN02649746|IEKEGFOK_01118,215,0.9907834101382489
914,SAMN02649746|IEKEGFOK_01119,217,1.0
915,SAMN02649746|IEKEGFOK_01121,217,1.0
916,SAMN02649746|IEKEGFOK_01122,217,1.0
917,SAMN02649746|IEKEGFOK_01124,216,0.9953917050691244
918,SAMN02649746|IEKEGFOK_01125,217,1.0
919,SAMN02649746|IEKEGFOK_01126,204,0.9400921658986175
920,SAMN02649746|IEKEGFOK_01127,217,1.0
921,SAMN02649746|IEKEGFOK_01128,217,1.0
922,SAMN02649746|IEKEGFOK_01129,217,1.0
923,SAMN02649746|IEKEGFOK_01130,217,1.0
924,SAMN02649746|IEKEGFOK_01131,214,0.9861751152073732
925,SAMN02649746|IEKEGFOK_01133,190,0.8755760368663594
926,SAMN02649746|IEKEGFOK_01134,215,0.9907834101382489
927,SAMN02649746|IEKEGFOK_01135,217,1.0
928,SAMN02649746|IEKEGFOK_01136,214,0.9861751152073732
929,SAMN02649746|IEKEGFOK_01138,217,1.0
930,SAMN02649746|IEKEGFOK_01139,217,1.0
931,SAMN02649746|IEKEGFOK_01140,216,0.9953917050691244
932,SAMN02649746|IEKEGFOK_01142,217,1.0
933,SAMN02649746|IEKEGFOK_01143,217,1.0
934,SAMN02649746|IEKEGFOK_01145,200,0.9216589861751152
935,SAMN02649746|IEKEGFOK_01146,217,1.0
936,SAMN02649746|IEKEGFOK_01149,183,0.8433179723502304
937,SAMN02649746|IEKEGFOK_01150,200,0.9216589861751152
938,SAMN02649746|IEKEGFOK_01151,194,0.8940092165898618
939,SAMN02649746|IEKEGFOK_01152,185,0.8525345622119815
940,SAMN02649746|IEKEGFOK_01153,210,0.967741935483871
941,SAMN02649746|IEKEGFOK_01154,217,1.0
942,SAMN02649746|IEKEGFOK_01155,216,0.9953917050691244
943,SAMN02649746|IEKEGFOK_01156,217,1.0
944,SAMN02649746|IEKEGFOK_01157,217,1.0
945,SAMN02649746|IEKEGFOK_01158,216,0.9953917050691244
946,SAMN02649746|IEKEGFOK_01159,217,1.0
947,SAMN02649746|IEKEGFOK_01162,214,0.9861751152073732
948,SAMN02649746|IEKEGFOK_01163,216,0.9953917050691244
949,SAMN02649746|IEKEGFOK_01165,217,1.0
950,SAMN02649746|IEKEGFOK_01166,217,1.0
951,SAMN02649746|IEKEGFOK_01167,212,0.9769585253456221
952,SAMN02649746|IEKEGFOK_01168,217,1.0
953,SAMN02649746|IEKEGFOK_01169,216,0.9953917050691244
954,SAMN02649746|IEKEGFOK_01170,217,1.0
955,SAMN02649746|IEKEGFOK_01171,217,1.0
956,SAMN02649746|IEKEGFOK_01172,165,0.7603686635944701
957,SAMN02649746|IEKEGFOK_01173,217,1.0
958,SAMN02649746|IEKEGFOK_01174,217,1.0
959,SAMN02649746|IEKEGFOK_01175,217,1.0
960,SAMN02649746|IEKEGFOK_01176,217,1.0
961,SAMN02649746|IEKEGFOK_01177,217,1.0
962,SAMN02649746|IEKEGFOK_01178,216,0.9953917050691244
963,SAMN02649746|IEKEGFOK_01179,215,0.9907834101382489
964,SAMN02649746|IEKEGFOK_01180,217,1.0
965,SAMN02649746|IEKEGFOK_01181,215,0.9907834101382489
966,SAMN02649746|IEKEGFOK_01183,213,0.9815668202764977
967,SAMN02649746|IEKEGFOK_01184,217,1.0
968,SAMN02649746|IEKEGFOK_01185,215,0.9907834101382489
969,SAMN02649746|IEKEGFOK_01186,214,0.9861751152073732
970,SAMN02649746|IEKEGFOK_01187,217,1.0
971,SAMN02649746|IEKEGFOK_01188,216,0.9953917050691244
972,SAMN02649746|IEKEGFOK_01189,215,0.9907834101382489
973,SAMN02649746|IEKEGFOK_01190,216,0.9953917050691244
974,SAMN02649746|IEKEGFOK_01191,212,0.9769585253456221
975,SAMN02649746|IEKEGFOK_01192,217,1.0
976,SAMN02649746|IEKEGFOK_01194,217,1.0
977,SAMN02649746|IEKEGFOK_01195,217,1.0
978,SAMN02649746|IEKEGFOK_01196,217,1.0
979,SAMN02649746|IEKEGFOK_01197,217,1.0
980,SAMN02649746|IEKEGFOK_01198,217,1.0
981,SAMN02649746|IEKEGFOK_01199,217,1.0
982,SAMN02649746|IEKEGFOK_01200,217,1.0
983,SAMN02649746|IEKEGFOK_01201,217,1.0
984,SAMN02649746|IEKEGFOK_01202,217,1.0
985,SAMN02649746|IEKEGFOK_01203,217,1.0
986,SAMN02649746|IEKEGFOK_01204,217,1.0
987,SAMN02649746|IEKEGFOK_01205,217,1.0
988,SAMN02649746|IEKEGFOK_01206,217,1.0
989,SAMN02649746|IEKEGFOK_01207,216,0.9953917050691244
990,SAMN02649746|IEKEGFOK_01208,217,1.0
991,SAMN02649746|IEKEGFOK_01209,217,1.0
992,SAMN02649746|IEKEGFOK_01210,215,0.9907834101382489
993,SAMN02649746|IEKEGFOK_01211,217,1.0
994,SAMN02649746|IEKEGFOK_01212,217,1.0
995,SAMN02649746|IEKEGFOK_01213,217,1.0
996,SAMN02649746|IEKEGFOK_01214,217,1.0
997,SAMN02649746|IEKEGFOK_01215,217,1.0
998,SAMN02649746|IEKEGFOK_01216,217,1.0
999,SAMN02649746|IEKEGFOK_01217,217,1.0
1000,SAMN02649746|IEKEGFOK_01218,217,1.0
1001,SAMN02649746|IEKEGFOK_01219,217,1.0
1002,SAMN02649746|IEKEGFOK_01220,217,1.0
1003,SAMN02649746|IEKEGFOK_01221,216,0.9953917050691244
1004,SAMN02649746|IEKEGFOK_01223,217,1.0
1005,SAMN02649746|IEKEGFOK_01224,217,1.0
1006,SAMN02649746|IEKEGFOK_01225,215,0.9907834101382489
1007,SAMN02649746|IEKEGFOK_01226,216,0.9953917050691244
1008,SAMN02649746|IEKEGFOK_01227,217,1.0
1009,SAMN02649746|IEKEGFOK_01228,217,1.0
1010,SAMN02649746|IEKEGFOK_01229,46,0.2119815668202765
1011,SAMN02649746|IEKEGFOK_01230,52,0.23963133640552994
1012,SAMN02649746|IEKEGFOK_01231,49,0.22580645161290322
1013,SAMN02649746|IEKEGFOK_01232,36,0.16589861751152074
1014,SAMN02649746|IEKEGFOK_01233,35,0.16129032258064516
1015,SAMN02649746|IEKEGFOK_01234,217,1.0
1016,SAMN02649746|IEKEGFOK_01235,217,1.0
1017,SAMN02649746|IEKEGFOK_01236,212,0.9769585253456221
1018,SAMN02649746|IEKEGFOK_01239,215,0.9907834101382489
1019,SAMN02649746|IEKEGFOK_01240,104,0.4792626728110599
1020,SAMN02649746|IEKEGFOK_01241,53,0.24423963133640553
1021,SAMN02649746|IEKEGFOK_01242,216,0.9953917050691244
1022,SAMN02649746|IEKEGFOK_01243,217,1.0
1023,SAMN02649746|IEKEGFOK_01244,217,1.0
1024,SAMN02649746|IEKEGFOK_01245,217,1.0
1025,SAMN02649746|IEKEGFOK_01246,217,1.0
1026,SAMN02649746|IEKEGFOK_01247,217,1.0
1027,SAMN02649746|IEKEGFOK_01249,212,0.9769585253456221
1028,SAMN02649746|IEKEGFOK_01250,208,0.9585253456221198
1029,SAMN02649746|IEKEGFOK_01251,217,1.0
1030,SAMN02649746|IEKEGFOK_01254,215,0.9907834101382489
1031,SAMN02649746|IEKEGFOK_01255,217,1.0
1032,SAMN02649746|IEKEGFOK_01256,217,1.0
1033,SAMN02649746|IEKEGFOK_01257,215,0.9907834101382489
1034,SAMN02649746|IEKEGFOK_01258,213,0.9815668202764977
1035,SAMN02649746|IEKEGFOK_01261,215,0.9907834101382489
1036,SAMN02649746|IEKEGFOK_01262,216,0.9953917050691244
1037,SAMN02649746|IEKEGFOK_01263,216,0.9953917050691244
1038,SAMN02649746|IEKEGFOK_01264,204,0.9400921658986175
1039,SAMN02649746|IEKEGFOK_01267,217,1.0
1040,SAMN02649746|IEKEGFOK_01268,138,0.6359447004608295
1041,SAMN02649746|IEKEGFOK_01269,180,0.8294930875576036
1042,SAMN02649746|IEKEGFOK_01270,216,0.9953917050691244
1043,SAMN02649746|IEKEGFOK_01271,217,1.0
1044,SAMN02649746|IEKEGFOK_01272,217,1.0
1045,SAMN02649746|IEKEGFOK_01273,217,1.0
1046,SAMN02649746|IEKEGFOK_01274,217,1.0
1047,SAMN02649746|IEKEGFOK_01275,217,1.0
1048,SAMN02649746|IEKEGFOK_01276,216,0.9953917050691244
1049,SAMN02649746|IEKEGFOK_01277,216,0.9953917050691244
1050,SAMN02649746|IEKEGFOK_01278,216,0.9953917050691244
1051,SAMN02649746|IEKEGFOK_01279,216,0.9953917050691244
1052,SAMN02649746|IEKEGFOK_01281,217,1.0
1053,SAMN02649746|IEKEGFOK_01283,208,0.9585253456221198
1054,SAMN02649746|IEKEGFOK_01284,217,1.0
1055,SAMN02649746|IEKEGFOK_01286,180,0.8294930875576036
1056,SAMN02649746|IEKEGFOK_01287,202,0.9308755760368663
1057,SAMN02649746|IEKEGFOK_01288,212,0.9769585253456221
1058,SAMN02649746|IEKEGFOK_01289,217,1.0
1059,SAMN02649746|IEKEGFOK_01291,217,1.0
1060,SAMN02649746|IEKEGFOK_01292,217,1.0
1061,SAMN02649746|IEKEGFOK_01293,215,0.9907834101382489
1062,SAMN02649746|IEKEGFOK_01294,217,1.0
1063,SAMN02649746|IEKEGFOK_01295,216,0.9953917050691244
1064,SAMN02649746|IEKEGFOK_01296,217,1.0
1065,SAMN02649746|IEKEGFOK_01297,216,0.9953917050691244
1066,SAMN02649746|IEKEGFOK_01299,203,0.9354838709677419
1067,SAMN02649746|IEKEGFOK_01301,216,0.9953917050691244
1068,SAMN02649746|IEKEGFOK_01302,213,0.9815668202764977
1069,SAMN02649746|IEKEGFOK_01303,217,1.0
1070,SAMN02649746|IEKEGFOK_01304,217,1.0
1071,SAMN02649746|IEKEGFOK_01305,217,1.0
1072,SAMN02649746|IEKEGFOK_01306,217,1.0
1073,SAMN02649746|IEKEGFOK_01308,209,0.9631336405529954
1074,SAMN02649746|IEKEGFOK_01309,214,0.9861751152073732
1075,SAMN02649746|IEKEGFOK_01310,215,0.9907834101382489
1076,SAMN02649746|IEKEGFOK_01311,216,0.9953917050691244
1077,SAMN02649746|IEKEGFOK_01312,215,0.9907834101382489
1078,SAMN02649746|IEKEGFOK_01313,216,0.9953917050691244
1079,SAMN02649746|IEKEGFOK_01314,217,1.0
1080,SAMN02649746|IEKEGFOK_01315,216,0.9953917050691244
1081,SAMN02649746|IEKEGFOK_01316,217,1.0
1082,SAMN02649746|IEKEGFOK_01317,214,0.9861751152073732
1083,SAMN02649746|IEKEGFOK_01318,216,0.9953917050691244
1084,SAMN02649746|IEKEGFOK_01319,215,0.9907834101382489
1085,SAMN02649746|IEKEGFOK_01322,217,1.0
1086,SAMN02649746|IEKEGFOK_01323,217,1.0
1087,SAMN02649746|IEKEGFOK_01324,217,1.0
1088,SAMN02649746|IEKEGFOK_01325,216,0.9953917050691244
1089,SAMN02649746|IEKEGFOK_01326,217,1.0
1090,SAMN02649746|IEKEGFOK_01327,216,0.9953917050691244
1091,SAMN02649746|IEKEGFOK_01329,3,0.013824884792626729
1092,SAMN02649746|IEKEGFOK_01330,3,0.013824884792626729
1093,SAMN02649746|IEKEGFOK_01331,216,0.9953917050691244
1094,SAMN02649746|IEKEGFOK_01332,216,0.9953917050691244
1095,SAMN02649746|IEKEGFOK_01333,214,0.9861751152073732
1096,SAMN02649746|IEKEGFOK_01334,217,1.0
1097,SAMN02649746|IEKEGFOK_01335,215,0.9907834101382489
1098,SAMN02649746|IEKEGFOK_01336,186,0.8571428571428571
1099,SAMN02649746|IEKEGFOK_01337,188,0.8663594470046083
1100,SAMN02649746|IEKEGFOK_01339,215,0.9907834101382489
1101,SAMN02649746|IEKEGFOK_01340,213,0.9815668202764977
1102,SAMN02649746|IEKEGFOK_01341,217,1.0
1103,SAMN02649746|IEKEGFOK_01342,217,1.0
1104,SAMN02649746|IEKEGFOK_01343,217,1.0
1105,SAMN02649746|IEKEGFOK_01344,217,1.0
1106,SAMN02649746|IEKEGFOK_01345,216,0.9953917050691244
1107,SAMN02649746|IEKEGFOK_01346,217,1.0
1108,SAMN02649746|IEKEGFOK_01347,217,1.0
1109,SAMN02649746|IEKEGFOK_01348,217,1.0
1110,SAMN02649746|IEKEGFOK_01349,217,1.0
1111,SAMN02649746|IEKEGFOK_01350,133,0.6129032258064516
1112,SAMN02649746|IEKEGFOK_01351,217,1.0
1113,SAMN02649746|IEKEGFOK_01353,217,1.0
1114,SAMN02649746|IEKEGFOK_01354,2,0.009216589861751152
1115,SAMN02649746|IEKEGFOK_01357,216,0.9953917050691244
1116,SAMN02649746|IEKEGFOK_01358,215,0.9907834101382489
1117,SAMN02649746|IEKEGFOK_01359,217,1.0
1118,SAMN02649746|IEKEGFOK_01360,133,0.6129032258064516
1119,SAMN02649746|IEKEGFOK_01364,166,0.7649769585253456
1120,SAMN02649746|IEKEGFOK_01365,168,0.7741935483870968
1121,SAMN02649746|IEKEGFOK_01366,154,0.7096774193548387
1122,SAMN02649746|IEKEGFOK_01369,15,0.06912442396313365
1123,SAMN02649746|IEKEGFOK_01370,15,0.06912442396313365
1124,SAMN02649746|IEKEGFOK_01372,210,0.967741935483871
1125,SAMN02649746|IEKEGFOK_01373,213,0.9815668202764977
1126,SAMN02649746|IEKEGFOK_01374,169,0.7788018433179723
1127,SAMN02649746|IEKEGFOK_01375,165,0.7603686635944701
1128,SAMN02649746|IEKEGFOK_01376,216,0.9953917050691244
1129,SAMN02649746|IEKEGFOK_01379,215,0.9907834101382489
1130,SAMN02649746|IEKEGFOK_01380,217,1.0
1131,SAMN02649746|IEKEGFOK_01381,217,1.0
1132,SAMN02649746|IEKEGFOK_01382,216,0.9953917050691244
1133,SAMN02649746|IEKEGFOK_01383,216,0.9953917050691244
1134,SAMN02649746|IEKEGFOK_01386,40,0.18433179723502305
1135,SAMN02649746|IEKEGFOK_01387,217,1.0
1136,SAMN02649746|IEKEGFOK_01388,212,0.9769585253456221
1137,SAMN02649746|IEKEGFOK_01389,70,0.3225806451612903
1138,SAMN02649746|IEKEGFOK_01390,65,0.2995391705069124
1139,SAMN02649746|IEKEGFOK_01391,207,0.9539170506912442
1140,SAMN02649746|IEKEGFOK_01392,196,0.9032258064516129
1141,SAMN02649746|IEKEGFOK_01393,217,1.0
1142,SAMN02649746|IEKEGFOK_01394,217,1.0
1143,SAMN02649746|IEKEGFOK_01395,217,1.0
1144,SAMN02649746|IEKEGFOK_01396,217,1.0
1145,SAMN02649746|IEKEGFOK_01398,217,1.0
1146,SAMN02649746|IEKEGFOK_01399,216,0.9953917050691244
1147,SAMN02649746|IEKEGFOK_01403,166,0.7649769585253456
1148,SAMN02649746|IEKEGFOK_01404,181,0.8341013824884793
1149,SAMN02649746|IEKEGFOK_01406,217,1.0
1150,SAMN02649746|IEKEGFOK_01407,215,0.9907834101382489
1151,SAMN02649746|IEKEGFOK_01408,217,1.0
1152,SAMN02649746|IEKEGFOK_01409,217,1.0
1153,SAMN02649746|IEKEGFOK_01411,216,0.9953917050691244
1154,SAMN02649746|IEKEGFOK_01412,216,0.9953917050691244
1155,SAMN02649746|IEKEGFOK_01413,216,0.9953917050691244
1156,SAMN02649746|IEKEGFOK_01415,217,1.0
1157,SAMN02649746|IEKEGFOK_01417,217,1.0
1158,SAMN02649746|IEKEGFOK_01419,217,1.0
1159,SAMN02649746|IEKEGFOK_01420,216,0.9953917050691244
1160,SAMN02649746|IEKEGFOK_01421,217,1.0
1161,SAMN02649746|IEKEGFOK_01422,212,0.9769585253456221
1162,SAMN02649746|IEKEGFOK_01423,217,1.0
1163,SAMN02649746|IEKEGFOK_01424,217,1.0
1164,SAMN02649746|IEKEGFOK_01425,15,0.06912442396313365
1165,SAMN02649746|IEKEGFOK_01426,217,1.0
1166,SAMN02649746|IEKEGFOK_01428,215,0.9907834101382489
1167,SAMN02649746|IEKEGFOK_01429,215,0.9907834101382489
1168,SAMN02649746|IEKEGFOK_01430,215,0.9907834101382489
1169,SAMN02649746|IEKEGFOK_01432,215,0.9907834101382489
1170,SAMN02649746|IEKEGFOK_01433,216,0.9953917050691244
1171,SAMN02649746|IEKEGFOK_01434,215,0.9907834101382489
1172,SAMN02649746|IEKEGFOK_01435,217,1.0
1173,SAMN02649746|IEKEGFOK_01436,216,0.9953917050691244
1174,SAMN02649746|IEKEGFOK_01437,217,1.0
1175,SAMN02649746|IEKEGFOK_01438,217,1.0
1176,SAMN02649746|IEKEGFOK_01439,217,1.0
1177,SAMN02649746|IEKEGFOK_01440,215,0.9907834101382489
1178,SAMN02649746|IEKEGFOK_01441,217,1.0
1179,SAMN02649746|IEKEGFOK_01442,217,1.0
1180,SAMN02649746|IEKEGFOK_01443,214,0.9861751152073732
1181,SAMN02649746|IEKEGFOK_01445,217,1.0
1182,SAMN02649746|IEKEGFOK_01448,5,0.02304147465437788
1183,SAMN02649746|IEKEGFOK_01449,215,0.9907834101382489
1184,SAMN02649746|IEKEGFOK_01452,217,1.0
1185,SAMN02649746|IEKEGFOK_01455,217,1.0
1186,SAMN02649746|IEKEGFOK_01456,217,1.0
1187,SAMN02649746|IEKEGFOK_01457,216,0.9953917050691244
1188,SAMN02649746|IEKEGFOK_01458,213,0.9815668202764977
1189,SAMN02649746|IEKEGFOK_01460,215,0.9907834101382489
1190,SAMN02649746|IEKEGFOK_01461,217,1.0
1191,SAMN02649746|IEKEGFOK_01462,217,1.0
1192,SAMN02649746|IEKEGFOK_01463,217,1.0
1193,SAMN02649746|IEKEGFOK_01464,217,1.0
1194,SAMN02649746|IEKEGFOK_01465,217,1.0
1195,SAMN02649746|IEKEGFOK_01466,214,0.9861751152073732
1196,SAMN02649746|IEKEGFOK_01467,216,0.9953917050691244
1197,SAMN02649746|IEKEGFOK_01468,191,0.880184331797235
1198,SAMN02649746|IEKEGFOK_01472,169,0.7788018433179723
1199,SAMN02649746|IEKEGFOK_01477,214,0.9861751152073732
1200,SAMN02649746|IEKEGFOK_01479,2,0.009216589861751152
1201,SAMN02649746|IEKEGFOK_01480,2,0.009216589861751152
1202,SAMN02649746|IEKEGFOK_01481,172,0.7926267281105991
1203,SAMN02649746|IEKEGFOK_01483,211,0.9723502304147466
1204,SAMN02649746|IEKEGFOK_01485,206,0.9493087557603687
1205,SAMN02649746|IEKEGFOK_01487,213,0.9815668202764977
1206,SAMN02649746|IEKEGFOK_01490,176,0.8110599078341014
1207,SAMN02649746|IEKEGFOK_01491,11,0.05069124423963134
1208,SAMN02649746|IEKEGFOK_01492,216,0.9953917050691244
1209,SAMN02649746|IEKEGFOK_01493,215,0.9907834101382489
1210,SAMN02649746|IEKEGFOK_01494,205,0.9447004608294931
1211,SAMN02649746|IEKEGFOK_01495,11,0.05069124423963134
1212,SAMN02649746|IEKEGFOK_01496,10,0.04608294930875576
1213,SAMN02649746|IEKEGFOK_01497,7,0.03225806451612903
1214,SAMN02649746|IEKEGFOK_01498,6,0.027649769585253458
1215,SAMN02649746|IEKEGFOK_01499,11,0.05069124423963134
1216,SAMN02649746|IEKEGFOK_01500,21,0.0967741935483871
1217,SAMN02649746|IEKEGFOK_01501,10,0.04608294930875576
1218,SAMN02649746|IEKEGFOK_01502,24,0.11059907834101383
1219,SAMN02649746|IEKEGFOK_01504,216,0.9953917050691244
1220,SAMN02649746|IEKEGFOK_01505,217,1.0
1221,SAMN02649746|IEKEGFOK_01506,215,0.9907834101382489
1222,SAMN02649746|IEKEGFOK_01509,216,0.9953917050691244
1223,SAMN02649746|IEKEGFOK_01510,217,1.0
1224,SAMN02649746|IEKEGFOK_01511,216,0.9953917050691244
1225,SAMN02649746|IEKEGFOK_01513,216,0.9953917050691244
1226,SAMN02649746|IEKEGFOK_01514,215,0.9907834101382489
1227,SAMN02649746|IEKEGFOK_01516,214,0.9861751152073732
1228,SAMN02649746|IEKEGFOK_01517,208,0.9585253456221198
1229,SAMN02649746|IEKEGFOK_01518,217,1.0
1230,SAMN02649746|IEKEGFOK_01520,215,0.9907834101382489
1231,SAMN02649746|IEKEGFOK_01521,216,0.9953917050691244
1232,SAMN02649746|IEKEGFOK_01523,187,0.8617511520737328
1233,SAMN02649746|IEKEGFOK_01524,2,0.009216589861751152
1234,SAMN02649746|IEKEGFOK_01525,168,0.7741935483870968
1235,SAMN02649746|IEKEGFOK_01526,217,1.0
1236,SAMN02649746|IEKEGFOK_01527,217,1.0
1237,SAMN02649746|IEKEGFOK_01528,216,0.9953917050691244
1238,SAMN02649746|IEKEGFOK_01529,216,0.9953917050691244
1239,SAMN02649746|IEKEGFOK_01530,217,1.0
1240,SAMN02649746|IEKEGFOK_01531,217,1.0
1241,SAMN02649746|IEKEGFOK_01533,217,1.0
1242,SAMN02649746|IEKEGFOK_01534,216,0.9953917050691244
1243,SAMN02649746|IEKEGFOK_01535,213,0.9815668202764977
1244,SAMN02649746|IEKEGFOK_01536,216,0.9953917050691244
1245,SAMN02649746|IEKEGFOK_01537,217,1.0
1246,SAMN02649746|IEKEGFOK_01538,213,0.9815668202764977
1247,SAMN02649746|IEKEGFOK_01539,217,1.0
1248,SAMN02649746|IEKEGFOK_01540,212,0.9769585253456221
1249,SAMN02649746|IEKEGFOK_01541,216,0.9953917050691244
1250,SAMN02649746|IEKEGFOK_01542,215,0.9907834101382489
1251,SAMN02649746|IEKEGFOK_01543,213,0.9815668202764977
1252,SAMN02649746|IEKEGFOK_01544,217,1.0
1253,SAMN02649746|IEKEGFOK_01546,217,1.0
1254,SAMN02649746|IEKEGFOK_01547,160,0.7373271889400922
1255,SAMN02649746|IEKEGFOK_01548,216,0.9953917050691244
1256,SAMN02649746|IEKEGFOK_01549,210,0.967741935483871
1257,SAMN02649746|IEKEGFOK_01550,214,0.9861751152073732
1258,SAMN02649746|IEKEGFOK_01552,217,1.0
1259,SAMN02649746|IEKEGFOK_01553,195,0.8986175115207373
1260,SAMN02649746|IEKEGFOK_01555,213,0.9815668202764977
1261,SAMN02649746|IEKEGFOK_01556,216,0.9953917050691244
1262,SAMN02649746|IEKEGFOK_01558,214,0.9861751152073732
1263,SAMN02649746|IEKEGFOK_01559,216,0.9953917050691244
1264,SAMN02649746|IEKEGFOK_01560,217,1.0
1265,SAMN02649746|IEKEGFOK_01561,217,1.0
1266,SAMN02649746|IEKEGFOK_01562,217,1.0
1267,SAMN02649746|IEKEGFOK_01563,217,1.0
1268,SAMN02649746|IEKEGFOK_01564,195,0.8986175115207373
1269,SAMN02649746|IEKEGFOK_01565,214,0.9861751152073732
1270,SAMN02649746|IEKEGFOK_01567,216,0.9953917050691244
1271,SAMN02649746|IEKEGFOK_01568,217,1.0
1272,SAMN02649746|IEKEGFOK_01569,216,0.9953917050691244
1273,SAMN02649746|IEKEGFOK_01571,217,1.0
1274,SAMN02649746|IEKEGFOK_01573,217,1.0
1275,SAMN02649746|IEKEGFOK_01574,217,1.0
1276,SAMN02649746|IEKEGFOK_01575,217,1.0
1277,SAMN02649746|IEKEGFOK_01577,217,1.0
1278,SAMN02649746|IEKEGFOK_01579,208,0.9585253456221198
1279,SAMN02649746|IEKEGFOK_01580,217,1.0
1280,SAMN02649746|IEKEGFOK_01581,215,0.9907834101382489
1281,SAMN02649746|IEKEGFOK_01582,217,1.0
1282,SAMN02649746|IEKEGFOK_01583,216,0.9953917050691244
1283,SAMN02649746|IEKEGFOK_01584,216,0.9953917050691244
1284,SAMN02649746|IEKEGFOK_01585,217,1.0
1285,SAMN02649746|IEKEGFOK_01588,215,0.9907834101382489
1286,SAMN02649746|IEKEGFOK_01589,210,0.967741935483871
1287,SAMN02649746|IEKEGFOK_01591,211,0.9723502304147466
1288,SAMN02649746|IEKEGFOK_01593,155,0.7142857142857143
1289,SAMN02649746|IEKEGFOK_01594,191,0.880184331797235
1290,SAMN02649746|IEKEGFOK_01595,213,0.9815668202764977
1291,SAMN02649746|IEKEGFOK_01597,217,1.0
1292,SAMN02649746|IEKEGFOK_01598,203,0.9354838709677419
1293,SAMN02649746|IEKEGFOK_01599,215,0.9907834101382489
1294,SAMN02649746|IEKEGFOK_01600,216,0.9953917050691244
1295,SAMN02649746|IEKEGFOK_01603,216,0.9953917050691244
1296,SAMN02649746|IEKEGFOK_01606,216,0.9953917050691244
1297,SAMN02649746|IEKEGFOK_01607,216,0.9953917050691244
1298,SAMN02649746|IEKEGFOK_01608,217,1.0
1299,SAMN02649746|IEKEGFOK_01609,217,1.0
1300,SAMN02649746|IEKEGFOK_01610,217,1.0
1301,SAMN02649746|IEKEGFOK_01611,209,0.9631336405529954
1302,SAMN02649746|IEKEGFOK_01612,210,0.967741935483871
1303,SAMN02649746|IEKEGFOK_01614,215,0.9907834101382489
1304,SAMN02649746|IEKEGFOK_01615,210,0.967741935483871
1305,SAMN02649746|IEKEGFOK_01616,211,0.9723502304147466
1306,SAMN02649746|IEKEGFOK_01617,194,0.8940092165898618
1307,SAMN02649746|IEKEGFOK_01618,179,0.8248847926267281
1308,SAMN02649746|IEKEGFOK_01619,165,0.7603686635944701
1309,SAMN02649746|IEKEGFOK_01620,161,0.7419354838709677
1310,SAMN02649746|IEKEGFOK_01621,197,0.9078341013824884
1311,SAMN02649746|IEKEGFOK_01622,178,0.8202764976958525
1312,SAMN02649746|IEKEGFOK_01623,208,0.9585253456221198
1313,SAMN02649746|IEKEGFOK_01624,101,0.46543778801843316
1314,SAMN02649746|IEKEGFOK_01626,144,0.663594470046083
1315,SAMN02649746|IEKEGFOK_01627,2,0.009216589861751152
1316,SAMN02649746|IEKEGFOK_01628,11,0.05069124423963134
1317,SAMN02649746|IEKEGFOK_01629,1,0.004608294930875576
1318,SAMN02649746|IEKEGFOK_01630,1,0.004608294930875576
1319,SAMN02649746|IEKEGFOK_01631,12,0.055299539170506916
1320,SAMN02649746|IEKEGFOK_01632,2,0.009216589861751152
1321,SAMN02649746|IEKEGFOK_01633,2,0.009216589861751152
1322,SAMN02649746|IEKEGFOK_01634,2,0.009216589861751152
1323,SAMN02649746|IEKEGFOK_01635,2,0.009216589861751152
1324,SAMN02649746|IEKEGFOK_01636,2,0.009216589861751152
1325,SAMN02649746|IEKEGFOK_01637,2,0.009216589861751152
1326,SAMN02649746|IEKEGFOK_01638,2,0.009216589861751152
1327,SAMN02649746|IEKEGFOK_01639,2,0.009216589861751152
1328,SAMN02649746|IEKEGFOK_01640,2,0.009216589861751152
1329,SAMN02649746|IEKEGFOK_01641,2,0.009216589861751152
1330,SAMN02649746|IEKEGFOK_01642,2,0.009216589861751152
1331,SAMN02649746|IEKEGFOK_01643,2,0.009216589861751152
1332,SAMN02649746|IEKEGFOK_01644,2,0.009216589861751152
1333,SAMN02649746|IEKEGFOK_01645,2,0.009216589861751152
1334,SAMN02649746|IEKEGFOK_01646,1,0.004608294930875576
1335,SAMN02649746|IEKEGFOK_01647,1,0.004608294930875576
1336,SAMN02649746|IEKEGFOK_01648,2,0.009216589861751152
1337,SAMN02649746|IEKEGFOK_01649,29,0.1336405529953917
1338,SAMN02649746|IEKEGFOK_01651,13,0.059907834101382486
1339,SAMN02649746|IEKEGFOK_01652,12,0.055299539170506916
1340,SAMN02649746|IEKEGFOK_01653,14,0.06451612903225806
1341,SAMN02649746|IEKEGFOK_01655,13,0.059907834101382486
1342,SAMN02649746|IEKEGFOK_01656,15,0.06912442396313365
1343,SAMN02649746|IEKEGFOK_01657,15,0.06912442396313365
1344,SAMN02649746|IEKEGFOK_01658,13,0.059907834101382486
1345,SAMN02649746|IEKEGFOK_01660,14,0.06451612903225806
1346,SAMN02649746|IEKEGFOK_01663,52,0.23963133640552994
1347,SAMN02649746|IEKEGFOK_01664,28,0.12903225806451613
1348,SAMN02649746|IEKEGFOK_01665,19,0.08755760368663594
1349,SAMN02649746|IEKEGFOK_01667,22,0.10138248847926268
1350,SAMN02649746|IEKEGFOK_01669,15,0.06912442396313365
1351,SAMN02649746|IEKEGFOK_01670,15,0.06912442396313365
1352,SAMN02649746|IEKEGFOK_01671,15,0.06912442396313365
1353,SAMN02649746|IEKEGFOK_01672,16,0.07373271889400922
1354,SAMN02649746|IEKEGFOK_01674,14,0.06451612903225806
1355,SAMN02649746|IEKEGFOK_01675,11,0.05069124423963134
1356,SAMN02649746|IEKEGFOK_01676,19,0.08755760368663594
1357,SAMN02649746|IEKEGFOK_01677,24,0.11059907834101383
1358,SAMN02649746|IEKEGFOK_01678,11,0.05069124423963134
1359,SAMN02649746|IEKEGFOK_01679,216,0.9953917050691244
1360,SAMN02649746|IEKEGFOK_01680,214,0.9861751152073732
1361,SAMN02649746|IEKEGFOK_01682,211,0.9723502304147466
1362,SAMN02649746|IEKEGFOK_01683,216,0.9953917050691244
1363,SAMN02649746|IEKEGFOK_01684,216,0.9953917050691244
1364,SAMN02649746|IEKEGFOK_01685,214,0.9861751152073732
1365,SAMN02649746|IEKEGFOK_01686,209,0.9631336405529954
1366,SAMN02649746|IEKEGFOK_01687,217,1.0
1367,SAMN02649746|IEKEGFOK_01688,217,1.0
1368,SAMN02649746|IEKEGFOK_01690,212,0.9769585253456221
1369,SAMN02649746|IEKEGFOK_01691,199,0.9170506912442397
1370,SAMN02649746|IEKEGFOK_01692,215,0.9907834101382489
1371,SAMN02649746|IEKEGFOK_01693,214,0.9861751152073732
1372,SAMN02649746|IEKEGFOK_01694,217,1.0
1373,SAMN02649746|IEKEGFOK_01695,216,0.9953917050691244
1374,SAMN02649746|IEKEGFOK_01697,213,0.9815668202764977
1375,SAMN02649746|IEKEGFOK_01698,217,1.0
1376,SAMN02649746|IEKEGFOK_01699,216,0.9953917050691244
1377,SAMN02649746|IEKEGFOK_01700,203,0.9354838709677419
1378,SAMN02649746|IEKEGFOK_01702,217,1.0
1379,SAMN02649746|IEKEGFOK_01703,217,1.0
1380,SAMN02649746|IEKEGFOK_01705,193,0.8894009216589862
1381,SAMN02649746|IEKEGFOK_01707,217,1.0
1382,SAMN02649746|IEKEGFOK_01708,217,1.0
1383,SAMN02649746|IEKEGFOK_01709,216,0.9953917050691244
1384,SAMN02649746|IEKEGFOK_01710,210,0.967741935483871
1385,SAMN02649746|IEKEGFOK_01711,213,0.9815668202764977
1386,SAMN02649746|IEKEGFOK_01712,214,0.9861751152073732
1387,SAMN02649746|IEKEGFOK_01714,217,1.0
1388,SAMN02649746|IEKEGFOK_01715,217,1.0
1389,SAMN02649746|IEKEGFOK_01716,216,0.9953917050691244
1390,SAMN02649746|IEKEGFOK_01717,212,0.9769585253456221
1391,SAMN02649746|IEKEGFOK_01718,216,0.9953917050691244
1392,SAMN02649746|IEKEGFOK_01719,208,0.9585253456221198
1393,SAMN02649746|IEKEGFOK_01720,212,0.9769585253456221
1394,SAMN02649746|IEKEGFOK_01721,211,0.9723502304147466
1395,SAMN02649746|IEKEGFOK_01722,217,1.0
1396,SAMN02649746|IEKEGFOK_01723,217,1.0
1397,SAMN02649746|IEKEGFOK_01724,217,1.0
1398,SAMN02649746|IEKEGFOK_01725,216,0.9953917050691244
1399,SAMN02649746|IEKEGFOK_01726,217,1.0
1400,SAMN02649746|IEKEGFOK_01727,213,0.9815668202764977
1401,SAMN02649746|IEKEGFOK_01728,215,0.9907834101382489
1402,SAMN02649746|IEKEGFOK_01729,217,1.0
1403,SAMN02649746|IEKEGFOK_01730,217,1.0
1404,SAMN02649746|IEKEGFOK_01731,217,1.0
1405,SAMN02649746|IEKEGFOK_01733,217,1.0
1406,SAMN02649746|IEKEGFOK_01734,215,0.9907834101382489
1407,SAMN02649746|IEKEGFOK_01735,217,1.0
1408,SAMN02649746|IEKEGFOK_01736,215,0.9907834101382489
1409,SAMN02649746|IEKEGFOK_01738,213,0.9815668202764977
1410,SAMN02649746|IEKEGFOK_01739,11,0.05069124423963134
1411,SAMN02649746|IEKEGFOK_01740,217,1.0
1412,SAMN02649746|IEKEGFOK_01741,217,1.0
1413,SAMN02649746|IEKEGFOK_01742,215,0.9907834101382489
1414,SAMN02649746|IEKEGFOK_01743,216,0.9953917050691244
1415,SAMN02649746|IEKEGFOK_01744,201,0.9262672811059908
1416,SAMN02649746|IEKEGFOK_01745,216,0.9953917050691244
1417,SAMN02649746|IEKEGFOK_01746,217,1.0
1418,SAMN02649746|IEKEGFOK_01747,217,1.0
1419,SAMN02649746|IEKEGFOK_01748,215,0.9907834101382489
1420,SAMN02649746|IEKEGFOK_01749,216,0.9953917050691244
1421,SAMN02649746|IEKEGFOK_01750,216,0.9953917050691244
1422,SAMN02649746|IEKEGFOK_01751,217,1.0
1423,SAMN02649746|IEKEGFOK_01752,217,1.0
1424,SAMN02649746|IEKEGFOK_01753,217,1.0
1425,SAMN02649746|IEKEGFOK_01754,204,0.9400921658986175
1426,SAMN02649746|IEKEGFOK_01755,217,1.0
1427,SAMN02649746|IEKEGFOK_01756,215,0.9907834101382489
1428,SAMN02649746|IEKEGFOK_01757,217,1.0
1429,SAMN02649746|IEKEGFOK_01758,216,0.9953917050691244
1430,SAMN02649746|IEKEGFOK_01759,217,1.0
1431,SAMN02649746|IEKEGFOK_01760,217,1.0
1432,SAMN02649746|IEKEGFOK_01761,215,0.9907834101382489
1433,SAMN02649746|IEKEGFOK_01762,214,0.9861751152073732
1434,SAMN02649746|IEKEGFOK_01764,217,1.0
1435,SAMN02649746|IEKEGFOK_01765,217,1.0
1436,SAMN02649746|IEKEGFOK_01766,217,1.0
1437,SAMN02649746|IEKEGFOK_01767,215,0.9907834101382489
1438,SAMN02649746|IEKEGFOK_01768,7,0.03225806451612903
1439,SAMN02649746|IEKEGFOK_01769,217,1.0
1440,SAMN02649746|IEKEGFOK_01770,205,0.9447004608294931
1441,SAMN02649746|IEKEGFOK_01772,217,1.0
1442,SAMN02649746|IEKEGFOK_01773,217,1.0
1443,SAMN02649746|IEKEGFOK_01774,217,1.0
1444,SAMN02649746|IEKEGFOK_01775,217,1.0
1445,SAMN02649746|IEKEGFOK_01777,217,1.0
1446,SAMN02649746|IEKEGFOK_01778,217,1.0
1447,SAMN02649746|IEKEGFOK_01779,217,1.0
1448,SAMN02649746|IEKEGFOK_01780,217,1.0
1449,SAMN02649746|IEKEGFOK_01781,217,1.0
1450,SAMN02649746|IEKEGFOK_01782,217,1.0
1451,SAMN02649746|IEKEGFOK_01783,217,1.0
1452,SAMN02649746|IEKEGFOK_01784,215,0.9907834101382489
1453,SAMN02649746|IEKEGFOK_01785,217,1.0
1454,SAMN02649746|IEKEGFOK_01787,216,0.9953917050691244
1455,SAMN02649746|IEKEGFOK_01788,177,0.815668202764977
1456,SAMN02649746|IEKEGFOK_01789,216,0.9953917050691244
1457,SAMN02649746|IEKEGFOK_01790,217,1.0
1458,SAMN02649746|IEKEGFOK_01791,215,0.9907834101382489
1459,SAMN02649746|IEKEGFOK_01792,213,0.9815668202764977
1460,SAMN02649746|IEKEGFOK_01793,216,0.9953917050691244
1461,SAMN02649746|IEKEGFOK_01794,102,0.4700460829493088
1462,SAMN02649746|IEKEGFOK_01795,98,0.45161290322580644
1463,SAMN02649746|IEKEGFOK_01797,93,0.42857142857142855
1464,SAMN02649746|IEKEGFOK_01798,104,0.4792626728110599
1465,SAMN02649746|IEKEGFOK_01799,102,0.4700460829493088
1466,SAMN02649746|IEKEGFOK_01800,106,0.48847926267281105
1467,SAMN02649746|IEKEGFOK_01801,102,0.4700460829493088
1468,SAMN02649746|IEKEGFOK_01802,104,0.4792626728110599
1469,SAMN02649746|IEKEGFOK_01804,199,0.9170506912442397
1470,SAMN02649746|IEKEGFOK_01805,217,1.0
1471,SAMN02649746|IEKEGFOK_01806,217,1.0
1472,SAMN02649746|IEKEGFOK_01807,208,0.9585253456221198
1473,SAMN02649746|IEKEGFOK_01808,217,1.0
1474,SAMN02649746|IEKEGFOK_01809,217,1.0
1475,SAMN02649746|IEKEGFOK_01810,216,0.9953917050691244
1476,SAMN02649746|IEKEGFOK_01811,217,1.0
1477,SAMN02649746|IEKEGFOK_01813,216,0.9953917050691244
1478,SAMN02649746|IEKEGFOK_01814,216,0.9953917050691244
1479,SAMN02649746|IEKEGFOK_01815,217,1.0
1480,SAMN02649746|IEKEGFOK_01817,215,0.9907834101382489
1481,SAMN02649746|IEKEGFOK_01818,217,1.0
1482,SAMN02649746|IEKEGFOK_01819,214,0.9861751152073732
1483,SAMN02649746|IEKEGFOK_01820,216,0.9953917050691244
1484,SAMN02649746|IEKEGFOK_01822,195,0.8986175115207373
1485,SAMN02649746|IEKEGFOK_01823,215,0.9907834101382489
1486,SAMN02649746|IEKEGFOK_01824,216,0.9953917050691244
1487,SAMN02649746|IEKEGFOK_01825,217,1.0
1488,SAMN02649746|IEKEGFOK_01826,216,0.9953917050691244
1489,SAMN02649746|IEKEGFOK_01827,217,1.0
1490,SAMN02649746|IEKEGFOK_01828,216,0.9953917050691244
1491,SAMN02649746|IEKEGFOK_01829,217,1.0
1492,SAMN02649746|IEKEGFOK_01830,217,1.0
1493,SAMN02649746|IEKEGFOK_01831,217,1.0
1494,SAMN02649746|IEKEGFOK_01832,217,1.0
1495,SAMN02649746|IEKEGFOK_01833,217,1.0
1496,SAMN02649746|IEKEGFOK_01834,215,0.9907834101382489
1497,SAMN02649746|IEKEGFOK_01836,217,1.0
1498,SAMN02649746|IEKEGFOK_01837,214,0.9861751152073732
1499,SAMN02649746|IEKEGFOK_01838,157,0.7235023041474654
1500,SAMN02649746|IEKEGFOK_01839,160,0.7373271889400922
1501,SAMN02649746|IEKEGFOK_01840,162,0.7465437788018433
1502,SAMN02649746|IEKEGFOK_01841,164,0.7557603686635944
1503,SAMN02649746|IEKEGFOK_01842,216,0.9953917050691244
1504,SAMN02649746|IEKEGFOK_01843,216,0.9953917050691244
1505,SAMN02649746|IEKEGFOK_01844,214,0.9861751152073732
1506,SAMN02649746|IEKEGFOK_01845,184,0.847926267281106
1507,SAMN02649746|IEKEGFOK_01846,216,0.9953917050691244
1508,SAMN02649746|IEKEGFOK_01847,216,0.9953917050691244
1509,SAMN02649746|IEKEGFOK_01848,202,0.9308755760368663
1510,SAMN02649746|IEKEGFOK_01849,215,0.9907834101382489
1511,SAMN02649746|IEKEGFOK_01850,131,0.6036866359447005
1512,SAMN02649746|IEKEGFOK_01852,217,1.0
1513,SAMN02649746|IEKEGFOK_01853,216,0.9953917050691244
1514,SAMN02649746|IEKEGFOK_01854,217,1.0
1515,SAMN02649746|IEKEGFOK_01855,216,0.9953917050691244
1516,SAMN02649746|IEKEGFOK_01856,217,1.0
1517,SAMN02649746|IEKEGFOK_01857,217,1.0
1518,SAMN02649746|IEKEGFOK_01858,217,1.0
1519,SAMN02649746|IEKEGFOK_01859,217,1.0
1520,SAMN02649746|IEKEGFOK_01860,215,0.9907834101382489
1521,SAMN02649746|IEKEGFOK_01861,215,0.9907834101382489
1522,SAMN02649746|IEKEGFOK_01863,215,0.9907834101382489
1523,SAMN02649746|IEKEGFOK_01864,216,0.9953917050691244
1524,SAMN02649746|IEKEGFOK_01865,217,1.0
1525,SAMN02649746|IEKEGFOK_01866,210,0.967741935483871
1526,SAMN02649746|IEKEGFOK_01868,214,0.9861751152073732
1527,SAMN02649746|IEKEGFOK_01869,217,1.0
1528,SAMN02649746|IEKEGFOK_01871,217,1.0
1529,SAMN02649746|IEKEGFOK_01873,216,0.9953917050691244
1530,SAMN02649746|IEKEGFOK_01874,211,0.9723502304147466
1531,SAMN02649746|IEKEGFOK_01875,207,0.9539170506912442
1532,SAMN02649746|IEKEGFOK_01877,213,0.9815668202764977
1533,SAMN02649746|IEKEGFOK_01879,214,0.9861751152073732
1534,SAMN02649746|IEKEGFOK_01880,217,1.0
1535,SAMN02649746|IEKEGFOK_01881,217,1.0
1536,SAMN02649746|IEKEGFOK_01882,215,0.9907834101382489
1537,SAMN02649746|IEKEGFOK_01883,215,0.9907834101382489
1538,SAMN02649746|IEKEGFOK_01884,214,0.9861751152073732
1539,SAMN02649746|IEKEGFOK_01885,217,1.0
1540,SAMN02649746|IEKEGFOK_01886,217,1.0
1541,SAMN02649746|IEKEGFOK_01887,215,0.9907834101382489
1542,SAMN02649746|IEKEGFOK_01888,213,0.9815668202764977
1543,SAMN02649746|IEKEGFOK_01889,209,0.9631336405529954
1544,SAMN02649746|IEKEGFOK_01893,213,0.9815668202764977
1545,SAMN02649746|IEKEGFOK_01895,188,0.8663594470046083
1546,SAMN02649746|IEKEGFOK_01896,177,0.815668202764977
1547,SAMN02649746|IEKEGFOK_01897,205,0.9447004608294931
1548,SAMN02649746|IEKEGFOK_01898,162,0.7465437788018433
1549,SAMN02649746|IEKEGFOK_01899,215,0.9907834101382489
1550,SAMN02649746|IEKEGFOK_01900,203,0.9354838709677419
1551,SAMN02649746|IEKEGFOK_01901,216,0.9953917050691244
1552,SAMN02649746|IEKEGFOK_01902,216,0.9953917050691244
1553,SAMN02649746|IEKEGFOK_01904,215,0.9907834101382489
1554,SAMN02649746|IEKEGFOK_01906,216,0.9953917050691244
1555,SAMN02649746|IEKEGFOK_01907,212,0.9769585253456221
1556,SAMN02649746|IEKEGFOK_01908,217,1.0
1557,SAMN02649746|IEKEGFOK_01909,216,0.9953917050691244
1558,SAMN02649746|IEKEGFOK_01910,217,1.0
1559,SAMN02649746|IEKEGFOK_01911,217,1.0
1560,SAMN02649746|IEKEGFOK_01912,209,0.9631336405529954
1561,SAMN02649746|IEKEGFOK_01915,202,0.9308755760368663
1562,SAMN02649746|IEKEGFOK_01916,2,0.009216589861751152
1563,SAMN02649746|IEKEGFOK_01917,2,0.009216589861751152
1564,SAMN02649746|IEKEGFOK_01918,6,0.027649769585253458
1565,SAMN02649746|IEKEGFOK_01919,2,0.009216589861751152
1566,SAMN02649746|IEKEGFOK_01920,26,0.11981566820276497
1567,SAMN02649746|IEKEGFOK_01921,2,0.009216589861751152
1568,SAMN02649746|IEKEGFOK_01922,2,0.009216589861751152
1569,SAMN02649746|IEKEGFOK_01923,1,0.004608294930875576
1570,SAMN02649746|IEKEGFOK_01924,1,0.004608294930875576
1571,SAMN02649746|IEKEGFOK_01925,2,0.009216589861751152
1572,SAMN02649746|IEKEGFOK_01927,2,0.009216589861751152
1573,SAMN02649746|IEKEGFOK_01928,109,0.5023041474654378
1574,SAMN02649746|IEKEGFOK_01929,107,0.4930875576036866
1575,SAMN02649746|IEKEGFOK_01930,99,0.45622119815668205
1576,SAMN02649746|IEKEGFOK_01931,143,0.6589861751152074
1577,SAMN02649746|IEKEGFOK_01932,108,0.4976958525345622
1578,SAMN02649746|IEKEGFOK_01933,133,0.6129032258064516
1579,SAMN02649746|IEKEGFOK_01934,110,0.5069124423963134
1580,SAMN02649746|IEKEGFOK_01935,117,0.5391705069124424
1581,SAMN02649746|IEKEGFOK_01936,105,0.4838709677419355
1582,SAMN02649746|IEKEGFOK_01939,125,0.576036866359447
1583,SAMN02649746|IEKEGFOK_01940,119,0.5483870967741935
1584,SAMN02649746|IEKEGFOK_01949,217,1.0
1585,SAMN02649746|IEKEGFOK_01950,217,1.0
1586,SAMN02649746|IEKEGFOK_01951,217,1.0
1587,SAMN02649746|IEKEGFOK_01952,217,1.0
1588,SAMN02649746|IEKEGFOK_01954,207,0.9539170506912442
1589,SAMN02649746|IEKEGFOK_01955,217,1.0
1590,SAMN02649746|IEKEGFOK_01956,217,1.0
1591,SAMN02649746|IEKEGFOK_01957,217,1.0
1592,SAMN02649746|IEKEGFOK_01958,176,0.8110599078341014
1593,SAMN02649746|IEKEGFOK_01960,217,1.0
1594,SAMN02649746|IEKEGFOK_01961,210,0.967741935483871
1595,SAMN02649746|IEKEGFOK_01962,214,0.9861751152073732
1596,SAMN02649746|IEKEGFOK_01963,217,1.0
1597,SAMN02649746|IEKEGFOK_01964,214,0.9861751152073732
1598,SAMN02649746|IEKEGFOK_01965,217,1.0
1599,SAMN02649746|IEKEGFOK_01966,214,0.9861751152073732
1600,SAMN02649746|IEKEGFOK_01967,217,1.0
1601,SAMN02649746|IEKEGFOK_01968,216,0.9953917050691244
1602,SAMN02649746|IEKEGFOK_01969,214,0.9861751152073732
1603,SAMN02649746|IEKEGFOK_01970,205,0.9447004608294931
1604,SAMN02649746|IEKEGFOK_01972,212,0.9769585253456221
1605,SAMN02649746|IEKEGFOK_01973,215,0.9907834101382489
1606,SAMN02649746|IEKEGFOK_01974,216,0.9953917050691244
1607,SAMN02649746|IEKEGFOK_01975,214,0.9861751152073732
1608,SAMN02649746|IEKEGFOK_01976,203,0.9354838709677419
1609,SAMN02649746|IEKEGFOK_01977,206,0.9493087557603687
1610,SAMN02649746|IEKEGFOK_02004,211,0.9723502304147466
1611,SAMN02649746|IEKEGFOK_02005,215,0.9907834101382489
1612,SAMN02649746|IEKEGFOK_02006,215,0.9907834101382489
1613,SAMN02649746|IEKEGFOK_02007,216,0.9953917050691244
1614,SAMN02649746|IEKEGFOK_02008,215,0.9907834101382489
1615,SAMN02649746|IEKEGFOK_02009,216,0.9953917050691244
1616,SAMN02649746|IEKEGFOK_02011,216,0.9953917050691244
1617,SAMN02649746|IEKEGFOK_02013,83,0.3824884792626728
1618,SAMN02649746|IEKEGFOK_02014,91,0.41935483870967744
1619,SAMN02649746|IEKEGFOK_02015,90,0.4147465437788018
1620,SAMN02649746|IEKEGFOK_02016,191,0.880184331797235
1621,SAMN02649746|IEKEGFOK_02017,212,0.9769585253456221
1622,SAMN02649746|IEKEGFOK_02018,212,0.9769585253456221
1623,SAMN02649746|IEKEGFOK_02020,209,0.9631336405529954
1624,SAMN02649746|IEKEGFOK_02023,29,0.1336405529953917
1625,SAMN02649746|IEKEGFOK_02024,12,0.055299539170506916
1626,SAMN02649746|IEKEGFOK_02025,15,0.06912442396313365
1627,SAMN02649746|IEKEGFOK_02026,29,0.1336405529953917
1628,SAMN02649746|IEKEGFOK_02027,35,0.16129032258064516
1629,SAMN02649746|IEKEGFOK_02028,46,0.2119815668202765
1630,SAMN02649746|IEKEGFOK_02029,25,0.1152073732718894
1631,SAMN02649746|IEKEGFOK_02030,61,0.28110599078341014
1632,SAMN02649746|IEKEGFOK_02032,34,0.15668202764976957
1633,SAMN02649746|IEKEGFOK_02033,76,0.35023041474654376
1634,SAMN02649746|IEKEGFOK_02035,25,0.1152073732718894
1635,SAMN02649746|IEKEGFOK_02037,79,0.3640552995391705
1636,SAMN02649746|IEKEGFOK_02039,2,0.009216589861751152
1637,SAMN02649746|IEKEGFOK_02040,4,0.018433179723502304
1638,SAMN02649746|IEKEGFOK_02046,211,0.9723502304147466
1639,SAMN02649746|IEKEGFOK_02049,182,0.8387096774193549
1640,SAMN02649746|IEKEGFOK_02050,25,0.1152073732718894
1641,SAMN02649746|IEKEGFOK_02051,185,0.8525345622119815
1642,SAMN02649746|IEKEGFOK_02052,57,0.2626728110599078
1643,SAMN02649746|IEKEGFOK_02053,53,0.24423963133640553
1644,SAMN02649746|IEKEGFOK_02054,65,0.2995391705069124
1645,SAMN02649746|IEKEGFOK_02056,62,0.2857142857142857
1646,SAMN02649746|IEKEGFOK_02057,63,0.2903225806451613
1647,SAMN02649746|IEKEGFOK_02059,71,0.3271889400921659
1648,SAMN02649746|IEKEGFOK_02060,23,0.10599078341013825
1649,SAMN02649746|IEKEGFOK_02063,2,0.009216589861751152
1650,SAMN02649746|IEKEGFOK_02065,156,0.7188940092165899
1651,SAMN02649746|IEKEGFOK_02067,105,0.4838709677419355
1652,SAMN02649746|IEKEGFOK_02069,157,0.7235023041474654
1653,SAMN02649746|IEKEGFOK_02070,1,0.004608294930875576
1654,SAMN02649746|IEKEGFOK_02071,1,0.004608294930875576
1655,SAMN02649746|IEKEGFOK_02072,161,0.7419354838709677
1656,SAMN02649746|IEKEGFOK_02076,11,0.05069124423963134
1657,SAMN02649746|IEKEGFOK_02078,43,0.19815668202764977
1658,SAMN02649746|IEKEGFOK_02080,15,0.06912442396313365
1659,SAMN02649746|IEKEGFOK_02081,86,0.39631336405529954
1660,SAMN02649746|IEKEGFOK_02082,114,0.5253456221198156
1661,SAMN02649746|IEKEGFOK_02083,170,0.783410138248848
1662,SAMN02649746|IEKEGFOK_02084,49,0.22580645161290322
1663,SAMN02649746|IEKEGFOK_02086,143,0.6589861751152074
1664,SAMN02649746|IEKEGFOK_02088,27,0.12442396313364056
1665,SAMN02649746|IEKEGFOK_02089,20,0.09216589861751152
1666,SAMN02649746|IEKEGFOK_02090,187,0.8617511520737328
1667,SAMN02649746|IEKEGFOK_02091,152,0.7004608294930875
1668,SAMN02649746|IEKEGFOK_02093,149,0.6866359447004609
1669,SAMN02649746|IEKEGFOK_02094,146,0.6728110599078341
1670,SAMN02649746|IEKEGFOK_02095,148,0.6820276497695853
1671,SAMN02649746|IEKEGFOK_02096,152,0.7004608294930875
1672,SAMN02649746|IEKEGFOK_02098,154,0.7096774193548387
1673,SAMN02649746|IEKEGFOK_02100,154,0.7096774193548387
1674,SAMN02649746|IEKEGFOK_02102,154,0.7096774193548387
1675,SAMN02649746|IEKEGFOK_02103,150,0.6912442396313364
1676,SAMN02649746|IEKEGFOK_02104,154,0.7096774193548387
1677,SAMN02649746|IEKEGFOK_02105,154,0.7096774193548387
1678,SAMN02649746|IEKEGFOK_02106,139,0.6405529953917051
1679,SAMN02649746|IEKEGFOK_02108,176,0.8110599078341014
1680,SAMN02649746|IEKEGFOK_02109,143,0.6589861751152074
1681,SAMN02649746|IEKEGFOK_02110,135,0.6221198156682027
1682,SAMN02649746|IEKEGFOK_02111,117,0.5391705069124424
1683,SAMN02649746|IEKEGFOK_02112,180,0.8294930875576036
1684,SAMN02649746|IEKEGFOK_02113,180,0.8294930875576036
1685,SAMN02649746|IEKEGFOK_02114,181,0.8341013824884793
1686,SAMN02649746|IEKEGFOK_02116,133,0.6129032258064516
1687,SAMN02649746|IEKEGFOK_02117,160,0.7373271889400922
1688,SAMN02649746|IEKEGFOK_02119,1,0.004608294930875576
1689,SAMN02649746|IEKEGFOK_02121,168,0.7741935483870968
1690,SAMN02649746|IEKEGFOK_02122,217,1.0
1691,SAMN02649746|IEKEGFOK_02123,213,0.9815668202764977
1692,SAMN02649746|IEKEGFOK_02124,214,0.9861751152073732
1693,SAMN02649746|IEKEGFOK_02125,217,1.0
1694,SAMN02649746|IEKEGFOK_02126,204,0.9400921658986175
1695,SAMN02649746|IEKEGFOK_02127,206,0.9493087557603687
1696,SAMN02649746|IEKEGFOK_02128,193,0.8894009216589862
1697,SAMN02649746|IEKEGFOK_02129,205,0.9447004608294931
1698,SAMN02649746|IEKEGFOK_02130,198,0.9124423963133641
1699,SAMN02649746|IEKEGFOK_02132,215,0.9907834101382489
1700,SAMN02649746|IEKEGFOK_02133,216,0.9953917050691244
1701,SAMN02649746|IEKEGFOK_02134,202,0.9308755760368663
1702,SAMN02649746|IEKEGFOK_02136,211,0.9723502304147466
1703,SAMN02649746|IEKEGFOK_02137,211,0.9723502304147466
1704,SAMN02649746|IEKEGFOK_02138,216,0.9953917050691244
1705,SAMN02649746|IEKEGFOK_02139,202,0.9308755760368663
1706,SAMN02649746|IEKEGFOK_02140,216,0.9953917050691244
1707,SAMN02649746|IEKEGFOK_02141,214,0.9861751152073732
1708,SAMN02649746|IEKEGFOK_02142,216,0.9953917050691244
1709,SAMN02649746|IEKEGFOK_02143,217,1.0
1710,SAMN02649746|IEKEGFOK_02144,203,0.9354838709677419
1711,SAMN02649746|IEKEGFOK_02145,199,0.9170506912442397
1712,SAMN02649746|IEKEGFOK_02147,197,0.9078341013824884
1713,SAMN02649746|IEKEGFOK_02148,215,0.9907834101382489
1714,SAMN02649746|IEKEGFOK_02150,217,1.0
1715,SAMN02649746|IEKEGFOK_02151,216,0.9953917050691244
1716,SAMN02649746|IEKEGFOK_02152,217,1.0
1717,SAMN02649746|IEKEGFOK_02153,216,0.9953917050691244
1718,SAMN02649746|IEKEGFOK_02155,217,1.0
1719,SAMN02649746|IEKEGFOK_02156,217,1.0
1720,SAMN02649746|IEKEGFOK_02158,217,1.0
1721,SAMN02649746|IEKEGFOK_02159,215,0.9907834101382489
1722,SAMN02649746|IEKEGFOK_02160,215,0.9907834101382489
1723,SAMN02649746|IEKEGFOK_02161,209,0.9631336405529954
1724,SAMN02649746|IEKEGFOK_02162,217,1.0
1725,SAMN02649746|IEKEGFOK_02163,214,0.9861751152073732
1726,SAMN02649746|IEKEGFOK_02165,217,1.0
1727,SAMN02649746|IEKEGFOK_02166,217,1.0
1728,SAMN02649746|IEKEGFOK_02167,216,0.9953917050691244
1729,SAMN02649746|IEKEGFOK_02168,214,0.9861751152073732
1730,SAMN02649746|IEKEGFOK_02169,214,0.9861751152073732
1731,SAMN02649746|IEKEGFOK_02170,215,0.9907834101382489
1732,SAMN02649746|IEKEGFOK_02171,216,0.9953917050691244
1733,SAMN02649746|IEKEGFOK_02172,217,1.0
1734,SAMN02649746|IEKEGFOK_02173,216,0.9953917050691244
1735,SAMN02649746|IEKEGFOK_02174,217,1.0
1736,SAMN02649746|IEKEGFOK_02175,217,1.0
1737,SAMN02649746|IEKEGFOK_02177,213,0.9815668202764977
1738,SAMN02649746|IEKEGFOK_02178,216,0.9953917050691244
1739,SAMN02649746|IEKEGFOK_02179,217,1.0
1740,SAMN02649746|IEKEGFOK_02180,216,0.9953917050691244
1741,SAMN02649746|IEKEGFOK_02181,217,1.0
1742,SAMN02649746|IEKEGFOK_02182,217,1.0
1743,SAMN02649746|IEKEGFOK_02183,208,0.9585253456221198
1744,SAMN02649746|IEKEGFOK_02184,199,0.9170506912442397
1745,SAMN02649746|IEKEGFOK_02185,217,1.0
1746,SAMN02649746|IEKEGFOK_02186,217,1.0
1747,SAMN02649746|IEKEGFOK_02187,212,0.9769585253456221
1748,SAMN02649746|IEKEGFOK_02188,216,0.9953917050691244
1749,SAMN02649746|IEKEGFOK_02189,217,1.0
1750,SAMN02649746|IEKEGFOK_02190,214,0.9861751152073732
1751,SAMN02649746|IEKEGFOK_02191,215,0.9907834101382489
1752,SAMN02649746|IEKEGFOK_02192,214,0.9861751152073732
1753,SAMN02649746|IEKEGFOK_02193,216,0.9953917050691244
1754,SAMN02649746|IEKEGFOK_02194,217,1.0
1755,SAMN02649746|IEKEGFOK_02195,217,1.0
1756,SAMN02649746|IEKEGFOK_02196,147,0.6774193548387096
1757,SAMN02649746|IEKEGFOK_02197,125,0.576036866359447
1758,SAMN02649746|IEKEGFOK_02198,135,0.6221198156682027
1759,SAMN02649746|IEKEGFOK_02199,16,0.07373271889400922
1760,SAMN02649746|IEKEGFOK_02200,7,0.03225806451612903
1761,SAMN02649746|IEKEGFOK_02201,1,0.004608294930875576
1762,SAMN02649746|IEKEGFOK_02202,11,0.05069124423963134
1763,SAMN02649746|IEKEGFOK_02203,17,0.07834101382488479
1764,SAMN02649746|IEKEGFOK_02205,216,0.9953917050691244
1765,SAMN02649746|IEKEGFOK_02206,217,1.0
1766,SAMN02649746|IEKEGFOK_02207,215,0.9907834101382489
1767,SAMN02649746|IEKEGFOK_02208,216,0.9953917050691244
1768,SAMN02649746|IEKEGFOK_02209,213,0.9815668202764977
1769,SAMN02649746|IEKEGFOK_02210,214,0.9861751152073732
1770,SAMN02649746|IEKEGFOK_02211,217,1.0
1771,SAMN02649746|IEKEGFOK_02212,213,0.9815668202764977
1772,SAMN02649746|IEKEGFOK_02214,214,0.9861751152073732
1773,SAMN02649746|IEKEGFOK_02215,217,1.0
1774,SAMN02649746|IEKEGFOK_02216,217,1.0
1775,SAMN02649746|IEKEGFOK_02217,215,0.9907834101382489
1776,SAMN02649746|IEKEGFOK_02218,216,0.9953917050691244
1777,SAMN02649746|IEKEGFOK_02219,217,1.0
1778,SAMN02649746|IEKEGFOK_02220,217,1.0
1779,SAMN02649746|IEKEGFOK_02221,217,1.0
1780,SAMN02649746|IEKEGFOK_02222,217,1.0
1781,SAMN02649746|IEKEGFOK_02223,217,1.0
1782,SAMN02649746|IEKEGFOK_02224,217,1.0
1783,SAMN02649746|IEKEGFOK_02226,217,1.0
1784,SAMN02649746|IEKEGFOK_02227,217,1.0
1785,SAMN02649746|IEKEGFOK_02228,217,1.0
1786,SAMN02649746|IEKEGFOK_02229,217,1.0
1787,SAMN02649746|IEKEGFOK_02231,215,0.9907834101382489
1788,SAMN02649746|IEKEGFOK_02232,217,1.0
1789,SAMN02649746|IEKEGFOK_02233,217,1.0
1790,SAMN02649746|IEKEGFOK_02234,217,1.0
1791,SAMN02649746|IEKEGFOK_02235,217,1.0
1792,SAMN02649746|IEKEGFOK_02236,216,0.9953917050691244
1793,SAMN02649746|IEKEGFOK_02237,217,1.0
1794,SAMN02649746|IEKEGFOK_02238,217,1.0
1795,SAMN02649746|IEKEGFOK_02239,217,1.0
1796,SAMN02649746|IEKEGFOK_02240,213,0.9815668202764977
1797,SAMN02649746|IEKEGFOK_02241,217,1.0
1798,SAMN02649746|IEKEGFOK_02242,217,1.0
1799,SAMN02649746|IEKEGFOK_02243,214,0.9861751152073732
1800,SAMN02649746|IEKEGFOK_02244,215,0.9907834101382489
1801,SAMN02649746|IEKEGFOK_02246,217,1.0
1802,SAMN02649746|IEKEGFOK_02247,217,1.0
1803,SAMN02649746|IEKEGFOK_02248,217,1.0
1804,SAMN02649746|IEKEGFOK_02249,217,1.0
1805,SAMN02649746|IEKEGFOK_02250,217,1.0
1806,SAMN02649746|IEKEGFOK_02251,216,0.9953917050691244
1807,SAMN02649746|IEKEGFOK_02252,212,0.9769585253456221
1808,SAMN02649746|IEKEGFOK_02253,217,1.0
1809,SAMN02649746|IEKEGFOK_02254,217,1.0
1810,SAMN02649746|IEKEGFOK_02255,215,0.9907834101382489
1811,SAMN02649746|IEKEGFOK_02256,217,1.0
1812,SAMN02649746|IEKEGFOK_02257,217,1.0
1813,SAMN02649746|IEKEGFOK_02258,216,0.9953917050691244
1814,SAMN02649746|IEKEGFOK_02259,217,1.0
1815,SAMN02649746|IEKEGFOK_02260,217,1.0
1816,SAMN02649746|IEKEGFOK_02261,212,0.9769585253456221
1817,SAMN02649746|IEKEGFOK_02263,216,0.9953917050691244
1818,SAMN02649746|IEKEGFOK_02264,217,1.0
1819,SAMN02649746|IEKEGFOK_02265,212,0.9769585253456221
1820,SAMN02649746|IEKEGFOK_02266,215,0.9907834101382489
1821,SAMN02649746|IEKEGFOK_02267,217,1.0
1822,SAMN02649746|IEKEGFOK_02268,217,1.0
1823,SAMN02649746|IEKEGFOK_02269,217,1.0
1824,SAMN02649746|IEKEGFOK_02270,217,1.0
1825,SAMN02649746|IEKEGFOK_02271,210,0.967741935483871
1826,SAMN02649746|IEKEGFOK_02272,196,0.9032258064516129
1827,SAMN02649746|IEKEGFOK_02273,216,0.9953917050691244
1828,SAMN02649746|IEKEGFOK_02274,217,1.0
1829,SAMN02649746|IEKEGFOK_02275,212,0.9769585253456221
1830,SAMN02649746|IEKEGFOK_02277,216,0.9953917050691244
1831,SAMN02649746|IEKEGFOK_02281,217,1.0
1832,SAMN02649746|IEKEGFOK_02283,217,1.0
1833,SAMN02649746|IEKEGFOK_02284,217,1.0
1834,SAMN02649746|IEKEGFOK_02285,214,0.9861751152073732
1835,SAMN02649746|IEKEGFOK_02286,189,0.8709677419354839
1836,SAMN02649746|IEKEGFOK_02287,217,1.0
1837,SAMN02649746|IEKEGFOK_02288,217,1.0
1838,SAMN02649746|IEKEGFOK_02289,217,1.0
1839,SAMN02649746|IEKEGFOK_02290,214,0.9861751152073732
1840,SAMN02649746|IEKEGFOK_02291,217,1.0
1841,SAMN02649746|IEKEGFOK_02292,217,1.0
1842,SAMN02649746|IEKEGFOK_02294,217,1.0
1843,SAMN02649746|IEKEGFOK_02295,209,0.9631336405529954
1844,SAMN02649746|IEKEGFOK_02296,217,1.0
1845,SAMN02649746|IEKEGFOK_02298,208,0.9585253456221198
1846,SAMN02649746|IEKEGFOK_02299,216,0.9953917050691244
1847,SAMN02649746|IEKEGFOK_02300,217,1.0
1848,SAMN02649746|IEKEGFOK_02301,217,1.0
1849,SAMN02649746|IEKEGFOK_02302,216,0.9953917050691244
1850,SAMN02649746|IEKEGFOK_02303,217,1.0
1851,SAMN02649746|IEKEGFOK_02304,217,1.0
1852,SAMN02649746|IEKEGFOK_02305,217,1.0
1853,SAMN02649746|IEKEGFOK_02306,215,0.9907834101382489
1854,SAMN02649746|IEKEGFOK_02308,217,1.0
1855,SAMN02649746|IEKEGFOK_02309,217,1.0
1856,SAMN02649746|IEKEGFOK_02310,216,0.9953917050691244
1857,SAMN02649746|IEKEGFOK_02311,217,1.0
1858,SAMN02649746|IEKEGFOK_02315,215,0.9907834101382489
1859,SAMN02649746|IEKEGFOK_02316,217,1.0
1860,SAMN02649746|IEKEGFOK_02318,217,1.0
1861,SAMN02649746|IEKEGFOK_02319,216,0.9953917050691244
1862,SAMN02649746|IEKEGFOK_02320,6,0.027649769585253458
1863,SAMN02649746|IEKEGFOK_02321,209,0.9631336405529954
1864,SAMN02649746|IEKEGFOK_02322,217,1.0
1865,SAMN02649746|IEKEGFOK_02323,217,1.0
1866,SAMN02649746|IEKEGFOK_02324,193,0.8894009216589862
1867,SAMN02649746|IEKEGFOK_02325,216,0.9953917050691244
1868,SAMN02649746|IEKEGFOK_02326,217,1.0
1869,SAMN02649746|IEKEGFOK_02328,216,0.9953917050691244
1870,SAMN02649746|IEKEGFOK_02329,215,0.9907834101382489
1871,SAMN02649746|IEKEGFOK_02330,216,0.9953917050691244
1872,SAMN02649746|IEKEGFOK_02331,217,1.0
1873,SAMN02649746|IEKEGFOK_02333,217,1.0
1874,SAMN02649746|IEKEGFOK_02334,217,1.0
1875,SAMN02649746|IEKEGFOK_02335,217,1.0
1876,SAMN02649746|IEKEGFOK_02336,217,1.0
1877,SAMN02649746|IEKEGFOK_02337,217,1.0
1878,SAMN02649746|IEKEGFOK_02338,217,1.0
1879,SAMN02649746|IEKEGFOK_02340,217,1.0
1880,SAMN02649746|IEKEGFOK_02342,217,1.0
1881,SAMN02649746|IEKEGFOK_02343,216,0.9953917050691244
1882,SAMN02649746|IEKEGFOK_02344,216,0.9953917050691244
1883,SAMN02649746|IEKEGFOK_02345,217,1.0
1884,SAMN02649746|IEKEGFOK_02346,216,0.9953917050691244
1885,SAMN02649746|IEKEGFOK_02347,205,0.9447004608294931
1886,SAMN02649746|IEKEGFOK_02348,217,1.0
1887,SAMN02649746|IEKEGFOK_02349,217,1.0
1888,SAMN02649746|IEKEGFOK_02350,217,1.0
1889,SAMN02649746|IEKEGFOK_02351,217,1.0
1890,SAMN02649746|IEKEGFOK_02352,217,1.0
1891,SAMN02649746|IEKEGFOK_02353,217,1.0
1892,SAMN02649746|IEKEGFOK_02355,217,1.0
1893,SAMN02649746|IEKEGFOK_02356,214,0.9861751152073732
1894,SAMN02649746|IEKEGFOK_02357,213,0.9815668202764977
1895,SAMN02649746|IEKEGFOK_02358,217,1.0
1896,SAMN02649746|IEKEGFOK_02359,217,1.0
1897,SAMN02649746|IEKEGFOK_02360,217,1.0
1898,SAMN02649746|IEKEGFOK_02362,217,1.0
1899,SAMN02649746|IEKEGFOK_02363,194,0.8940092165898618
1900,SAMN02649746|IEKEGFOK_02365,217,1.0
1901,SAMN02649746|IEKEGFOK_02366,216,0.9953917050691244
1902,SAMN02649746|IEKEGFOK_02367,216,0.9953917050691244
1903,SAMN02649746|IEKEGFOK_02368,217,1.0
1904,SAMN02649746|IEKEGFOK_02369,217,1.0
1905,SAMN02649746|IEKEGFOK_02371,209,0.9631336405529954
1906,SAMN02649746|IEKEGFOK_02372,216,0.9953917050691244
1907,SAMN02649746|IEKEGFOK_02373,211,0.9723502304147466
1908,SAMN02649746|IEKEGFOK_02374,211,0.9723502304147466
1909,SAMN02649746|IEKEGFOK_02376,189,0.8709677419354839
1910,SAMN02649746|IEKEGFOK_02377,90,0.4147465437788018
1911,SAMN02649746|IEKEGFOK_02378,208,0.9585253456221198
1912,SAMN02649746|IEKEGFOK_02379,214,0.9861751152073732
1913,SAMN02649746|IEKEGFOK_02381,217,1.0
1914,SAMN02649746|IEKEGFOK_02382,211,0.9723502304147466
1915,SAMN02649746|IEKEGFOK_02384,202,0.9308755760368663
1916,SAMN02649746|IEKEGFOK_02386,216,0.9953917050691244
1917,SAMN02649746|IEKEGFOK_02388,217,1.0
1918,SAMN02649746|IEKEGFOK_02389,213,0.9815668202764977
1919,SAMN02649746|IEKEGFOK_02390,215,0.9907834101382489
1920,SAMN02649746|IEKEGFOK_02391,213,0.9815668202764977
1921,SAMN02649746|IEKEGFOK_02392,217,1.0
1922,SAMN02649746|IEKEGFOK_02395,210,0.967741935483871
1923,SAMN02649746|IEKEGFOK_02397,211,0.9723502304147466
1924,SAMN02649746|IEKEGFOK_02398,216,0.9953917050691244
1925,SAMN02649746|IEKEGFOK_02399,217,1.0
1926,SAMN02649746|IEKEGFOK_02400,217,1.0
1927,SAMN02649746|IEKEGFOK_02401,216,0.9953917050691244
1928,SAMN02649746|IEKEGFOK_02404,215,0.9907834101382489
1929,SAMN02649746|IEKEGFOK_02405,107,0.4930875576036866
1930,SAMN02649746|IEKEGFOK_02406,213,0.9815668202764977
1931,SAMN02649746|IEKEGFOK_02407,217,1.0
1932,SAMN02649746|IEKEGFOK_02408,216,0.9953917050691244
1933,SAMN02649746|IEKEGFOK_02409,216,0.9953917050691244
1934,SAMN02649746|IEKEGFOK_02410,215,0.9907834101382489
1935,SAMN02649746|IEKEGFOK_02411,215,0.9907834101382489
1936,SAMN02649746|IEKEGFOK_02412,217,1.0
1937,SAMN02649746|IEKEGFOK_02413,217,1.0
1938,SAMN02649746|IEKEGFOK_02414,217,1.0
1939,SAMN02649746|IEKEGFOK_02415,216,0.9953917050691244
1940,SAMN02649746|IEKEGFOK_02417,193,0.8894009216589862
1941,SAMN02649746|IEKEGFOK_02418,216,0.9953917050691244
1942,SAMN02649746|IEKEGFOK_02419,210,0.967741935483871
1943,SAMN02649746|IEKEGFOK_02422,217,1.0
1944,SAMN02649746|IEKEGFOK_02423,197,0.9078341013824884
1945,SAMN02649746|IEKEGFOK_02424,217,1.0
1946,SAMN02649746|IEKEGFOK_02426,217,1.0
1947,SAMN02649746|IEKEGFOK_02427,213,0.9815668202764977
1948,SAMN02649746|IEKEGFOK_02428,217,1.0
1949,SAMN02649746|IEKEGFOK_02429,191,0.880184331797235
1950,SAMN02649746|IEKEGFOK_02430,212,0.9769585253456221
1951,SAMN02649746|IEKEGFOK_02431,217,1.0
1952,SAMN02649746|IEKEGFOK_02432,216,0.9953917050691244
1953,SAMN02649746|IEKEGFOK_02433,217,1.0
1954,SAMN02649746|IEKEGFOK_02434,196,0.9032258064516129
1955,SAMN02649746|IEKEGFOK_02438,217,1.0
1956,SAMN02649746|IEKEGFOK_02439,216,0.9953917050691244
1957,SAMN02649746|IEKEGFOK_02440,217,1.0
1958,SAMN02649746|IEKEGFOK_02441,217,1.0
1959,SAMN02649746|IEKEGFOK_02442,217,1.0
1960,SAMN02649746|IEKEGFOK_02443,217,1.0
1961,SAMN02649746|IEKEGFOK_02444,216,0.9953917050691244
1962,SAMN02649746|IEKEGFOK_02445,216,0.9953917050691244
1963,SAMN02649746|IEKEGFOK_02446,217,1.0
1964,SAMN02649746|IEKEGFOK_02447,216,0.9953917050691244
1965,SAMN02649746|IEKEGFOK_02448,216,0.9953917050691244
1966,SAMN02649746|IEKEGFOK_02449,217,1.0
1967,SAMN02649746|IEKEGFOK_02450,217,1.0
1968,SAMN02649746|IEKEGFOK_02451,216,0.9953917050691244
1969,SAMN02649746|IEKEGFOK_02452,217,1.0
1970,SAMN02649746|IEKEGFOK_02454,217,1.0
1971,SAMN02649746|IEKEGFOK_02455,216,0.9953917050691244
1972,SAMN02649746|IEKEGFOK_02456,217,1.0
1973,SAMN02649746|IEKEGFOK_02457,217,1.0
1974,SAMN02649746|IEKEGFOK_02458,217,1.0
1975,SAMN02649746|IEKEGFOK_02459,217,1.0
1976,SAMN02649746|IEKEGFOK_02460,215,0.9907834101382489
1977,SAMN02649746|IEKEGFOK_02461,215,0.9907834101382489
1978,SAMN02649746|IEKEGFOK_02462,217,1.0
1979,SAMN02649746|IEKEGFOK_02463,217,1.0
1980,SAMN02649746|IEKEGFOK_02464,217,1.0
1981,SAMN02649746|IEKEGFOK_02466,216,0.9953917050691244
1982,SAMN02649746|IEKEGFOK_02467,217,1.0
1983,SAMN02649746|IEKEGFOK_02468,217,1.0
1984,SAMN02649746|IEKEGFOK_02469,216,0.9953917050691244
1985,SAMN02649746|IEKEGFOK_02470,217,1.0
1986,SAMN02649746|IEKEGFOK_02471,217,1.0
1987,SAMN02649746|IEKEGFOK_02472,217,1.0
1988,SAMN02649746|IEKEGFOK_02473,208,0.9585253456221198
1989,SAMN02649746|IEKEGFOK_02474,209,0.9631336405529954
1990,SAMN02649746|IEKEGFOK_02475,214,0.9861751152073732
1991,SAMN02649746|IEKEGFOK_02476,214,0.9861751152073732
1992,SAMN02649746|IEKEGFOK_02477,216,0.9953917050691244
1993,SAMN02649746|IEKEGFOK_02479,217,1.0
1994,SAMN02649746|IEKEGFOK_02480,217,1.0
1995,SAMN02649746|IEKEGFOK_02481,217,1.0
1996,SAMN02649746|IEKEGFOK_02491,217,1.0
1997,SAMN02649746|IEKEGFOK_02492,217,1.0
1998,SAMN02649746|IEKEGFOK_02493,215,0.9907834101382489
1999,SAMN02649746|IEKEGFOK_02494,214,0.9861751152073732
2000,SAMN02649746|IEKEGFOK_02495,217,1.0
2001,SAMN02649746|IEKEGFOK_02496,217,1.0
2002,SAMN02649746|IEKEGFOK_02497,217,1.0
2003,SAMN02649746|IEKEGFOK_02498,217,1.0
2004,SAMN02649746|IEKEGFOK_02500,202,0.9308755760368663
2005,SAMN02649746|IEKEGFOK_02502,215,0.9907834101382489
2006,SAMN02649746|IEKEGFOK_02503,217,1.0
2007,SAMN02649746|IEKEGFOK_02505,214,0.9861751152073732
2008,SAMN02649746|IEKEGFOK_02506,217,1.0
2009,SAMN02649746|IEKEGFOK_02507,217,1.0
2010,SAMN02649746|IEKEGFOK_02509,217,1.0
2011,SAMN02649746|IEKEGFOK_02511,217,1.0
2012,SAMN02649746|IEKEGFOK_02512,215,0.9907834101382489
2013,SAMN02649746|IEKEGFOK_02519,211,0.9723502304147466
2014,SAMN02649746|IEKEGFOK_02520,217,1.0
2015,SAMN02649746|IEKEGFOK_02521,217,1.0
2016,SAMN02649746|IEKEGFOK_02522,216,0.9953917050691244
2017,SAMN02649746|IEKEGFOK_02523,217,1.0
2018,SAMN02649746|IEKEGFOK_02524,217,1.0
2019,SAMN02649746|IEKEGFOK_02525,217,1.0
2020,SAMN02649746|IEKEGFOK_02527,217,1.0
2021,SAMN02649746|IEKEGFOK_02528,215,0.9907834101382489
2022,SAMN02649746|IEKEGFOK_02530,217,1.0
2023,SAMN02649746|IEKEGFOK_02531,217,1.0
2024,SAMN02649746|IEKEGFOK_02536,214,0.9861751152073732
2025,SAMN02649746|IEKEGFOK_02537,214,0.9861751152073732
2026,SAMN02649746|IEKEGFOK_02538,208,0.9585253456221198
2027,SAMN02649746|IEKEGFOK_02539,216,0.9953917050691244
2028,SAMN02649746|IEKEGFOK_02540,217,1.0
2029,SAMN02649746|IEKEGFOK_02542,215,0.9907834101382489
2030,SAMN02649746|IEKEGFOK_02543,216,0.9953917050691244
2031,SAMN02649746|IEKEGFOK_02544,217,1.0
2032,SAMN02649746|IEKEGFOK_02545,217,1.0
2033,SAMN02649746|IEKEGFOK_02546,217,1.0
2034,SAMN02649746|IEKEGFOK_02547,217,1.0
2035,SAMN02649746|IEKEGFOK_02548,217,1.0
2036,SAMN02649746|IEKEGFOK_02549,216,0.9953917050691244
2037,SAMN02649746|IEKEGFOK_02550,216,0.9953917050691244
2038,SAMN02649746|IEKEGFOK_02551,190,0.8755760368663594
2039,SAMN02649746|IEKEGFOK_02552,217,1.0
2040,SAMN02649746|IEKEGFOK_02553,211,0.9723502304147466
2041,SAMN02649746|IEKEGFOK_02554,212,0.9769585253456221
2042,SAMN02649746|IEKEGFOK_02555,207,0.9539170506912442
2043,SAMN02649746|IEKEGFOK_02556,216,0.9953917050691244
2044,SAMN02649746|IEKEGFOK_02559,176,0.8110599078341014
2045,SAMN02649746|IEKEGFOK_02560,177,0.815668202764977
2046,SAMN02649746|IEKEGFOK_02561,176,0.8110599078341014
2047,SAMN02649746|IEKEGFOK_02562,177,0.815668202764977
2048,SAMN02649746|IEKEGFOK_02563,174,0.8018433179723502
2049,SAMN02649746|IEKEGFOK_02566,164,0.7557603686635944
2050,SAMN02649746|IEKEGFOK_02567,171,0.7880184331797235
2051,SAMN02649746|IEKEGFOK_02571,188,0.8663594470046083
2052,SAMN02649746|IEKEGFOK_02572,216,0.9953917050691244
2053,SAMN02649746|IEKEGFOK_02573,217,1.0
2054,SAMN02649746|IEKEGFOK_02574,217,1.0
2055,SAMN02649746|IEKEGFOK_02575,217,1.0
2056,SAMN02649746|IEKEGFOK_02576,217,1.0
2057,SAMN02649746|IEKEGFOK_02578,202,0.9308755760368663
2058,SAMN02649746|IEKEGFOK_02579,217,1.0
2059,SAMN02649746|IEKEGFOK_02580,217,1.0
2060,SAMN02649746|IEKEGFOK_02581,217,1.0
2061,SAMN02649746|IEKEGFOK_02582,217,1.0
2062,SAMN02649746|IEKEGFOK_02583,216,0.9953917050691244
2063,SAMN02649746|IEKEGFOK_02584,217,1.0
2064,SAMN02649746|IEKEGFOK_02586,212,0.9769585253456221
2065,SAMN02649746|IEKEGFOK_02588,216,0.9953917050691244
2066,SAMN02649746|IEKEGFOK_02589,216,0.9953917050691244
2067,SAMN02649746|IEKEGFOK_02590,211,0.9723502304147466
2068,SAMN02649746|IEKEGFOK_02591,217,1.0
2069,SAMN02649746|IEKEGFOK_02592,217,1.0
2070,SAMN02649746|IEKEGFOK_02593,217,1.0
2071,SAMN02649746|IEKEGFOK_02594,216,0.9953917050691244
2072,SAMN02649746|IEKEGFOK_02596,217,1.0
2073,SAMN02649746|IEKEGFOK_02597,217,1.0
2074,SAMN02649746|IEKEGFOK_02598,217,1.0
2075,SAMN02649746|IEKEGFOK_02600,217,1.0
2076,SAMN02649746|IEKEGFOK_02601,213,0.9815668202764977
2077,SAMN02649746|IEKEGFOK_02603,216,0.9953917050691244
2078,SAMN02649746|IEKEGFOK_02604,215,0.9907834101382489
2079,SAMN02649746|IEKEGFOK_02607,1,0.004608294930875576
2080,SAMN02649746|IEKEGFOK_02609,214,0.9861751152073732
2081,SAMN02649746|IEKEGFOK_02610,217,1.0
2082,SAMN02649746|IEKEGFOK_02611,216,0.9953917050691244
2083,SAMN02649746|IEKEGFOK_02612,216,0.9953917050691244
2084,SAMN02649746|IEKEGFOK_02613,217,1.0
2085,SAMN02649746|IEKEGFOK_02615,214,0.9861751152073732
2086,SAMN02649746|IEKEGFOK_02616,216,0.9953917050691244
2087,SAMN02649748|ODBGOBDH_00119,148,0.6820276497695853
2088,SAMN02649748|ODBGOBDH_00120,151,0.695852534562212
2089,SAMN02649748|ODBGOBDH_00121,144,0.663594470046083
2090,SAMN02649748|ODBGOBDH_00122,154,0.7096774193548387
2091,SAMN02649748|ODBGOBDH_00124,80,0.3686635944700461
2092,SAMN02649748|ODBGOBDH_00185,77,0.3548387096774194
2093,SAMN02649748|ODBGOBDH_00186,145,0.6682027649769585
2094,SAMN02649748|ODBGOBDH_00187,170,0.783410138248848
2095,SAMN02649748|ODBGOBDH_00206,217,1.0
2096,SAMN02649748|ODBGOBDH_00243,213,0.9815668202764977
2097,SAMN02649748|ODBGOBDH_00287,20,0.09216589861751152
2098,SAMN02649748|ODBGOBDH_00288,20,0.09216589861751152
2099,SAMN02649748|ODBGOBDH_00339,210,0.967741935483871
2100,SAMN02649748|ODBGOBDH_00357,217,1.0
2101,SAMN02649748|ODBGOBDH_00475,89,0.41013824884792627
2102,SAMN02649748|ODBGOBDH_00476,87,0.4009216589861751
2103,SAMN02649748|ODBGOBDH_00479,85,0.391705069124424
2104,SAMN02649748|ODBGOBDH_00484,181,0.8341013824884793
2105,SAMN02649748|ODBGOBDH_00485,187,0.8617511520737328
2106,SAMN02649748|ODBGOBDH_00489,95,0.4377880184331797
2107,SAMN02649748|ODBGOBDH_00511,214,0.9861751152073732
2108,SAMN02649748|ODBGOBDH_00512,216,0.9953917050691244
2109,SAMN02649748|ODBGOBDH_00534,215,0.9907834101382489
2110,SAMN02649748|ODBGOBDH_00559,211,0.9723502304147466
2111,SAMN02649748|ODBGOBDH_00560,206,0.9493087557603687
2112,SAMN02649748|ODBGOBDH_00595,208,0.9585253456221198
2113,SAMN02649748|ODBGOBDH_00618,214,0.9861751152073732
2114,SAMN02649748|ODBGOBDH_00651,99,0.45622119815668205
2115,SAMN02649748|ODBGOBDH_00655,143,0.6589861751152074
2116,SAMN02649748|ODBGOBDH_00656,137,0.631336405529954
2117,SAMN02649748|ODBGOBDH_00663,195,0.8986175115207373
2118,SAMN02649748|ODBGOBDH_00664,149,0.6866359447004609
2119,SAMN02649748|ODBGOBDH_00667,102,0.4700460829493088
2120,SAMN02649748|ODBGOBDH_00676,193,0.8894009216589862
2121,SAMN02649748|ODBGOBDH_00855,217,1.0
2122,SAMN02649748|ODBGOBDH_00870,93,0.42857142857142855
2123,SAMN02649748|ODBGOBDH_00871,80,0.3686635944700461
2124,SAMN02649748|ODBGOBDH_00873,194,0.8940092165898618
2125,SAMN02649748|ODBGOBDH_00874,198,0.9124423963133641
2126,SAMN02649748|ODBGOBDH_00877,88,0.4055299539170507
2127,SAMN02649748|ODBGOBDH_00881,186,0.8571428571428571
2128,SAMN02649748|ODBGOBDH_00882,173,0.7972350230414746
2129,SAMN02649748|ODBGOBDH_00891,85,0.391705069124424
2130,SAMN02649748|ODBGOBDH_00932,35,0.16129032258064516
2131,SAMN02649748|ODBGOBDH_00933,10,0.04608294930875576
2132,SAMN02649748|ODBGOBDH_00934,17,0.07834101382488479
2133,SAMN02649748|ODBGOBDH_00935,13,0.059907834101382486
2134,SAMN02649748|ODBGOBDH_00936,8,0.03686635944700461
2135,SAMN02649748|ODBGOBDH_00937,8,0.03686635944700461
2136,SAMN02649748|ODBGOBDH_00939,77,0.3548387096774194
2137,SAMN02649748|ODBGOBDH_00941,55,0.2534562211981567
2138,SAMN02649748|ODBGOBDH_00990,69,0.31797235023041476
2139,SAMN02649748|ODBGOBDH_01031,209,0.9631336405529954
2140,SAMN02649748|ODBGOBDH_01088,145,0.6682027649769585
2141,SAMN02649748|ODBGOBDH_01147,135,0.6221198156682027
2142,SAMN02649748|ODBGOBDH_01202,98,0.45161290322580644
2143,SAMN02649748|ODBGOBDH_01205,103,0.47465437788018433
2144,SAMN02649748|ODBGOBDH_01230,116,0.5345622119815668
2145,SAMN02649748|ODBGOBDH_01314,217,1.0
2146,SAMN02649748|ODBGOBDH_01319,2,0.009216589861751152
2147,SAMN02649748|ODBGOBDH_01367,52,0.23963133640552994
2148,SAMN02649748|ODBGOBDH_01454,88,0.4055299539170507
2149,SAMN02649748|ODBGOBDH_01490,212,0.9769585253456221
2150,SAMN02649748|ODBGOBDH_01516,89,0.41013824884792627
2151,SAMN02649748|ODBGOBDH_01522,87,0.4009216589861751
2152,SAMN02649748|ODBGOBDH_01525,91,0.41935483870967744
2153,SAMN02649748|ODBGOBDH_01526,110,0.5069124423963134
2154,SAMN02649748|ODBGOBDH_01536,177,0.815668202764977
2155,SAMN02649748|ODBGOBDH_01542,181,0.8341013824884793
2156,SAMN02649748|ODBGOBDH_01556,88,0.4055299539170507
2157,SAMN02649748|ODBGOBDH_01611,83,0.3824884792626728
2158,SAMN02649748|ODBGOBDH_01633,217,1.0
2159,SAMN02649748|ODBGOBDH_01749,100,0.4608294930875576
2160,SAMN02649748|ODBGOBDH_01865,217,1.0
2161,SAMN02649748|ODBGOBDH_01931,127,0.5852534562211982
2162,SAMN02649748|ODBGOBDH_01932,76,0.35023041474654376
2163,SAMN02649748|ODBGOBDH_01941,153,0.7050691244239631
2164,SAMN02649748|ODBGOBDH_01978,196,0.9032258064516129
2165,SAMN02649748|ODBGOBDH_01990,215,0.9907834101382489
2166,SAMN02649748|ODBGOBDH_02026,1,0.004608294930875576
2167,SAMN02649748|ODBGOBDH_02055,216,0.9953917050691244
2168,SAMN02649748|ODBGOBDH_02070,174,0.8018433179723502
2169,SAMN02649748|ODBGOBDH_02083,52,0.23963133640552994
2170,SAMN02649748|ODBGOBDH_02084,52,0.23963133640552994
2171,SAMN02649748|ODBGOBDH_02094,81,0.37327188940092165
2172,SAMN02649748|ODBGOBDH_02095,83,0.3824884792626728
2173,SAMN02649748|ODBGOBDH_02096,82,0.3778801843317972
2174,SAMN02649748|ODBGOBDH_02097,82,0.3778801843317972
2175,SAMN02649748|ODBGOBDH_02098,83,0.3824884792626728
2176,SAMN02649748|ODBGOBDH_02099,69,0.31797235023041476
2177,SAMN02649748|ODBGOBDH_02100,81,0.37327188940092165
2178,SAMN02649748|ODBGOBDH_02101,80,0.3686635944700461
2179,SAMN02649748|ODBGOBDH_02102,80,0.3686635944700461
2180,SAMN02649748|ODBGOBDH_02103,81,0.37327188940092165
2181,SAMN02649748|ODBGOBDH_02104,81,0.37327188940092165
2182,SAMN02649748|ODBGOBDH_02106,90,0.4147465437788018
2183,SAMN02649748|ODBGOBDH_02108,78,0.35944700460829493
2184,SAMN02649748|ODBGOBDH_02109,101,0.46543778801843316
2185,SAMN02649748|ODBGOBDH_02110,120,0.5529953917050692
2186,SAMN02649748|ODBGOBDH_02111,120,0.5529953917050692
2187,SAMN02649748|ODBGOBDH_02114,84,0.3870967741935484
2188,SAMN02649748|ODBGOBDH_02116,126,0.5806451612903226
2189,SAMN02649748|ODBGOBDH_02117,81,0.37327188940092165
2190,SAMN02649748|ODBGOBDH_02118,30,0.1382488479262673
2191,SAMN02649748|ODBGOBDH_02169,34,0.15668202764976957
2192,SAMN02649748|ODBGOBDH_02171,51,0.2350230414746544
2193,SAMN02649748|ODBGOBDH_02172,59,0.271889400921659
2194,SAMN02649748|ODBGOBDH_02173,55,0.2534562211981567
2195,SAMN02649748|ODBGOBDH_02174,59,0.271889400921659
2196,SAMN02649748|ODBGOBDH_02175,59,0.271889400921659
2197,SAMN02649748|ODBGOBDH_02176,56,0.25806451612903225
2198,SAMN02649748|ODBGOBDH_02177,58,0.2672811059907834
2199,SAMN02649748|ODBGOBDH_02178,67,0.3087557603686636
2200,SAMN02649748|ODBGOBDH_02179,72,0.3317972350230415
2201,SAMN02649748|ODBGOBDH_02180,64,0.29493087557603687
2202,SAMN02649748|ODBGOBDH_02215,85,0.391705069124424
2203,SAMN02649748|ODBGOBDH_02219,162,0.7465437788018433
2204,SAMN02649748|ODBGOBDH_02220,143,0.6589861751152074
2205,SAMN02649748|ODBGOBDH_02240,178,0.8202764976958525
2206,SAMN02649748|ODBGOBDH_02243,103,0.47465437788018433
2207,SAMN02649748|ODBGOBDH_02246,69,0.31797235023041476
2208,SAMN02649748|ODBGOBDH_02250,115,0.5299539170506913
2209,SAMN02649748|ODBGOBDH_02252,186,0.8571428571428571
2210,SAMN02649748|ODBGOBDH_02253,83,0.3824884792626728
2211,SAMN02649748|ODBGOBDH_02254,132,0.6082949308755761
2212,SAMN02649748|ODBGOBDH_02255,78,0.35944700460829493
2213,SAMN02649748|ODBGOBDH_02256,68,0.31336405529953915
2214,SAMN02649748|ODBGOBDH_02258,96,0.4423963133640553
2215,SAMN02649748|ODBGOBDH_02259,86,0.39631336405529954
2216,SAMN02649748|ODBGOBDH_02260,66,0.30414746543778803
2217,SAMN02649748|ODBGOBDH_02265,74,0.34101382488479265
2218,SAMN02649748|ODBGOBDH_02398,1,0.004608294930875576
2219,SAMN02649748|ODBGOBDH_02399,5,0.02304147465437788
2220,SAMN02649748|ODBGOBDH_02400,9,0.041474654377880185
2221,SAMN02649748|ODBGOBDH_02401,9,0.041474654377880185
2222,SAMN02649748|ODBGOBDH_02402,6,0.027649769585253458
2223,SAMN02649748|ODBGOBDH_02403,6,0.027649769585253458
2224,SAMN02649748|ODBGOBDH_02404,9,0.041474654377880185
2225,SAMN02649748|ODBGOBDH_02405,5,0.02304147465437788
2226,SAMN02649748|ODBGOBDH_02406,5,0.02304147465437788
2227,SAMN02649748|ODBGOBDH_02407,3,0.013824884792626729
2228,SAMN02649748|ODBGOBDH_02408,4,0.018433179723502304
2229,SAMN02649748|ODBGOBDH_02409,5,0.02304147465437788
2230,SAMN02649748|ODBGOBDH_02410,5,0.02304147465437788
2231,SAMN02649748|ODBGOBDH_02411,6,0.027649769585253458
2232,SAMN02649748|ODBGOBDH_02412,6,0.027649769585253458
2233,SAMN02649748|ODBGOBDH_02413,6,0.027649769585253458
2234,SAMN02649748|ODBGOBDH_02414,6,0.027649769585253458
2235,SAMN02649748|ODBGOBDH_02415,6,0.027649769585253458
2236,SAMN02649748|ODBGOBDH_02417,4,0.018433179723502304
2237,SAMN02649748|ODBGOBDH_02418,6,0.027649769585253458
2238,SAMN02649748|ODBGOBDH_02419,6,0.027649769585253458
2239,SAMN02649748|ODBGOBDH_02420,6,0.027649769585253458
2240,SAMN02649748|ODBGOBDH_02421,5,0.02304147465437788
2241,SAMN02649748|ODBGOBDH_02422,6,0.027649769585253458
2242,SAMN02649748|ODBGOBDH_02423,6,0.027649769585253458
2243,SAMN02649748|ODBGOBDH_02424,6,0.027649769585253458
2244,SAMN02649748|ODBGOBDH_02425,6,0.027649769585253458
2245,SAMN02649748|ODBGOBDH_02426,6,0.027649769585253458
2246,SAMN02649748|ODBGOBDH_02427,6,0.027649769585253458
2247,SAMN02649748|ODBGOBDH_02428,5,0.02304147465437788
2248,SAMN02649748|ODBGOBDH_02429,6,0.027649769585253458
2249,SAMN02649748|ODBGOBDH_02430,6,0.027649769585253458
2250,SAMN02649748|ODBGOBDH_02431,6,0.027649769585253458
2251,SAMN02649748|ODBGOBDH_02432,6,0.027649769585253458
2252,SAMN02649748|ODBGOBDH_02433,6,0.027649769585253458
2253,SAMN02649748|ODBGOBDH_02434,6,0.027649769585253458
2254,SAMN02649748|ODBGOBDH_02435,5,0.02304147465437788
2255,SAMN02649748|ODBGOBDH_02437,1,0.004608294930875576
2256,SAMN02649748|ODBGOBDH_02438,1,0.004608294930875576
2257,SAMN02649748|ODBGOBDH_02439,1,0.004608294930875576
2258,SAMN02649748|ODBGOBDH_02466,187,0.8617511520737328
2259,SAMN02649748|ODBGOBDH_02469,75,0.3456221198156682
2260,SAMN02649748|ODBGOBDH_02526,67,0.3087557603686636
2261,SAMN02649748|ODBGOBDH_02529,76,0.35023041474654376
2262,SAMN02649748|ODBGOBDH_02530,52,0.23963133640552994
2263,SAMN02649748|ODBGOBDH_02532,50,0.2304147465437788
2264,SAMN02649748|ODBGOBDH_02533,49,0.22580645161290322
2265,SAMN02649748|ODBGOBDH_02535,38,0.17511520737327188
2266,SAMN02649748|ODBGOBDH_02536,50,0.2304147465437788
2267,SAMN02649748|ODBGOBDH_02537,51,0.2350230414746544
2268,SAMN02649748|ODBGOBDH_02538,51,0.2350230414746544
2269,SAMN02649748|ODBGOBDH_02539,87,0.4009216589861751
2270,SAMN02649748|ODBGOBDH_02540,90,0.4147465437788018
2271,SAMN02649748|ODBGOBDH_02549,65,0.2995391705069124
2272,SAMN02649748|ODBGOBDH_02551,121,0.5576036866359447
2273,SAMN02649748|ODBGOBDH_02552,117,0.5391705069124424
2274,SAMN02649748|ODBGOBDH_02573,3,0.013824884792626729
2275,SAMN02649748|ODBGOBDH_02574,34,0.15668202764976957
2276,SAMN02649748|ODBGOBDH_02579,84,0.3870967741935484
2277,SAMN02649748|ODBGOBDH_02581,85,0.391705069124424
2278,SAMN02649748|ODBGOBDH_02582,83,0.3824884792626728
2279,SAMN02649748|ODBGOBDH_02583,84,0.3870967741935484
2280,SAMN02649748|ODBGOBDH_02585,77,0.3548387096774194
2281,SAMN02649748|ODBGOBDH_02586,79,0.3640552995391705
2282,SAMN02649748|ODBGOBDH_02587,119,0.5483870967741935
2283,SAMN02649748|ODBGOBDH_02589,119,0.5483870967741935
2284,SAMN02649748|ODBGOBDH_02590,76,0.35023041474654376
2285,SAMN02649748|ODBGOBDH_02591,80,0.3686635944700461
2286,SAMN02649748|ODBGOBDH_02592,86,0.39631336405529954
2287,SAMN02649748|ODBGOBDH_02594,87,0.4009216589861751
2288,SAMN02649748|ODBGOBDH_02595,89,0.41013824884792627
2289,SAMN02649748|ODBGOBDH_02596,90,0.4147465437788018
2290,SAMN02649748|ODBGOBDH_02597,88,0.4055299539170507
2291,SAMN02649748|ODBGOBDH_02598,87,0.4009216589861751
2292,SAMN02649748|ODBGOBDH_02599,89,0.41013824884792627
2293,SAMN02649748|ODBGOBDH_02600,85,0.391705069124424
2294,SAMN02649748|ODBGOBDH_02601,86,0.39631336405529954
2295,SAMN02649748|ODBGOBDH_02602,88,0.4055299539170507
2296,SAMN02649748|ODBGOBDH_02612,103,0.47465437788018433
2297,SAMN02649748|ODBGOBDH_02613,122,0.5622119815668203
2298,SAMN02649748|ODBGOBDH_02614,74,0.34101382488479265
2299,SAMN02649748|ODBGOBDH_02615,71,0.3271889400921659
2300,SAMN02649748|ODBGOBDH_02616,62,0.2857142857142857
2301,SAMN02649748|ODBGOBDH_02617,113,0.5207373271889401
2302,SAMN02649748|ODBGOBDH_02618,112,0.5161290322580645
2303,SAMN02649748|ODBGOBDH_02619,113,0.5207373271889401
2304,SAMN02649748|ODBGOBDH_02622,56,0.25806451612903225
2305,SAMN02649748|ODBGOBDH_02624,115,0.5299539170506913
2306,SAMN02649748|ODBGOBDH_02625,122,0.5622119815668203
2307,SAMN02649748|ODBGOBDH_02627,19,0.08755760368663594
2308,SAMN02649748|ODBGOBDH_02628,2,0.009216589861751152
2309,SAMN02649748|ODBGOBDH_02629,3,0.013824884792626729
2310,SAMN02649748|ODBGOBDH_02631,38,0.17511520737327188
2311,SAMN02649748|ODBGOBDH_02632,20,0.09216589861751152
2312,SAMN02649748|ODBGOBDH_02633,99,0.45622119815668205
2313,SAMN02649748|ODBGOBDH_02634,98,0.45161290322580644
2314,SAMN02649748|ODBGOBDH_02635,96,0.4423963133640553
2315,SAMN02649748|ODBGOBDH_02636,114,0.5253456221198156
2316,SAMN02649748|ODBGOBDH_02637,95,0.4377880184331797
2317,SAMN02649748|ODBGOBDH_02638,94,0.43317972350230416
2318,SAMN02649748|ODBGOBDH_02639,107,0.4930875576036866
2319,SAMN02649748|ODBGOBDH_02640,107,0.4930875576036866
2320,SAMN02649748|ODBGOBDH_02641,107,0.4930875576036866
2321,SAMN02649748|ODBGOBDH_02642,106,0.48847926267281105
2322,SAMN02649748|ODBGOBDH_02643,5,0.02304147465437788
2323,SAMN02649748|ODBGOBDH_02644,3,0.013824884792626729
2324,SAMN02649748|ODBGOBDH_02645,107,0.4930875576036866
2325,SAMN02649748|ODBGOBDH_02646,104,0.4792626728110599
2326,SAMN02649748|ODBGOBDH_02647,106,0.48847926267281105
2327,SAMN02649748|ODBGOBDH_02648,107,0.4930875576036866
2328,SAMN02649748|ODBGOBDH_02649,3,0.013824884792626729
2329,SAMN02649748|ODBGOBDH_02650,49,0.22580645161290322
2330,SAMN02649748|ODBGOBDH_02651,63,0.2903225806451613
2331,SAMN02649748|ODBGOBDH_02652,61,0.28110599078341014
2332,SAMN02649748|ODBGOBDH_02653,60,0.2764976958525346
2333,SAMN02649748|ODBGOBDH_02654,51,0.2350230414746544
2334,SAMN02649748|ODBGOBDH_02655,60,0.2764976958525346
2335,SAMN02649748|ODBGOBDH_02656,3,0.013824884792626729
2336,SAMN02649748|ODBGOBDH_02657,78,0.35944700460829493
2337,SAMN02649748|ODBGOBDH_02659,82,0.3778801843317972
2338,SAMN02649748|ODBGOBDH_02660,82,0.3778801843317972
2339,SAMN02649748|ODBGOBDH_02661,88,0.4055299539170507
2340,SAMN02649748|ODBGOBDH_02663,91,0.41935483870967744
2341,SAMN02649748|ODBGOBDH_02665,60,0.2764976958525346
2342,SAMN02649748|ODBGOBDH_02666,64,0.29493087557603687
2343,SAMN02649748|ODBGOBDH_02668,200,0.9216589861751152
2344,SAMN02649748|ODBGOBDH_02669,45,0.2073732718894009
2345,SAMN02649748|ODBGOBDH_02672,61,0.28110599078341014
2346,SAMN02649748|ODBGOBDH_02673,97,0.4470046082949309
2347,SAMN02649748|ODBGOBDH_02674,65,0.2995391705069124
2348,SAMN02649748|ODBGOBDH_02675,79,0.3640552995391705
2349,SAMN02649748|ODBGOBDH_02679,70,0.3225806451612903
2350,SAMN02649748|ODBGOBDH_02680,27,0.12442396313364056
2351,SAMN02649748|ODBGOBDH_02682,5,0.02304147465437788
2352,SAMN02649748|ODBGOBDH_02685,106,0.48847926267281105
2353,SAMN02649748|ODBGOBDH_02686,101,0.46543778801843316
2354,SAMN02649748|ODBGOBDH_02687,106,0.48847926267281105
2355,SAMN02649748|ODBGOBDH_02689,103,0.47465437788018433
2356,SAMN02649748|ODBGOBDH_02690,82,0.3778801843317972
2357,SAMN02649748|ODBGOBDH_02691,84,0.3870967741935484
2358,SAMN02649748|ODBGOBDH_02693,24,0.11059907834101383
2359,SAMN02649748|ODBGOBDH_02694,24,0.11059907834101383
2360,SAMN02649748|ODBGOBDH_02695,24,0.11059907834101383
2361,SAMN02649748|ODBGOBDH_02696,23,0.10599078341013825
2362,SAMN02649748|ODBGOBDH_02697,2,0.009216589861751152
2363,SAMN02649748|ODBGOBDH_02698,107,0.4930875576036866
2364,SAMN02649748|ODBGOBDH_02703,47,0.21658986175115208
2365,SAMN02649748|ODBGOBDH_02704,49,0.22580645161290322
2366,SAMN02649748|ODBGOBDH_02706,70,0.3225806451612903
2367,SAMN02649748|ODBGOBDH_02709,25,0.1152073732718894
2368,SAMN02649748|ODBGOBDH_02711,27,0.12442396313364056
2369,SAMN02649748|ODBGOBDH_02712,18,0.08294930875576037
2370,SAMN02649748|ODBGOBDH_02713,30,0.1382488479262673
2371,SAMN02649748|ODBGOBDH_02717,18,0.08294930875576037
2372,SAMN02649748|ODBGOBDH_02718,18,0.08294930875576037
2373,SAMN02649748|ODBGOBDH_02719,52,0.23963133640552994
2374,SAMN02649748|ODBGOBDH_02721,53,0.24423963133640553
2375,SAMN02649748|ODBGOBDH_02722,76,0.35023041474654376
2376,SAMN02649748|ODBGOBDH_02723,76,0.35023041474654376
2377,SAMN02649748|ODBGOBDH_02724,75,0.3456221198156682
2378,SAMN02649748|ODBGOBDH_02725,122,0.5622119815668203
2379,SAMN02649748|ODBGOBDH_02728,115,0.5299539170506913
2380,SAMN02649748|ODBGOBDH_02729,33,0.15207373271889402
2381,SAMN02649748|ODBGOBDH_02730,34,0.15668202764976957
2382,SAMN02649748|ODBGOBDH_02731,32,0.14746543778801843
2383,SAMN02649748|ODBGOBDH_02732,57,0.2626728110599078
2384,SAMN02649748|ODBGOBDH_02733,1,0.004608294930875576
2385,SAMN02649748|ODBGOBDH_02735,68,0.31336405529953915
2386,SAMN02649748|ODBGOBDH_02738,71,0.3271889400921659
2387,SAMN02649748|ODBGOBDH_02741,44,0.20276497695852536
2388,SAMN02649748|ODBGOBDH_02742,25,0.1152073732718894
2389,SAMN02649748|ODBGOBDH_02743,87,0.4009216589861751
2390,SAMN02649748|ODBGOBDH_02761,19,0.08755760368663594
2391,SAMN02649748|ODBGOBDH_02762,19,0.08755760368663594
2392,SAMN02649748|ODBGOBDH_02764,107,0.4930875576036866
2393,SAMN02649748|ODBGOBDH_02765,105,0.4838709677419355
2394,SAMN02649748|ODBGOBDH_02766,1,0.004608294930875576
2395,SAMN02649748|ODBGOBDH_02767,108,0.4976958525345622
2396,SAMN02649748|ODBGOBDH_02768,108,0.4976958525345622
2397,SAMN02649748|ODBGOBDH_02770,105,0.4838709677419355
2398,SAMN02649748|ODBGOBDH_02771,115,0.5299539170506913
2399,SAMN02649748|ODBGOBDH_02773,53,0.24423963133640553
2400,SAMN02649748|ODBGOBDH_02774,70,0.3225806451612903
2401,SAMN02649748|ODBGOBDH_02775,69,0.31797235023041476
2402,SAMN02649748|ODBGOBDH_02776,55,0.2534562211981567
2403,SAMN02649748|ODBGOBDH_02777,51,0.2350230414746544
2404,SAMN02649748|ODBGOBDH_02778,30,0.1382488479262673
2405,SAMN02649748|ODBGOBDH_02780,149,0.6866359447004609
2406,SAMN02649748|ODBGOBDH_02781,1,0.004608294930875576
2407,SAMN02649748|ODBGOBDH_02782,1,0.004608294930875576
2408,SAMN02649748|ODBGOBDH_02784,23,0.10599078341013825
2409,SAMN02649748|ODBGOBDH_02787,147,0.6774193548387096
2410,SAMN02649748|ODBGOBDH_02788,100,0.4608294930875576
2411,SAMN02649748|ODBGOBDH_02789,112,0.5161290322580645
2412,SAMN02649748|ODBGOBDH_02790,8,0.03686635944700461
2413,SAMN02649748|ODBGOBDH_02796,1,0.004608294930875576
2414,SAMN02649748|ODBGOBDH_02802,22,0.10138248847926268
2415,SAMN02649748|ODBGOBDH_02803,5,0.02304147465437788
2416,SAMN02649749|OOJIHHLD_00001,26,0.11981566820276497
2417,SAMN02649749|OOJIHHLD_00064,104,0.4792626728110599
2418,SAMN02649749|OOJIHHLD_00314,2,0.009216589861751152
2419,SAMN02649749|OOJIHHLD_00327,24,0.11059907834101383
2420,SAMN02649749|OOJIHHLD_00550,3,0.013824884792626729
2421,SAMN02649749|OOJIHHLD_00624,8,0.03686635944700461
2422,SAMN02649749|OOJIHHLD_00946,9,0.041474654377880185
2423,SAMN02649749|OOJIHHLD_00994,100,0.4608294930875576
2424,SAMN02649749|OOJIHHLD_01196,1,0.004608294930875576
2425,SAMN02649749|OOJIHHLD_01393,6,0.027649769585253458
2426,SAMN02649749|OOJIHHLD_01394,6,0.027649769585253458
2427,SAMN02649749|OOJIHHLD_01439,12,0.055299539170506916
2428,SAMN02649749|OOJIHHLD_01562,1,0.004608294930875576
2429,SAMN02649749|OOJIHHLD_01634,150,0.6912442396313364
2430,SAMN02649749|OOJIHHLD_01731,26,0.11981566820276497
2431,SAMN02649749|OOJIHHLD_01999,56,0.25806451612903225
2432,SAMN02649749|OOJIHHLD_02024,62,0.2857142857142857
2433,SAMN02649749|OOJIHHLD_02025,67,0.3087557603686636
2434,SAMN02649749|OOJIHHLD_02255,118,0.543778801843318
2435,SAMN02649749|OOJIHHLD_02264,99,0.45622119815668205
2436,SAMN02649749|OOJIHHLD_02269,102,0.4700460829493088
2437,SAMN02649749|OOJIHHLD_02275,106,0.48847926267281105
2438,SAMN02649749|OOJIHHLD_02276,106,0.48847926267281105
2439,SAMN02649749|OOJIHHLD_02278,95,0.4377880184331797
2440,SAMN02649749|OOJIHHLD_02282,102,0.4700460829493088
2441,SAMN02649749|OOJIHHLD_02292,43,0.19815668202764977
2442,SAMN02649749|OOJIHHLD_02294,46,0.2119815668202765
2443,SAMN02649749|OOJIHHLD_02302,100,0.4608294930875576
2444,SAMN02649749|OOJIHHLD_02304,79,0.3640552995391705
2445,SAMN02649749|OOJIHHLD_02313,51,0.2350230414746544
2446,SAMN02649749|OOJIHHLD_02315,24,0.11059907834101383
2447,SAMN02649749|OOJIHHLD_02316,24,0.11059907834101383
2448,SAMN02649749|OOJIHHLD_02318,2,0.009216589861751152
2449,SAMN02649749|OOJIHHLD_02319,2,0.009216589861751152
2450,SAMN02649749|OOJIHHLD_02320,2,0.009216589861751152
2451,SAMN02649749|OOJIHHLD_02398,215,0.9907834101382489
2452,SAMN02649749|OOJIHHLD_02474,207,0.9539170506912442
2453,SAMN02649749|OOJIHHLD_02496,80,0.3686635944700461
2454,SAMN02649749|OOJIHHLD_02505,50,0.2304147465437788
2455,SAMN02649749|OOJIHHLD_02524,120,0.5529953917050692
2456,SAMN02649749|OOJIHHLD_02525,61,0.28110599078341014
2457,SAMN02649749|OOJIHHLD_02526,112,0.5161290322580645
2458,SAMN02649749|OOJIHHLD_02527,83,0.3824884792626728
2459,SAMN02649749|OOJIHHLD_02528,79,0.3640552995391705
2460,SAMN02649749|OOJIHHLD_02551,10,0.04608294930875576
2461,SAMN02649749|OOJIHHLD_02557,57,0.2626728110599078
2462,SAMN02649749|OOJIHHLD_02558,24,0.11059907834101383
2463,SAMN02649749|OOJIHHLD_02560,25,0.1152073732718894
2464,SAMN02649749|OOJIHHLD_02561,25,0.1152073732718894
2465,SAMN02649749|OOJIHHLD_02562,25,0.1152073732718894
2466,SAMN02649749|OOJIHHLD_02563,24,0.11059907834101383
2467,SAMN02649749|OOJIHHLD_02564,24,0.11059907834101383
2468,SAMN02649749|OOJIHHLD_02565,25,0.1152073732718894
2469,SAMN02649749|OOJIHHLD_02566,25,0.1152073732718894
2470,SAMN02649749|OOJIHHLD_02567,25,0.1152073732718894
2471,SAMN02649749|OOJIHHLD_02568,3,0.013824884792626729
2472,SAMN02649749|OOJIHHLD_02571,24,0.11059907834101383
2473,SAMN02649749|OOJIHHLD_02573,57,0.2626728110599078
2474,SAMN02649749|OOJIHHLD_02574,43,0.19815668202764977
2475,SAMN02649749|OOJIHHLD_02578,39,0.17972350230414746
2476,SAMN02649749|OOJIHHLD_02667,57,0.2626728110599078
2477,SAMN02649749|OOJIHHLD_02679,85,0.391705069124424
2478,SAMN02649749|OOJIHHLD_02680,20,0.09216589861751152
2479,SAMN02649749|OOJIHHLD_02687,20,0.09216589861751152
2480,SAMN02649749|OOJIHHLD_02689,36,0.16589861751152074
2481,SAMN02649749|OOJIHHLD_02698,18,0.08294930875576037
2482,SAMN02649749|OOJIHHLD_02699,16,0.07373271889400922
2483,SAMN02649749|OOJIHHLD_02705,34,0.15668202764976957
2484,SAMN02649749|OOJIHHLD_02706,38,0.17511520737327188
2485,SAMN02649749|OOJIHHLD_02708,13,0.059907834101382486
2486,SAMN02649749|OOJIHHLD_02717,37,0.17050691244239632
2487,SAMN02649749|OOJIHHLD_02720,3,0.013824884792626729
2488,SAMN02649749|OOJIHHLD_02722,18,0.08294930875576037
2489,SAMN02649749|OOJIHHLD_02739,37,0.17050691244239632
2490,SAMN02649750|CMBMJELL_00115,37,0.17050691244239632
2491,SAMN02649750|CMBMJELL_00116,39,0.17972350230414746
2492,SAMN02649750|CMBMJELL_00152,51,0.2350230414746544
2493,SAMN02649750|CMBMJELL_00153,57,0.2626728110599078
2494,SAMN02649750|CMBMJELL_00195,4,0.018433179723502304
2495,SAMN02649750|CMBMJELL_00424,71,0.3271889400921659
2496,SAMN02649750|CMBMJELL_00430,36,0.16589861751152074
2497,SAMN02649750|CMBMJELL_00431,58,0.2672811059907834
2498,SAMN02649750|CMBMJELL_00432,52,0.23963133640552994
2499,SAMN02649750|CMBMJELL_00433,54,0.2488479262672811
2500,SAMN02649750|CMBMJELL_00437,127,0.5852534562211982
2501,SAMN02649750|CMBMJELL_00443,7,0.03225806451612903
2502,SAMN02649750|CMBMJELL_00480,2,0.009216589861751152
2503,SAMN02649750|CMBMJELL_00513,75,0.3456221198156682
2504,SAMN02649750|CMBMJELL_00518,36,0.16589861751152074
2505,SAMN02649750|CMBMJELL_00519,48,0.22119815668202766
2506,SAMN02649750|CMBMJELL_00537,89,0.41013824884792627
2507,SAMN02649750|CMBMJELL_00538,64,0.29493087557603687
2508,SAMN02649750|CMBMJELL_00546,40,0.18433179723502305
2509,SAMN02649750|CMBMJELL_00561,211,0.9723502304147466
2510,SAMN02649750|CMBMJELL_00609,10,0.04608294930875576
2511,SAMN02649750|CMBMJELL_00610,10,0.04608294930875576
2512,SAMN02649750|CMBMJELL_00611,10,0.04608294930875576
2513,SAMN02649750|CMBMJELL_00617,61,0.28110599078341014
2514,SAMN02649750|CMBMJELL_00618,77,0.3548387096774194
2515,SAMN02649750|CMBMJELL_00629,216,0.9953917050691244
2516,SAMN02649750|CMBMJELL_00669,168,0.7741935483870968
2517,SAMN02649750|CMBMJELL_00793,217,1.0
2518,SAMN02649750|CMBMJELL_00925,73,0.33640552995391704
2519,SAMN02649750|CMBMJELL_00937,34,0.15668202764976957
2520,SAMN02649750|CMBMJELL_00940,7,0.03225806451612903
2521,SAMN02649750|CMBMJELL_00942,54,0.2488479262672811
2522,SAMN02649750|CMBMJELL_00943,46,0.2119815668202765
2523,SAMN02649750|CMBMJELL_01050,2,0.009216589861751152
2524,SAMN02649750|CMBMJELL_01051,2,0.009216589861751152
2525,SAMN02649750|CMBMJELL_01126,211,0.9723502304147466
2526,SAMN02649750|CMBMJELL_01173,2,0.009216589861751152
2527,SAMN02649750|CMBMJELL_01203,212,0.9769585253456221
2528,SAMN02649750|CMBMJELL_01222,59,0.271889400921659
2529,SAMN02649750|CMBMJELL_01223,50,0.2304147465437788
2530,SAMN02649750|CMBMJELL_01304,76,0.35023041474654376
2531,SAMN02649750|CMBMJELL_01308,77,0.3548387096774194
2532,SAMN02649750|CMBMJELL_01309,183,0.8433179723502304
2533,SAMN02649750|CMBMJELL_01345,68,0.31336405529953915
2534,SAMN02649750|CMBMJELL_01381,11,0.05069124423963134
2535,SAMN02649750|CMBMJELL_01412,48,0.22119815668202766
2536,SAMN02649750|CMBMJELL_01530,211,0.9723502304147466
2537,SAMN02649750|CMBMJELL_01574,39,0.17972350230414746
2538,SAMN02649750|CMBMJELL_01575,33,0.15207373271889402
2539,SAMN02649750|CMBMJELL_01640,7,0.03225806451612903
2540,SAMN02649750|CMBMJELL_01641,6,0.027649769585253458
2541,SAMN02649750|CMBMJELL_01642,2,0.009216589861751152
2542,SAMN02649750|CMBMJELL_01643,3,0.013824884792626729
2543,SAMN02649750|CMBMJELL_01692,73,0.33640552995391704
2544,SAMN02649750|CMBMJELL_01728,11,0.05069124423963134
2545,SAMN02649750|CMBMJELL_01817,29,0.1336405529953917
2546,SAMN02649750|CMBMJELL_01819,58,0.2672811059907834
2547,SAMN02649750|CMBMJELL_01820,59,0.271889400921659
2548,SAMN02649750|CMBMJELL_01822,11,0.05069124423963134
2549,SAMN02649750|CMBMJELL_01823,10,0.04608294930875576
2550,SAMN02649750|CMBMJELL_01947,5,0.02304147465437788
2551,SAMN02649750|CMBMJELL_01948,45,0.2073732718894009
2552,SAMN02649750|CMBMJELL_01949,51,0.2350230414746544
2553,SAMN02649750|CMBMJELL_01950,11,0.05069124423963134
2554,SAMN02649750|CMBMJELL_01953,76,0.35023041474654376
2555,SAMN02649750|CMBMJELL_01956,50,0.2304147465437788
2556,SAMN02649750|CMBMJELL_01957,52,0.23963133640552994
2557,SAMN02649750|CMBMJELL_01971,162,0.7465437788018433
2558,SAMN02649750|CMBMJELL_02024,67,0.3087557603686636
2559,SAMN02649750|CMBMJELL_02034,169,0.7788018433179723
2560,SAMN02649750|CMBMJELL_02035,136,0.6267281105990783
2561,SAMN02649750|CMBMJELL_02046,50,0.2304147465437788
2562,SAMN02649750|CMBMJELL_02047,46,0.2119815668202765
2563,SAMN02649750|CMBMJELL_02065,217,1.0
2564,SAMN02649750|CMBMJELL_02068,143,0.6589861751152074
2565,SAMN02649750|CMBMJELL_02128,69,0.31797235023041476
2566,SAMN02649750|CMBMJELL_02129,86,0.39631336405529954
2567,SAMN02649750|CMBMJELL_02130,86,0.39631336405529954
2568,SAMN02649750|CMBMJELL_02138,27,0.12442396313364056
2569,SAMN02649750|CMBMJELL_02139,110,0.5069124423963134
2570,SAMN02649750|CMBMJELL_02141,54,0.2488479262672811
2571,SAMN02649750|CMBMJELL_02151,48,0.22119815668202766
2572,SAMN02649750|CMBMJELL_02194,25,0.1152073732718894
2573,SAMN02649750|CMBMJELL_02195,197,0.9078341013824884
2574,SAMN02649750|CMBMJELL_02196,96,0.4423963133640553
2575,SAMN02649750|CMBMJELL_02198,19,0.08755760368663594
2576,SAMN02649750|CMBMJELL_02200,104,0.4792626728110599
2577,SAMN02649750|CMBMJELL_02214,13,0.059907834101382486
2578,SAMN02649750|CMBMJELL_02215,13,0.059907834101382486
2579,SAMN02649750|CMBMJELL_02216,13,0.059907834101382486
2580,SAMN02649750|CMBMJELL_02217,49,0.22580645161290322
2581,SAMN02649750|CMBMJELL_02218,50,0.2304147465437788
2582,SAMN02649750|CMBMJELL_02257,1,0.004608294930875576
2583,SAMN02649750|CMBMJELL_02291,57,0.2626728110599078
2584,SAMN02649750|CMBMJELL_02292,48,0.22119815668202766
2585,SAMN02649750|CMBMJELL_02360,50,0.2304147465437788
2586,SAMN02649750|CMBMJELL_02361,50,0.2304147465437788
2587,SAMN02649750|CMBMJELL_02364,50,0.2304147465437788
2588,SAMN02649750|CMBMJELL_02365,50,0.2304147465437788
2589,SAMN02649750|CMBMJELL_02366,51,0.2350230414746544
2590,SAMN02649750|CMBMJELL_02367,50,0.2304147465437788
2591,SAMN02649750|CMBMJELL_02368,45,0.2073732718894009
2592,SAMN02649750|CMBMJELL_02370,47,0.21658986175115208
2593,SAMN02649750|CMBMJELL_02371,50,0.2304147465437788
2594,SAMN02649750|CMBMJELL_02373,47,0.21658986175115208
2595,SAMN02649750|CMBMJELL_02374,50,0.2304147465437788
2596,SAMN02649750|CMBMJELL_02379,101,0.46543778801843316
2597,SAMN02649750|CMBMJELL_02382,70,0.3225806451612903
2598,SAMN02649750|CMBMJELL_02388,52,0.23963133640552994
2599,SAMN02649750|CMBMJELL_02397,14,0.06451612903225806
2600,SAMN02649750|CMBMJELL_02401,51,0.2350230414746544
2601,SAMN02649750|CMBMJELL_02407,50,0.2304147465437788
2602,SAMN02649750|CMBMJELL_02411,33,0.15207373271889402
2603,SAMN02649750|CMBMJELL_02412,39,0.17972350230414746
2604,SAMN02649750|CMBMJELL_02413,45,0.2073732718894009
2605,SAMN02649750|CMBMJELL_02414,40,0.18433179723502305
2606,SAMN02649750|CMBMJELL_02415,14,0.06451612903225806
2607,SAMN02649750|CMBMJELL_02448,49,0.22580645161290322
2608,SAMN02649750|CMBMJELL_02451,58,0.2672811059907834
2609,SAMN02649750|CMBMJELL_02452,40,0.18433179723502305
2610,SAMN02649750|CMBMJELL_02453,55,0.2534562211981567
2611,SAMN02649750|CMBMJELL_02454,56,0.25806451612903225
2612,SAMN02649750|CMBMJELL_02455,62,0.2857142857142857
2613,SAMN02649750|CMBMJELL_02456,61,0.28110599078341014
2614,SAMN02649750|CMBMJELL_02457,61,0.28110599078341014
2615,SAMN02649750|CMBMJELL_02458,55,0.2534562211981567
2616,SAMN02649750|CMBMJELL_02459,54,0.2488479262672811
2617,SAMN02649750|CMBMJELL_02464,89,0.41013824884792627
2618,SAMN02649750|CMBMJELL_02517,62,0.2857142857142857
2619,SAMN02649750|CMBMJELL_02524,11,0.05069124423963134
2620,SAMN02649750|CMBMJELL_02525,8,0.03686635944700461
2621,SAMN02649750|CMBMJELL_02526,8,0.03686635944700461
2622,SAMN02649750|CMBMJELL_02527,8,0.03686635944700461
2623,SAMN02649750|CMBMJELL_02528,8,0.03686635944700461
2624,SAMN02649750|CMBMJELL_02529,8,0.03686635944700461
2625,SAMN02649750|CMBMJELL_02530,8,0.03686635944700461
2626,SAMN02649750|CMBMJELL_02532,36,0.16589861751152074
2627,SAMN02649750|CMBMJELL_02538,9,0.041474654377880185
2628,SAMN02649750|CMBMJELL_02544,45,0.2073732718894009
2629,SAMN02649750|CMBMJELL_02549,38,0.17511520737327188
2630,SAMN02649750|CMBMJELL_02553,39,0.17972350230414746
2631,SAMN02649750|CMBMJELL_02554,9,0.041474654377880185
2632,SAMN02649750|CMBMJELL_02556,12,0.055299539170506916
2633,SAMN02649750|CMBMJELL_02558,12,0.055299539170506916
2634,SAMN02649750|CMBMJELL_02559,12,0.055299539170506916
2635,SAMN02649750|CMBMJELL_02560,12,0.055299539170506916
2636,SAMN02649750|CMBMJELL_02561,12,0.055299539170506916
2637,SAMN02649750|CMBMJELL_02562,10,0.04608294930875576
2638,SAMN02649750|CMBMJELL_02563,12,0.055299539170506916
2639,SAMN02649750|CMBMJELL_02564,12,0.055299539170506916
2640,SAMN02649750|CMBMJELL_02565,12,0.055299539170506916
2641,SAMN02649750|CMBMJELL_02566,12,0.055299539170506916
2642,SAMN02649750|CMBMJELL_02568,14,0.06451612903225806
2643,SAMN02649750|CMBMJELL_02569,14,0.06451612903225806
2644,SAMN02649750|CMBMJELL_02570,15,0.06912442396313365
2645,SAMN02649750|CMBMJELL_02571,15,0.06912442396313365
2646,SAMN02649750|CMBMJELL_02572,15,0.06912442396313365
2647,SAMN02649750|CMBMJELL_02573,14,0.06451612903225806
2648,SAMN02649750|CMBMJELL_02574,13,0.059907834101382486
2649,SAMN02649750|CMBMJELL_02575,14,0.06451612903225806
2650,SAMN02649750|CMBMJELL_02576,15,0.06912442396313365
2651,SAMN02649750|CMBMJELL_02577,15,0.06912442396313365
2652,SAMN02649750|CMBMJELL_02578,13,0.059907834101382486
2653,SAMN02649750|CMBMJELL_02579,14,0.06451612903225806
2654,SAMN02649750|CMBMJELL_02580,15,0.06912442396313365
2655,SAMN02649750|CMBMJELL_02581,15,0.06912442396313365
2656,SAMN02649750|CMBMJELL_02582,15,0.06912442396313365
2657,SAMN02649750|CMBMJELL_02615,43,0.19815668202764977
2658,SAMN02649750|CMBMJELL_02619,26,0.11981566820276497
2659,SAMN02649750|CMBMJELL_02620,1,0.004608294930875576
2660,SAMN02649750|CMBMJELL_02621,33,0.15207373271889402
2661,SAMN02649750|CMBMJELL_02622,69,0.31797235023041476
2662,SAMN02649750|CMBMJELL_02623,55,0.2534562211981567
2663,SAMN02649750|CMBMJELL_02624,53,0.24423963133640553
2664,SAMN02649750|CMBMJELL_02625,72,0.3317972350230415
2665,SAMN02649750|CMBMJELL_02626,19,0.08755760368663594
2666,SAMN02649750|CMBMJELL_02627,61,0.28110599078341014
2667,SAMN02649750|CMBMJELL_02629,212,0.9769585253456221
2668,SAMN02649750|CMBMJELL_02631,55,0.2534562211981567
2669,SAMN02649750|CMBMJELL_02632,64,0.29493087557603687
2670,SAMN02649750|CMBMJELL_02633,60,0.2764976958525346
2671,SAMN02649750|CMBMJELL_02641,1,0.004608294930875576
2672,SAMN02649750|CMBMJELL_02671,124,0.5714285714285714
2673,SAMN02649750|CMBMJELL_02672,44,0.20276497695852536
2674,SAMN02649750|CMBMJELL_02673,213,0.9815668202764977
2675,SAMN02649750|CMBMJELL_02681,6,0.027649769585253458
2676,SAMN02649750|CMBMJELL_02713,14,0.06451612903225806
2677,SAMN02649750|CMBMJELL_02718,3,0.013824884792626729
2678,SAMN02649750|CMBMJELL_02719,8,0.03686635944700461
2679,SAMN02649750|CMBMJELL_02720,19,0.08755760368663594
2680,SAMN02649750|CMBMJELL_02726,19,0.08755760368663594
2681,SAMN02649750|CMBMJELL_02734,139,0.6405529953917051
2682,SAMN02649750|CMBMJELL_02737,5,0.02304147465437788
2683,SAMN02649750|CMBMJELL_02742,60,0.2764976958525346
2684,SAMN02649750|CMBMJELL_02747,26,0.11981566820276497
2685,SAMN02649750|CMBMJELL_02748,15,0.06912442396313365
2686,SAMN02649750|CMBMJELL_02751,128,0.5898617511520737
2687,SAMN02649750|CMBMJELL_02752,4,0.018433179723502304
2688,SAMN02649750|CMBMJELL_02754,3,0.013824884792626729
2689,SAMN02649750|CMBMJELL_02760,2,0.009216589861751152
2690,SAMN02649750|CMBMJELL_02777,3,0.013824884792626729
2691,SAMN02649750|CMBMJELL_02781,89,0.41013824884792627
2692,SAMN02649750|CMBMJELL_02783,1,0.004608294930875576
2693,SAMN02649750|CMBMJELL_02784,3,0.013824884792626729
2694,SAMN02649750|CMBMJELL_02785,4,0.018433179723502304
2695,SAMN02649750|CMBMJELL_02789,21,0.0967741935483871
2696,SAMN02649750|CMBMJELL_02791,1,0.004608294930875576
2697,SAMN02649750|CMBMJELL_02792,1,0.004608294930875576
2698,SAMN02649750|CMBMJELL_02793,9,0.041474654377880185
2699,SAMN02649750|CMBMJELL_02803,8,0.03686635944700461
2700,SAMN02649750|CMBMJELL_02806,1,0.004608294930875576
2701,SAMN02649751|IDCLPFCE_00635,216,0.9953917050691244
2702,SAMN02649751|IDCLPFCE_01259,151,0.695852534562212
2703,SAMN02649751|IDCLPFCE_01262,68,0.31336405529953915
2704,SAMN02649751|IDCLPFCE_01477,14,0.06451612903225806
2705,SAMN02649751|IDCLPFCE_01568,24,0.11059907834101383
2706,SAMN02649751|IDCLPFCE_01597,11,0.05069124423963134
2707,SAMN02649751|IDCLPFCE_01598,16,0.07373271889400922
2708,SAMN02649751|IDCLPFCE_01832,1,0.004608294930875576
2709,SAMN02649751|IDCLPFCE_01833,1,0.004608294930875576
2710,SAMN02649751|IDCLPFCE_01842,215,0.9907834101382489
2711,SAMN02649751|IDCLPFCE_02106,4,0.018433179723502304
2712,SAMN02649751|IDCLPFCE_02212,2,0.009216589861751152
2713,SAMN02649751|IDCLPFCE_02213,2,0.009216589861751152
2714,SAMN02649751|IDCLPFCE_02624,3,0.013824884792626729
2715,SAMN02649751|IDCLPFCE_02625,3,0.013824884792626729
2716,SAMN02649751|IDCLPFCE_02626,3,0.013824884792626729
2717,SAMN02649751|IDCLPFCE_02627,3,0.013824884792626729
2718,SAMN02649751|IDCLPFCE_02628,3,0.013824884792626729
2719,SAMN02649751|IDCLPFCE_02629,3,0.013824884792626729
2720,SAMN02649751|IDCLPFCE_02631,2,0.009216589861751152
2721,SAMN02649752|IEIENFOE_00453,8,0.03686635944700461
2722,SAMN02649752|IEIENFOE_00863,3,0.013824884792626729
2723,SAMN02649752|IEIENFOE_00866,32,0.14746543778801843
2724,SAMN02649752|IEIENFOE_00867,34,0.15668202764976957
2725,SAMN02649752|IEIENFOE_00868,30,0.1382488479262673
2726,SAMN02649752|IEIENFOE_00869,32,0.14746543778801843
2727,SAMN02649752|IEIENFOE_00870,32,0.14746543778801843
2728,SAMN02649752|IEIENFOE_00973,6,0.027649769585253458
2729,SAMN02649752|IEIENFOE_01221,108,0.4976958525345622
2730,SAMN02649752|IEIENFOE_01375,14,0.06451612903225806
2731,SAMN02649752|IEIENFOE_01503,10,0.04608294930875576
2732,SAMN02649752|IEIENFOE_01708,170,0.783410138248848
2733,SAMN02649752|IEIENFOE_01738,1,0.004608294930875576
2734,SAMN02649752|IEIENFOE_01931,30,0.1382488479262673
2735,SAMN02649752|IEIENFOE_01932,30,0.1382488479262673
2736,SAMN02649752|IEIENFOE_01972,144,0.663594470046083
2737,SAMN02649752|IEIENFOE_01999,6,0.027649769585253458
2738,SAMN02649752|IEIENFOE_02144,1,0.004608294930875576
2739,SAMN02649752|IEIENFOE_02303,47,0.21658986175115208
2740,SAMN02649752|IEIENFOE_02469,217,1.0
2741,SAMN02649752|IEIENFOE_02510,35,0.16129032258064516
2742,SAMN02649752|IEIENFOE_02512,6,0.027649769585253458
2743,SAMN02649752|IEIENFOE_02545,39,0.17972350230414746
2744,SAMN02649752|IEIENFOE_02561,5,0.02304147465437788
2745,SAMN02649752|IEIENFOE_02623,1,0.004608294930875576
2746,SAMN02649752|IEIENFOE_02626,16,0.07373271889400922
2747,SAMN02649753|CDELCAAK_00001,15,0.06912442396313365
2748,SAMN02649753|CDELCAAK_00002,14,0.06451612903225806
2749,SAMN02649753|CDELCAAK_00132,4,0.018433179723502304
2750,SAMN02649753|CDELCAAK_00133,2,0.009216589861751152
2751,SAMN02649753|CDELCAAK_00758,2,0.009216589861751152
2752,SAMN02649753|CDELCAAK_00759,3,0.013824884792626729
2753,SAMN02649753|CDELCAAK_01145,1,0.004608294930875576
2754,SAMN02649753|CDELCAAK_01560,215,0.9907834101382489
2755,SAMN02649753|CDELCAAK_01785,217,1.0
2756,SAMN02649753|CDELCAAK_02232,2,0.009216589861751152
2757,SAMN02649753|CDELCAAK_02399,33,0.15207373271889402
2758,SAMN02649753|CDELCAAK_02452,49,0.22580645161290322
2759,SAMN02649753|CDELCAAK_02459,35,0.16129032258064516
2760,SAMN02649753|CDELCAAK_02461,35,0.16129032258064516
2761,SAMN02649753|CDELCAAK_02462,33,0.15207373271889402
2762,SAMN02649753|CDELCAAK_02463,35,0.16129032258064516
2763,SAMN02649753|CDELCAAK_02464,36,0.16589861751152074
2764,SAMN02649753|CDELCAAK_02466,36,0.16589861751152074
2765,SAMN02649753|CDELCAAK_02467,36,0.16589861751152074
2766,SAMN02649753|CDELCAAK_02468,36,0.16589861751152074
2767,SAMN02649753|CDELCAAK_02469,35,0.16129032258064516
2768,SAMN02649753|CDELCAAK_02470,35,0.16129032258064516
2769,SAMN02649753|CDELCAAK_02471,33,0.15207373271889402
2770,SAMN02649753|CDELCAAK_02473,35,0.16129032258064516
2771,SAMN02649753|CDELCAAK_02474,35,0.16129032258064516
2772,SAMN02649753|CDELCAAK_02525,128,0.5898617511520737
2773,SAMN02649753|CDELCAAK_02526,3,0.013824884792626729
2774,SAMN02649753|CDELCAAK_02594,5,0.02304147465437788
2775,SAMN02649753|CDELCAAK_02630,9,0.041474654377880185
2776,SAMN02649753|CDELCAAK_02650,19,0.08755760368663594
2777,SAMN02649753|CDELCAAK_02651,18,0.08294930875576037
2778,SAMN02649753|CDELCAAK_02688,1,0.004608294930875576
2779,SAMN02649754|INNGGHJL_00020,1,0.004608294930875576
2780,SAMN02649754|INNGGHJL_00021,1,0.004608294930875576
2781,SAMN02649754|INNGGHJL_00233,217,1.0
2782,SAMN02649754|INNGGHJL_00301,32,0.14746543778801843
2783,SAMN02649754|INNGGHJL_00326,211,0.9723502304147466
2784,SAMN02649754|INNGGHJL_00436,217,1.0
2785,SAMN02649754|INNGGHJL_00518,211,0.9723502304147466
2786,SAMN02649754|INNGGHJL_01127,1,0.004608294930875576
2787,SAMN02649754|INNGGHJL_01128,1,0.004608294930875576
2788,SAMN02649754|INNGGHJL_02080,13,0.059907834101382486
2789,SAMN02649754|INNGGHJL_02081,13,0.059907834101382486
2790,SAMN02649754|INNGGHJL_02151,67,0.3087557603686636
2791,SAMN02649754|INNGGHJL_02240,76,0.35023041474654376
2792,SAMN02649754|INNGGHJL_02672,1,0.004608294930875576
2793,SAMN02649754|INNGGHJL_02682,1,0.004608294930875576
2794,SAMN02649754|INNGGHJL_02683,2,0.009216589861751152
2795,SAMN02649754|INNGGHJL_02689,21,0.0967741935483871
2796,SAMN02649754|INNGGHJL_02691,1,0.004608294930875576
2797,SAMN02649754|INNGGHJL_02697,1,0.004608294930875576
2798,SAMN02649754|INNGGHJL_02706,1,0.004608294930875576
2799,SAMN02649755|JJIGBGDF_00044,20,0.09216589861751152
2800,SAMN02649755|JJIGBGDF_00045,7,0.03225806451612903
2801,SAMN02649755|JJIGBGDF_00046,122,0.5622119815668203
2802,SAMN02649755|JJIGBGDF_00047,9,0.041474654377880185
2803,SAMN02649755|JJIGBGDF_00048,75,0.3456221198156682
2804,SAMN02649755|JJIGBGDF_00068,116,0.5345622119815668
2805,SAMN02649755|JJIGBGDF_00278,6,0.027649769585253458
2806,SAMN02649755|JJIGBGDF_00292,11,0.05069124423963134
2807,SAMN02649755|JJIGBGDF_00307,7,0.03225806451612903
2808,SAMN02649755|JJIGBGDF_00308,10,0.04608294930875576
2809,SAMN02649755|JJIGBGDF_00359,216,0.9953917050691244
2810,SAMN02649755|JJIGBGDF_00381,24,0.11059907834101383
2811,SAMN02649755|JJIGBGDF_00385,217,1.0
2812,SAMN02649755|JJIGBGDF_00404,1,0.004608294930875576
2813,SAMN02649755|JJIGBGDF_00405,34,0.15668202764976957
2814,SAMN02649755|JJIGBGDF_00406,35,0.16129032258064516
2815,SAMN02649755|JJIGBGDF_00419,3,0.013824884792626729
2816,SAMN02649755|JJIGBGDF_00420,9,0.041474654377880185
2817,SAMN02649755|JJIGBGDF_00423,8,0.03686635944700461
2818,SAMN02649755|JJIGBGDF_00424,15,0.06912442396313365
2819,SAMN02649755|JJIGBGDF_00425,3,0.013824884792626729
2820,SAMN02649755|JJIGBGDF_00426,11,0.05069124423963134
2821,SAMN02649755|JJIGBGDF_00427,6,0.027649769585253458
2822,SAMN02649755|JJIGBGDF_00428,17,0.07834101382488479
2823,SAMN02649755|JJIGBGDF_00429,158,0.728110599078341
2824,SAMN02649755|JJIGBGDF_00433,10,0.04608294930875576
2825,SAMN02649755|JJIGBGDF_00460,1,0.004608294930875576
2826,SAMN02649755|JJIGBGDF_00461,1,0.004608294930875576
2827,SAMN02649755|JJIGBGDF_00513,3,0.013824884792626729
2828,SAMN02649755|JJIGBGDF_00526,5,0.02304147465437788
2829,SAMN02649755|JJIGBGDF_00539,1,0.004608294930875576
2830,SAMN02649755|JJIGBGDF_00626,216,0.9953917050691244
2831,SAMN02649755|JJIGBGDF_00646,133,0.6129032258064516
2832,SAMN02649755|JJIGBGDF_00681,1,0.004608294930875576
2833,SAMN02649755|JJIGBGDF_00738,19,0.08755760368663594
2834,SAMN02649755|JJIGBGDF_00791,1,0.004608294930875576
2835,SAMN02649755|JJIGBGDF_00793,7,0.03225806451612903
2836,SAMN02649755|JJIGBGDF_00794,10,0.04608294930875576
2837,SAMN02649755|JJIGBGDF_00795,8,0.03686635944700461
2838,SAMN02649755|JJIGBGDF_00796,10,0.04608294930875576
2839,SAMN02649755|JJIGBGDF_00797,7,0.03225806451612903
2840,SAMN02649755|JJIGBGDF_00798,8,0.03686635944700461
2841,SAMN02649755|JJIGBGDF_00871,5,0.02304147465437788
2842,SAMN02649755|JJIGBGDF_01123,10,0.04608294930875576
2843,SAMN02649755|JJIGBGDF_01387,1,0.004608294930875576
2844,SAMN02649755|JJIGBGDF_01416,216,0.9953917050691244
2845,SAMN02649755|JJIGBGDF_01424,1,0.004608294930875576
2846,SAMN02649755|JJIGBGDF_01426,7,0.03225806451612903
2847,SAMN02649755|JJIGBGDF_01438,3,0.013824884792626729
2848,SAMN02649755|JJIGBGDF_01440,3,0.013824884792626729
2849,SAMN02649755|JJIGBGDF_01444,3,0.013824884792626729
2850,SAMN02649755|JJIGBGDF_01476,133,0.6129032258064516
2851,SAMN02649755|JJIGBGDF_01482,26,0.11981566820276497
2852,SAMN02649755|JJIGBGDF_01483,23,0.10599078341013825
2853,SAMN02649755|JJIGBGDF_01487,8,0.03686635944700461
2854,SAMN02649755|JJIGBGDF_01488,66,0.30414746543778803
2855,SAMN02649755|JJIGBGDF_01500,16,0.07373271889400922
2856,SAMN02649755|JJIGBGDF_01501,39,0.17972350230414746
2857,SAMN02649755|JJIGBGDF_01502,6,0.027649769585253458
2858,SAMN02649755|JJIGBGDF_01503,6,0.027649769585253458
2859,SAMN02649755|JJIGBGDF_01504,6,0.027649769585253458
2860,SAMN02649755|JJIGBGDF_01505,5,0.02304147465437788
2861,SAMN02649755|JJIGBGDF_01509,58,0.2672811059907834
2862,SAMN02649755|JJIGBGDF_01510,53,0.24423963133640553
2863,SAMN02649755|JJIGBGDF_01513,18,0.08294930875576037
2864,SAMN02649755|JJIGBGDF_01514,20,0.09216589861751152
2865,SAMN02649755|JJIGBGDF_01515,18,0.08294930875576037
2866,SAMN02649755|JJIGBGDF_01520,7,0.03225806451612903
2867,SAMN02649755|JJIGBGDF_01521,7,0.03225806451612903
2868,SAMN02649755|JJIGBGDF_01547,216,0.9953917050691244
2869,SAMN02649755|JJIGBGDF_01901,59,0.271889400921659
2870,SAMN02649755|JJIGBGDF_02075,12,0.055299539170506916
2871,SAMN02649755|JJIGBGDF_02076,6,0.027649769585253458
2872,SAMN02649755|JJIGBGDF_02085,1,0.004608294930875576
2873,SAMN02649755|JJIGBGDF_02086,1,0.004608294930875576
2874,SAMN02649755|JJIGBGDF_02138,3,0.013824884792626729
2875,SAMN02649755|JJIGBGDF_02139,3,0.013824884792626729
2876,SAMN02649755|JJIGBGDF_02161,4,0.018433179723502304
2877,SAMN02649755|JJIGBGDF_02237,27,0.12442396313364056
2878,SAMN02649755|JJIGBGDF_02307,1,0.004608294930875576
2879,SAMN02649755|JJIGBGDF_02319,6,0.027649769585253458
2880,SAMN02649755|JJIGBGDF_02390,3,0.013824884792626729
2881,SAMN02649755|JJIGBGDF_02391,3,0.013824884792626729
2882,SAMN02649755|JJIGBGDF_02454,44,0.20276497695852536
2883,SAMN02649755|JJIGBGDF_02485,6,0.027649769585253458
2884,SAMN02649755|JJIGBGDF_02486,3,0.013824884792626729
2885,SAMN02649755|JJIGBGDF_02489,17,0.07834101382488479
2886,SAMN02649755|JJIGBGDF_02490,13,0.059907834101382486
2887,SAMN02649755|JJIGBGDF_02495,120,0.5529953917050692
2888,SAMN02649755|JJIGBGDF_02504,3,0.013824884792626729
2889,SAMN02649755|JJIGBGDF_02506,29,0.1336405529953917
2890,SAMN02649755|JJIGBGDF_02509,2,0.009216589861751152
2891,SAMN02649755|JJIGBGDF_02511,65,0.2995391705069124
2892,SAMN02649755|JJIGBGDF_02512,3,0.013824884792626729
2893,SAMN02649755|JJIGBGDF_02518,47,0.21658986175115208
2894,SAMN02649755|JJIGBGDF_02519,1,0.004608294930875576
2895,SAMN02649755|JJIGBGDF_02521,45,0.2073732718894009
2896,SAMN02649755|JJIGBGDF_02522,47,0.21658986175115208
2897,SAMN02649755|JJIGBGDF_02524,14,0.06451612903225806
2898,SAMN02649755|JJIGBGDF_02532,5,0.02304147465437788
2899,SAMN02649755|JJIGBGDF_02571,2,0.009216589861751152
2900,SAMN02649755|JJIGBGDF_02572,16,0.07373271889400922
2901,SAMN02649756|COHPILOO_00129,2,0.009216589861751152
2902,SAMN02649756|COHPILOO_00138,13,0.059907834101382486
2903,SAMN02649756|COHPILOO_00161,1,0.004608294930875576
2904,SAMN02649756|COHPILOO_00162,6,0.027649769585253458
2905,SAMN02649756|COHPILOO_00817,1,0.004608294930875576
2906,SAMN02649756|COHPILOO_00910,1,0.004608294930875576
2907,SAMN02649756|COHPILOO_00911,1,0.004608294930875576
2908,SAMN02649756|COHPILOO_01288,1,0.004608294930875576
2909,SAMN02649756|COHPILOO_01345,1,0.004608294930875576
2910,SAMN02649756|COHPILOO_02261,27,0.12442396313364056
2911,SAMN02649756|COHPILOO_02292,13,0.059907834101382486
2912,SAMN02649756|COHPILOO_02469,3,0.013824884792626729
2913,SAMN02649756|COHPILOO_02473,1,0.004608294930875576
2914,SAMN02649756|COHPILOO_02474,1,0.004608294930875576
2915,SAMN02649756|COHPILOO_02578,10,0.04608294930875576
2916,SAMN02649756|COHPILOO_02650,8,0.03686635944700461
2917,SAMN02649756|COHPILOO_02694,1,0.004608294930875576
2918,SAMN02649756|COHPILOO_02695,1,0.004608294930875576
2919,SAMN02649756|COHPILOO_02707,9,0.041474654377880185
2920,SAMN02649757|CENKFCMO_00599,5,0.02304147465437788
2921,SAMN02649757|CENKFCMO_00621,20,0.09216589861751152
2922,SAMN02649757|CENKFCMO_00622,25,0.1152073732718894
2923,SAMN02649757|CENKFCMO_00629,10,0.04608294930875576
2924,SAMN02649757|CENKFCMO_00642,38,0.17511520737327188
2925,SAMN02649757|CENKFCMO_00643,26,0.11981566820276497
2926,SAMN02649757|CENKFCMO_00644,28,0.12903225806451613
2927,SAMN02649757|CENKFCMO_00645,15,0.06912442396313365
2928,SAMN02649757|CENKFCMO_00647,33,0.15207373271889402
2929,SAMN02649757|CENKFCMO_00648,33,0.15207373271889402
2930,SAMN02649757|CENKFCMO_00649,69,0.31797235023041476
2931,SAMN02649757|CENKFCMO_00652,52,0.23963133640552994
2932,SAMN02649757|CENKFCMO_00655,28,0.12903225806451613
2933,SAMN02649757|CENKFCMO_00656,23,0.10599078341013825
2934,SAMN02649757|CENKFCMO_00664,23,0.10599078341013825
2935,SAMN02649757|CENKFCMO_00665,46,0.2119815668202765
2936,SAMN02649757|CENKFCMO_00884,17,0.07834101382488479
2937,SAMN02649757|CENKFCMO_02607,12,0.055299539170506916
2938,SAMN02649757|CENKFCMO_02608,18,0.08294930875576037
2939,SAMN02649757|CENKFCMO_02609,20,0.09216589861751152
2940,SAMN02649757|CENKFCMO_02651,26,0.11981566820276497
2941,SAMN02649757|CENKFCMO_02654,32,0.14746543778801843
2942,SAMN02649757|CENKFCMO_02655,33,0.15207373271889402
2943,SAMN02649757|CENKFCMO_02657,2,0.009216589861751152
2944,SAMN02649757|CENKFCMO_02691,1,0.004608294930875576
2945,SAMN02649757|CENKFCMO_02704,1,0.004608294930875576
2946,SAMN02649757|CENKFCMO_02709,13,0.059907834101382486
2947,SAMN02649757|CENKFCMO_02712,1,0.004608294930875576
2948,SAMN02649757|CENKFCMO_02728,1,0.004608294930875576
2949,SAMN02649757|CENKFCMO_02731,3,0.013824884792626729
2950,SAMN02649758|DJAKCMMD_00109,11,0.05069124423963134
2951,SAMN02649758|DJAKCMMD_00185,110,0.5069124423963134
2952,SAMN02649758|DJAKCMMD_00220,43,0.19815668202764977
2953,SAMN02649758|DJAKCMMD_00286,18,0.08294930875576037
2954,SAMN02649758|DJAKCMMD_00287,18,0.08294930875576037
2955,SAMN02649758|DJAKCMMD_00294,15,0.06912442396313365
2956,SAMN02649758|DJAKCMMD_00408,18,0.08294930875576037
2957,SAMN02649758|DJAKCMMD_00607,1,0.004608294930875576
2958,SAMN02649758|DJAKCMMD_00668,19,0.08755760368663594
2959,SAMN02649758|DJAKCMMD_00669,14,0.06451612903225806
2960,SAMN02649758|DJAKCMMD_00670,23,0.10599078341013825
2961,SAMN02649758|DJAKCMMD_00671,15,0.06912442396313365
2962,SAMN02649758|DJAKCMMD_00672,15,0.06912442396313365
2963,SAMN02649758|DJAKCMMD_00673,15,0.06912442396313365
2964,SAMN02649758|DJAKCMMD_00674,15,0.06912442396313365
2965,SAMN02649758|DJAKCMMD_00675,18,0.08294930875576037
2966,SAMN02649758|DJAKCMMD_00676,16,0.07373271889400922
2967,SAMN02649758|DJAKCMMD_00677,18,0.08294930875576037
2968,SAMN02649758|DJAKCMMD_00678,18,0.08294930875576037
2969,SAMN02649758|DJAKCMMD_00872,15,0.06912442396313365
2970,SAMN02649758|DJAKCMMD_00923,1,0.004608294930875576
2971,SAMN02649758|DJAKCMMD_00927,14,0.06451612903225806
2972,SAMN02649758|DJAKCMMD_00928,36,0.16589861751152074
2973,SAMN02649758|DJAKCMMD_00929,15,0.06912442396313365
2974,SAMN02649758|DJAKCMMD_00930,15,0.06912442396313365
2975,SAMN02649758|DJAKCMMD_00931,15,0.06912442396313365
2976,SAMN02649758|DJAKCMMD_00932,15,0.06912442396313365
2977,SAMN02649758|DJAKCMMD_00933,15,0.06912442396313365
2978,SAMN02649758|DJAKCMMD_00934,15,0.06912442396313365
2979,SAMN02649758|DJAKCMMD_00935,14,0.06451612903225806
2980,SAMN02649758|DJAKCMMD_00936,14,0.06451612903225806
2981,SAMN02649758|DJAKCMMD_00943,2,0.009216589861751152
2982,SAMN02649758|DJAKCMMD_01031,15,0.06912442396313365
2983,SAMN02649758|DJAKCMMD_01044,25,0.1152073732718894
2984,SAMN02649758|DJAKCMMD_01045,25,0.1152073732718894
2985,SAMN02649758|DJAKCMMD_01062,14,0.06451612903225806
2986,SAMN02649758|DJAKCMMD_01115,1,0.004608294930875576
2987,SAMN02649758|DJAKCMMD_01120,14,0.06451612903225806
2988,SAMN02649758|DJAKCMMD_01168,13,0.059907834101382486
2989,SAMN02649758|DJAKCMMD_01227,32,0.14746543778801843
2990,SAMN02649758|DJAKCMMD_01267,54,0.2488479262672811
2991,SAMN02649758|DJAKCMMD_01495,18,0.08294930875576037
2992,SAMN02649758|DJAKCMMD_01496,18,0.08294930875576037
2993,SAMN02649758|DJAKCMMD_01497,18,0.08294930875576037
2994,SAMN02649758|DJAKCMMD_01499,18,0.08294930875576037
2995,SAMN02649758|DJAKCMMD_01501,18,0.08294930875576037
2996,SAMN02649758|DJAKCMMD_01502,122,0.5622119815668203
2997,SAMN02649758|DJAKCMMD_01671,3,0.013824884792626729
2998,SAMN02649758|DJAKCMMD_01672,17,0.07834101382488479
2999,SAMN02649758|DJAKCMMD_01736,5,0.02304147465437788
3000,SAMN02649758|DJAKCMMD_01775,4,0.018433179723502304
3001,SAMN02649758|DJAKCMMD_01864,15,0.06912442396313365
3002,SAMN02649758|DJAKCMMD_01865,15,0.06912442396313365
3003,SAMN02649758|DJAKCMMD_02084,29,0.1336405529953917
3004,SAMN02649758|DJAKCMMD_02085,25,0.1152073732718894
3005,SAMN02649758|DJAKCMMD_02086,25,0.1152073732718894
3006,SAMN02649758|DJAKCMMD_02087,25,0.1152073732718894
3007,SAMN02649758|DJAKCMMD_02088,25,0.1152073732718894
3008,SAMN02649758|DJAKCMMD_02089,24,0.11059907834101383
3009,SAMN02649758|DJAKCMMD_02091,44,0.20276497695852536
3010,SAMN02649758|DJAKCMMD_02092,39,0.17972350230414746
3011,SAMN02649758|DJAKCMMD_02093,56,0.25806451612903225
3012,SAMN02649758|DJAKCMMD_02108,60,0.2764976958525346
3013,SAMN02649758|DJAKCMMD_02144,20,0.09216589861751152
3014,SAMN02649758|DJAKCMMD_02269,18,0.08294930875576037
3015,SAMN02649759|KJDNBNKE_00346,217,1.0
3016,SAMN02649759|KJDNBNKE_00590,1,0.004608294930875576
3017,SAMN02649759|KJDNBNKE_00591,1,0.004608294930875576
3018,SAMN02649759|KJDNBNKE_00615,1,0.004608294930875576
3019,SAMN02649759|KJDNBNKE_00962,9,0.041474654377880185
3020,SAMN02649759|KJDNBNKE_00963,9,0.041474654377880185
3021,SAMN02649759|KJDNBNKE_00971,1,0.004608294930875576
3022,SAMN02649759|KJDNBNKE_00972,2,0.009216589861751152
3023,SAMN02649759|KJDNBNKE_01026,1,0.004608294930875576
3024,SAMN02649759|KJDNBNKE_01187,11,0.05069124423963134
3025,SAMN02649759|KJDNBNKE_01344,1,0.004608294930875576
3026,SAMN02649759|KJDNBNKE_01345,1,0.004608294930875576
3027,SAMN02649759|KJDNBNKE_01456,25,0.1152073732718894
3028,SAMN02649759|KJDNBNKE_01646,1,0.004608294930875576
3029,SAMN02649759|KJDNBNKE_01960,211,0.9723502304147466
3030,SAMN02649759|KJDNBNKE_02183,1,0.004608294930875576
3031,SAMN02649759|KJDNBNKE_02184,1,0.004608294930875576
3032,SAMN02649759|KJDNBNKE_02427,11,0.05069124423963134
3033,SAMN02649759|KJDNBNKE_02428,10,0.04608294930875576
3034,SAMN02649759|KJDNBNKE_02431,60,0.2764976958525346
3035,SAMN02649759|KJDNBNKE_02443,1,0.004608294930875576
3036,SAMN02649759|KJDNBNKE_02455,13,0.059907834101382486
3037,SAMN02649760|FDGMNHMN_00510,1,0.004608294930875576
3038,SAMN02649760|FDGMNHMN_00940,2,0.009216589861751152
3039,SAMN02649760|FDGMNHMN_00941,1,0.004608294930875576
3040,SAMN02649760|FDGMNHMN_01103,18,0.08294930875576037
3041,SAMN02649760|FDGMNHMN_01142,1,0.004608294930875576
3042,SAMN02649760|FDGMNHMN_01414,1,0.004608294930875576
3043,SAMN02649760|FDGMNHMN_01529,1,0.004608294930875576
3044,SAMN02649760|FDGMNHMN_01788,1,0.004608294930875576
3045,SAMN02649760|FDGMNHMN_01789,1,0.004608294930875576
3046,SAMN02649760|FDGMNHMN_01832,1,0.004608294930875576
3047,SAMN02649760|FDGMNHMN_01848,1,0.004608294930875576
3048,SAMN02649760|FDGMNHMN_01887,3,0.013824884792626729
3049,SAMN02649760|FDGMNHMN_01960,3,0.013824884792626729
3050,SAMN02649760|FDGMNHMN_01997,1,0.004608294930875576
3051,SAMN02649760|FDGMNHMN_02062,1,0.004608294930875576
3052,SAMN02649760|FDGMNHMN_02257,9,0.041474654377880185
3053,SAMN02649760|FDGMNHMN_02260,8,0.03686635944700461
3054,SAMN02649760|FDGMNHMN_02262,16,0.07373271889400922
3055,SAMN02649760|FDGMNHMN_02395,1,0.004608294930875576
3056,SAMN02649760|FDGMNHMN_02396,2,0.009216589861751152
3057,SAMN02649760|FDGMNHMN_02517,193,0.8894009216589862
3058,SAMN02649761|OBCDPJDH_00602,26,0.11981566820276497
3059,SAMN02649761|OBCDPJDH_00660,217,1.0
3060,SAMN02649761|OBCDPJDH_01259,1,0.004608294930875576
3061,SAMN02649761|OBCDPJDH_01295,1,0.004608294930875576
3062,SAMN02649761|OBCDPJDH_01639,52,0.23963133640552994
3063,SAMN02649761|OBCDPJDH_01643,8,0.03686635944700461
3064,SAMN02649761|OBCDPJDH_01648,10,0.04608294930875576
3065,SAMN02649761|OBCDPJDH_01649,10,0.04608294930875576
3066,SAMN02649761|OBCDPJDH_01663,26,0.11981566820276497
3067,SAMN02649761|OBCDPJDH_02138,2,0.009216589861751152
3068,SAMN02649761|OBCDPJDH_02149,85,0.391705069124424
3069,SAMN02649761|OBCDPJDH_02169,154,0.7096774193548387
3070,SAMN02649761|OBCDPJDH_02285,4,0.018433179723502304
3071,SAMN02649761|OBCDPJDH_02375,1,0.004608294930875576
3072,SAMN02649761|OBCDPJDH_02376,1,0.004608294930875576
3073,SAMN02649761|OBCDPJDH_02572,1,0.004608294930875576
3074,SAMN02649761|OBCDPJDH_02635,3,0.013824884792626729
3075,SAMN02649761|OBCDPJDH_02707,12,0.055299539170506916
3076,SAMN02649761|OBCDPJDH_02712,4,0.018433179723502304
3077,SAMN02649761|OBCDPJDH_02714,6,0.027649769585253458
3078,SAMN02649761|OBCDPJDH_02715,2,0.009216589861751152
3079,SAMN02649761|OBCDPJDH_02716,3,0.013824884792626729
3080,SAMN02649761|OBCDPJDH_02718,1,0.004608294930875576
3081,SAMN02649761|OBCDPJDH_02719,2,0.009216589861751152
3082,SAMN02649761|OBCDPJDH_02725,3,0.013824884792626729
3083,SAMN02649761|OBCDPJDH_02727,1,0.004608294930875576
3084,SAMN02649762|NKKMHGPN_00385,217,1.0
3085,SAMN02649762|NKKMHGPN_00780,217,1.0
3086,SAMN02649762|NKKMHGPN_01198,32,0.14746543778801843
3087,SAMN02649762|NKKMHGPN_01623,192,0.8847926267281107
3088,SAMN02649762|NKKMHGPN_02256,2,0.009216589861751152
3089,SAMN02649762|NKKMHGPN_02671,1,0.004608294930875576
3090,SAMN02649762|NKKMHGPN_02678,5,0.02304147465437788
3091,SAMN02649762|NKKMHGPN_02693,1,0.004608294930875576
3092,SAMN02649763|NHIANPIM_00003,211,0.9723502304147466
3093,SAMN02649763|NHIANPIM_00416,2,0.009216589861751152
3094,SAMN02649763|NHIANPIM_00831,102,0.4700460829493088
3095,SAMN02649763|NHIANPIM_00839,48,0.22119815668202766
3096,SAMN02649763|NHIANPIM_00846,217,1.0
3097,SAMN02649763|NHIANPIM_00868,44,0.20276497695852536
3098,SAMN02649763|NHIANPIM_00869,49,0.22580645161290322
3099,SAMN02649763|NHIANPIM_00870,42,0.1935483870967742
3100,SAMN02649763|NHIANPIM_00871,28,0.12903225806451613
3101,SAMN02649763|NHIANPIM_00963,45,0.2073732718894009
3102,SAMN02649763|NHIANPIM_00986,210,0.967741935483871
3103,SAMN02649763|NHIANPIM_00990,30,0.1382488479262673
3104,SAMN02649763|NHIANPIM_00991,33,0.15207373271889402
3105,SAMN02649763|NHIANPIM_00992,33,0.15207373271889402
3106,SAMN02649763|NHIANPIM_00998,25,0.1152073732718894
3107,SAMN02649763|NHIANPIM_00999,29,0.1336405529953917
3108,SAMN02649763|NHIANPIM_01000,38,0.17511520737327188
3109,SAMN02649763|NHIANPIM_01001,38,0.17511520737327188
3110,SAMN02649763|NHIANPIM_01002,18,0.08294930875576037
3111,SAMN02649763|NHIANPIM_01004,20,0.09216589861751152
3112,SAMN02649763|NHIANPIM_01005,21,0.0967741935483871
3113,SAMN02649763|NHIANPIM_01023,1,0.004608294930875576
3114,SAMN02649763|NHIANPIM_01024,2,0.009216589861751152
3115,SAMN02649763|NHIANPIM_01216,1,0.004608294930875576
3116,SAMN02649763|NHIANPIM_01217,1,0.004608294930875576
3117,SAMN02649763|NHIANPIM_01265,1,0.004608294930875576
3118,SAMN02649763|NHIANPIM_01266,1,0.004608294930875576
3119,SAMN02649763|NHIANPIM_01469,3,0.013824884792626729
3120,SAMN02649763|NHIANPIM_01470,12,0.055299539170506916
3121,SAMN02649763|NHIANPIM_01486,2,0.009216589861751152
3122,SAMN02649763|NHIANPIM_01487,1,0.004608294930875576
3123,SAMN02649763|NHIANPIM_01488,1,0.004608294930875576
3124,SAMN02649763|NHIANPIM_01576,76,0.35023041474654376
3125,SAMN02649763|NHIANPIM_01580,58,0.2672811059907834
3126,SAMN02649763|NHIANPIM_01592,3,0.013824884792626729
3127,SAMN02649763|NHIANPIM_01626,2,0.009216589861751152
3128,SAMN02649763|NHIANPIM_01627,3,0.013824884792626729
3129,SAMN02649763|NHIANPIM_01674,1,0.004608294930875576
3130,SAMN02649763|NHIANPIM_01675,1,0.004608294930875576
3131,SAMN02649763|NHIANPIM_01676,8,0.03686635944700461
3132,SAMN02649763|NHIANPIM_01678,9,0.041474654377880185
3133,SAMN02649763|NHIANPIM_01679,10,0.04608294930875576
3134,SAMN02649763|NHIANPIM_01680,9,0.041474654377880185
3135,SAMN02649763|NHIANPIM_01681,8,0.03686635944700461
3136,SAMN02649763|NHIANPIM_01682,8,0.03686635944700461
3137,SAMN02649763|NHIANPIM_01683,8,0.03686635944700461
3138,SAMN02649763|NHIANPIM_01685,7,0.03225806451612903
3139,SAMN02649763|NHIANPIM_01776,18,0.08294930875576037
3140,SAMN02649763|NHIANPIM_01777,22,0.10138248847926268
3141,SAMN02649763|NHIANPIM_01779,27,0.12442396313364056
3142,SAMN02649763|NHIANPIM_01789,8,0.03686635944700461
3143,SAMN02649763|NHIANPIM_01811,2,0.009216589861751152
3144,SAMN02649763|NHIANPIM_01826,21,0.0967741935483871
3145,SAMN02649763|NHIANPIM_01864,217,1.0
3146,SAMN02649763|NHIANPIM_01909,62,0.2857142857142857
3147,SAMN02649763|NHIANPIM_01920,1,0.004608294930875576
3148,SAMN02649763|NHIANPIM_01921,1,0.004608294930875576
3149,SAMN02649763|NHIANPIM_01959,2,0.009216589861751152
3150,SAMN02649763|NHIANPIM_01960,2,0.009216589861751152
3151,SAMN02649763|NHIANPIM_01961,1,0.004608294930875576
3152,SAMN02649763|NHIANPIM_01962,2,0.009216589861751152
3153,SAMN02649763|NHIANPIM_01963,2,0.009216589861751152
3154,SAMN02649763|NHIANPIM_01964,1,0.004608294930875576
3155,SAMN02649763|NHIANPIM_01965,2,0.009216589861751152
3156,SAMN02649763|NHIANPIM_01966,2,0.009216589861751152
3157,SAMN02649763|NHIANPIM_01967,2,0.009216589861751152
3158,SAMN02649763|NHIANPIM_01968,2,0.009216589861751152
3159,SAMN02649763|NHIANPIM_01969,2,0.009216589861751152
3160,SAMN02649763|NHIANPIM_01970,2,0.009216589861751152
3161,SAMN02649763|NHIANPIM_01971,2,0.009216589861751152
3162,SAMN02649763|NHIANPIM_01972,2,0.009216589861751152
3163,SAMN02649763|NHIANPIM_01973,1,0.004608294930875576
3164,SAMN02649763|NHIANPIM_01974,1,0.004608294930875576
3165,SAMN02649763|NHIANPIM_01975,2,0.009216589861751152
3166,SAMN02649763|NHIANPIM_01976,2,0.009216589861751152
3167,SAMN02649763|NHIANPIM_01977,2,0.009216589861751152
3168,SAMN02649763|NHIANPIM_01978,2,0.009216589861751152
3169,SAMN02649763|NHIANPIM_01979,2,0.009216589861751152
3170,SAMN02649763|NHIANPIM_01980,2,0.009216589861751152
3171,SAMN02649763|NHIANPIM_01981,2,0.009216589861751152
3172,SAMN02649763|NHIANPIM_01982,2,0.009216589861751152
3173,SAMN02649763|NHIANPIM_01983,2,0.009216589861751152
3174,SAMN02649763|NHIANPIM_01984,2,0.009216589861751152
3175,SAMN02649763|NHIANPIM_01985,2,0.009216589861751152
3176,SAMN02649763|NHIANPIM_01986,2,0.009216589861751152
3177,SAMN02649763|NHIANPIM_01987,2,0.009216589861751152
3178,SAMN02649763|NHIANPIM_01988,2,0.009216589861751152
3179,SAMN02649763|NHIANPIM_01989,2,0.009216589861751152
3180,SAMN02649763|NHIANPIM_01990,2,0.009216589861751152
3181,SAMN02649763|NHIANPIM_01991,2,0.009216589861751152
3182,SAMN02649763|NHIANPIM_01992,2,0.009216589861751152
3183,SAMN02649763|NHIANPIM_01993,1,0.004608294930875576
3184,SAMN02649763|NHIANPIM_01994,2,0.009216589861751152
3185,SAMN02649763|NHIANPIM_01995,2,0.009216589861751152
3186,SAMN02649763|NHIANPIM_01996,2,0.009216589861751152
3187,SAMN02649763|NHIANPIM_01997,2,0.009216589861751152
3188,SAMN02649763|NHIANPIM_01998,1,0.004608294930875576
3189,SAMN02649763|NHIANPIM_01999,1,0.004608294930875576
3190,SAMN02649763|NHIANPIM_02000,1,0.004608294930875576
3191,SAMN02649763|NHIANPIM_02001,1,0.004608294930875576
3192,SAMN02649763|NHIANPIM_02002,1,0.004608294930875576
3193,SAMN02649763|NHIANPIM_02003,1,0.004608294930875576
3194,SAMN02649763|NHIANPIM_02004,1,0.004608294930875576
3195,SAMN02649763|NHIANPIM_02005,2,0.009216589861751152
3196,SAMN02649763|NHIANPIM_02006,1,0.004608294930875576
3197,SAMN02649763|NHIANPIM_02007,1,0.004608294930875576
3198,SAMN02649763|NHIANPIM_02066,1,0.004608294930875576
3199,SAMN02649763|NHIANPIM_02067,2,0.009216589861751152
3200,SAMN02649763|NHIANPIM_02068,2,0.009216589861751152
3201,SAMN02649763|NHIANPIM_02069,2,0.009216589861751152
3202,SAMN02649763|NHIANPIM_02070,2,0.009216589861751152
3203,SAMN02649763|NHIANPIM_02071,1,0.004608294930875576
3204,SAMN02649763|NHIANPIM_02072,1,0.004608294930875576
3205,SAMN02649763|NHIANPIM_02073,1,0.004608294930875576
3206,SAMN02649763|NHIANPIM_02074,2,0.009216589861751152
3207,SAMN02649763|NHIANPIM_02075,1,0.004608294930875576
3208,SAMN02649763|NHIANPIM_02076,2,0.009216589861751152
3209,SAMN02649763|NHIANPIM_02077,2,0.009216589861751152
3210,SAMN02649763|NHIANPIM_02078,2,0.009216589861751152
3211,SAMN02649763|NHIANPIM_02079,2,0.009216589861751152
3212,SAMN02649763|NHIANPIM_02080,2,0.009216589861751152
3213,SAMN02649763|NHIANPIM_02081,2,0.009216589861751152
3214,SAMN02649763|NHIANPIM_02082,2,0.009216589861751152
3215,SAMN02649763|NHIANPIM_02083,2,0.009216589861751152
3216,SAMN02649763|NHIANPIM_02084,2,0.009216589861751152
3217,SAMN02649763|NHIANPIM_02085,2,0.009216589861751152
3218,SAMN02649763|NHIANPIM_02086,2,0.009216589861751152
3219,SAMN02649763|NHIANPIM_02087,2,0.009216589861751152
3220,SAMN02649763|NHIANPIM_02088,2,0.009216589861751152
3221,SAMN02649763|NHIANPIM_02089,2,0.009216589861751152
3222,SAMN02649763|NHIANPIM_02090,2,0.009216589861751152
3223,SAMN02649763|NHIANPIM_02091,2,0.009216589861751152
3224,SAMN02649763|NHIANPIM_02092,2,0.009216589861751152
3225,SAMN02649763|NHIANPIM_02093,2,0.009216589861751152
3226,SAMN02649763|NHIANPIM_02094,2,0.009216589861751152
3227,SAMN02649763|NHIANPIM_02095,2,0.009216589861751152
3228,SAMN02649763|NHIANPIM_02096,2,0.009216589861751152
3229,SAMN02649763|NHIANPIM_02097,2,0.009216589861751152
3230,SAMN02649763|NHIANPIM_02098,2,0.009216589861751152
3231,SAMN02649763|NHIANPIM_02099,2,0.009216589861751152
3232,SAMN02649763|NHIANPIM_02100,1,0.004608294930875576
3233,SAMN02649763|NHIANPIM_02101,2,0.009216589861751152
3234,SAMN02649763|NHIANPIM_02102,2,0.009216589861751152
3235,SAMN02649763|NHIANPIM_02103,2,0.009216589861751152
3236,SAMN02649763|NHIANPIM_02104,2,0.009216589861751152
3237,SAMN02649763|NHIANPIM_02105,2,0.009216589861751152
3238,SAMN02649763|NHIANPIM_02127,7,0.03225806451612903
3239,SAMN02649763|NHIANPIM_02128,3,0.013824884792626729
3240,SAMN02649763|NHIANPIM_02198,2,0.009216589861751152
3241,SAMN02649763|NHIANPIM_02199,2,0.009216589861751152
3242,SAMN02649763|NHIANPIM_02200,3,0.013824884792626729
3243,SAMN02649763|NHIANPIM_02201,3,0.013824884792626729
3244,SAMN02649763|NHIANPIM_02202,2,0.009216589861751152
3245,SAMN02649763|NHIANPIM_02203,2,0.009216589861751152
3246,SAMN02649763|NHIANPIM_02336,46,0.2119815668202765
3247,SAMN02649763|NHIANPIM_02337,18,0.08294930875576037
3248,SAMN02649763|NHIANPIM_02338,28,0.12903225806451613
3249,SAMN02649763|NHIANPIM_02339,29,0.1336405529953917
3250,SAMN02649763|NHIANPIM_02340,29,0.1336405529953917
3251,SAMN02649763|NHIANPIM_02341,29,0.1336405529953917
3252,SAMN02649763|NHIANPIM_02342,29,0.1336405529953917
3253,SAMN02649763|NHIANPIM_02343,25,0.1152073732718894
3254,SAMN02649763|NHIANPIM_02344,8,0.03686635944700461
3255,SAMN02649763|NHIANPIM_02345,16,0.07373271889400922
3256,SAMN02649763|NHIANPIM_02346,1,0.004608294930875576
3257,SAMN02649763|NHIANPIM_02348,2,0.009216589861751152
3258,SAMN02649763|NHIANPIM_02349,2,0.009216589861751152
3259,SAMN02649763|NHIANPIM_02350,2,0.009216589861751152
3260,SAMN02649763|NHIANPIM_02351,2,0.009216589861751152
3261,SAMN02649763|NHIANPIM_02353,4,0.018433179723502304
3262,SAMN02649763|NHIANPIM_02354,2,0.009216589861751152
3263,SAMN02649763|NHIANPIM_02355,3,0.013824884792626729
3264,SAMN02649763|NHIANPIM_02356,1,0.004608294930875576
3265,SAMN02649763|NHIANPIM_02357,2,0.009216589861751152
3266,SAMN02649763|NHIANPIM_02358,2,0.009216589861751152
3267,SAMN02649763|NHIANPIM_02455,2,0.009216589861751152
3268,SAMN02649763|NHIANPIM_02456,6,0.027649769585253458
3269,SAMN02649763|NHIANPIM_02468,4,0.018433179723502304
3270,SAMN02649763|NHIANPIM_02469,6,0.027649769585253458
3271,SAMN02649763|NHIANPIM_02476,5,0.02304147465437788
3272,SAMN02649763|NHIANPIM_02477,5,0.02304147465437788
3273,SAMN02649763|NHIANPIM_02478,2,0.009216589861751152
3274,SAMN02649763|NHIANPIM_02479,4,0.018433179723502304
3275,SAMN02649763|NHIANPIM_02537,38,0.17511520737327188
3276,SAMN02649763|NHIANPIM_02538,213,0.9815668202764977
3277,SAMN02649763|NHIANPIM_02543,2,0.009216589861751152
3278,SAMN02649763|NHIANPIM_02544,2,0.009216589861751152
3279,SAMN02649763|NHIANPIM_02545,1,0.004608294930875576
3280,SAMN02649763|NHIANPIM_02546,1,0.004608294930875576
3281,SAMN02649763|NHIANPIM_02547,1,0.004608294930875576
3282,SAMN02649763|NHIANPIM_02548,1,0.004608294930875576
3283,SAMN02649763|NHIANPIM_02549,2,0.009216589861751152
3284,SAMN02649763|NHIANPIM_02550,2,0.009216589861751152
3285,SAMN02649763|NHIANPIM_02551,1,0.004608294930875576
3286,SAMN02649763|NHIANPIM_02552,1,0.004608294930875576
3287,SAMN02649763|NHIANPIM_02553,2,0.009216589861751152
3288,SAMN02649763|NHIANPIM_02554,2,0.009216589861751152
3289,SAMN02649763|NHIANPIM_02555,2,0.009216589861751152
3290,SAMN02649763|NHIANPIM_02556,2,0.009216589861751152
3291,SAMN02649763|NHIANPIM_02557,1,0.004608294930875576
3292,SAMN02649763|NHIANPIM_02558,2,0.009216589861751152
3293,SAMN02649763|NHIANPIM_02559,2,0.009216589861751152
3294,SAMN02649763|NHIANPIM_02560,2,0.009216589861751152
3295,SAMN02649763|NHIANPIM_02561,2,0.009216589861751152
3296,SAMN02649763|NHIANPIM_02562,2,0.009216589861751152
3297,SAMN02649763|NHIANPIM_02563,2,0.009216589861751152
3298,SAMN02649763|NHIANPIM_02564,2,0.009216589861751152
3299,SAMN02649763|NHIANPIM_02565,2,0.009216589861751152
3300,SAMN02649763|NHIANPIM_02566,2,0.009216589861751152
3301,SAMN02649763|NHIANPIM_02567,2,0.009216589861751152
3302,SAMN02649763|NHIANPIM_02568,2,0.009216589861751152
3303,SAMN02649763|NHIANPIM_02569,1,0.004608294930875576
3304,SAMN02649763|NHIANPIM_02570,2,0.009216589861751152
3305,SAMN02649763|NHIANPIM_02571,2,0.009216589861751152
3306,SAMN02649763|NHIANPIM_02572,2,0.009216589861751152
3307,SAMN02649763|NHIANPIM_02573,2,0.009216589861751152
3308,SAMN02649763|NHIANPIM_02574,2,0.009216589861751152
3309,SAMN02649763|NHIANPIM_02575,2,0.009216589861751152
3310,SAMN02649763|NHIANPIM_02576,2,0.009216589861751152
3311,SAMN02649763|NHIANPIM_02577,2,0.009216589861751152
3312,SAMN02649763|NHIANPIM_02578,2,0.009216589861751152
3313,SAMN02649763|NHIANPIM_02579,2,0.009216589861751152
3314,SAMN02649763|NHIANPIM_02580,2,0.009216589861751152
3315,SAMN02649763|NHIANPIM_02581,2,0.009216589861751152
3316,SAMN02649763|NHIANPIM_02582,1,0.004608294930875576
3317,SAMN02649763|NHIANPIM_02583,2,0.009216589861751152
3318,SAMN02649763|NHIANPIM_02584,2,0.009216589861751152
3319,SAMN02649763|NHIANPIM_02585,2,0.009216589861751152
3320,SAMN02649763|NHIANPIM_02586,2,0.009216589861751152
3321,SAMN02649763|NHIANPIM_02587,2,0.009216589861751152
3322,SAMN02649763|NHIANPIM_02588,2,0.009216589861751152
3323,SAMN02649763|NHIANPIM_02589,2,0.009216589861751152
3324,SAMN02649763|NHIANPIM_02590,2,0.009216589861751152
3325,SAMN02649763|NHIANPIM_02591,2,0.009216589861751152
3326,SAMN02649763|NHIANPIM_02592,1,0.004608294930875576
3327,SAMN02649763|NHIANPIM_02593,1,0.004608294930875576
3328,SAMN02649763|NHIANPIM_02594,1,0.004608294930875576
3329,SAMN02649763|NHIANPIM_02595,1,0.004608294930875576
3330,SAMN02649763|NHIANPIM_02596,1,0.004608294930875576
3331,SAMN02649763|NHIANPIM_02597,1,0.004608294930875576
3332,SAMN02649763|NHIANPIM_02630,174,0.8018433179723502
3333,SAMN02649763|NHIANPIM_02649,1,0.004608294930875576
3334,SAMN02649763|NHIANPIM_02662,2,0.009216589861751152
3335,SAMN02649763|NHIANPIM_02663,3,0.013824884792626729
3336,SAMN02649763|NHIANPIM_02664,7,0.03225806451612903
3337,SAMN02649763|NHIANPIM_02665,6,0.027649769585253458
3338,SAMN02649763|NHIANPIM_02666,8,0.03686635944700461
3339,SAMN02649763|NHIANPIM_02667,8,0.03686635944700461
3340,SAMN02649763|NHIANPIM_02668,8,0.03686635944700461
3341,SAMN02649763|NHIANPIM_02669,9,0.041474654377880185
3342,SAMN02649763|NHIANPIM_02670,9,0.041474654377880185
3343,SAMN02649763|NHIANPIM_02671,9,0.041474654377880185
3344,SAMN02649763|NHIANPIM_02672,10,0.04608294930875576
3345,SAMN02649763|NHIANPIM_02673,8,0.03686635944700461
3346,SAMN02649763|NHIANPIM_02674,8,0.03686635944700461
3347,SAMN02649763|NHIANPIM_02675,3,0.013824884792626729
3348,SAMN02649763|NHIANPIM_02676,3,0.013824884792626729
3349,SAMN02649763|NHIANPIM_02677,3,0.013824884792626729
3350,SAMN02649763|NHIANPIM_02685,1,0.004608294930875576
3351,SAMN02649763|NHIANPIM_02686,1,0.004608294930875576
3352,SAMN02649763|NHIANPIM_02754,1,0.004608294930875576
3353,SAMN02649763|NHIANPIM_02755,1,0.004608294930875576
3354,SAMN02649763|NHIANPIM_02756,2,0.009216589861751152
3355,SAMN02649763|NHIANPIM_02762,79,0.3640552995391705
3356,SAMN02649763|NHIANPIM_02763,1,0.004608294930875576
3357,SAMN02649763|NHIANPIM_02772,213,0.9815668202764977
3358,SAMN02649763|NHIANPIM_02783,1,0.004608294930875576
3359,SAMN02649763|NHIANPIM_02789,6,0.027649769585253458
3360,SAMN02649763|NHIANPIM_02790,6,0.027649769585253458
3361,SAMN02649763|NHIANPIM_02814,15,0.06912442396313365
3362,SAMN02649763|NHIANPIM_02815,15,0.06912442396313365
3363,SAMN02649763|NHIANPIM_02816,15,0.06912442396313365
3364,SAMN02649763|NHIANPIM_02818,14,0.06451612903225806
3365,SAMN02649763|NHIANPIM_02819,11,0.05069124423963134
3366,SAMN02649763|NHIANPIM_02820,15,0.06912442396313365
3367,SAMN02649763|NHIANPIM_02821,5,0.02304147465437788
3368,SAMN02649763|NHIANPIM_02822,2,0.009216589861751152
3369,SAMN02649763|NHIANPIM_02823,1,0.004608294930875576
3370,SAMN02649763|NHIANPIM_02825,3,0.013824884792626729
3371,SAMN02649763|NHIANPIM_02826,3,0.013824884792626729
3372,SAMN02649763|NHIANPIM_02827,2,0.009216589861751152
3373,SAMN02649763|NHIANPIM_02828,3,0.013824884792626729
3374,SAMN02649763|NHIANPIM_02829,2,0.009216589861751152
3375,SAMN02649763|NHIANPIM_02837,2,0.009216589861751152
3376,SAMN02649763|NHIANPIM_02839,7,0.03225806451612903
3377,SAMN02649763|NHIANPIM_02840,7,0.03225806451612903
3378,SAMN02649763|NHIANPIM_02845,15,0.06912442396313365
3379,SAMN02649763|NHIANPIM_02856,214,0.9861751152073732
3380,SAMN02649763|NHIANPIM_02861,3,0.013824884792626729
3381,SAMN02649763|NHIANPIM_02862,1,0.004608294930875576
3382,SAMN02649763|NHIANPIM_02866,14,0.06451612903225806
3383,SAMN02649763|NHIANPIM_02881,2,0.009216589861751152
3384,SAMN02649763|NHIANPIM_02882,8,0.03686635944700461
3385,SAMN02649763|NHIANPIM_02883,10,0.04608294930875576
3386,SAMN02649763|NHIANPIM_02885,1,0.004608294930875576
3387,SAMN02649763|NHIANPIM_02887,27,0.12442396313364056
3388,SAMN02649763|NHIANPIM_02890,16,0.07373271889400922
3389,SAMN02649763|NHIANPIM_02892,5,0.02304147465437788
3390,SAMN02649763|NHIANPIM_02895,2,0.009216589861751152
3391,SAMN02649763|NHIANPIM_02904,1,0.004608294930875576
3392,SAMN02649763|NHIANPIM_02905,1,0.004608294930875576
3393,SAMN02649763|NHIANPIM_02908,8,0.03686635944700461
3394,SAMN02649763|NHIANPIM_02910,1,0.004608294930875576
3395,SAMN02649764|HMPBINHN_00662,1,0.004608294930875576
3396,SAMN02649764|HMPBINHN_00729,1,0.004608294930875576
3397,SAMN02649764|HMPBINHN_00730,1,0.004608294930875576
3398,SAMN02649764|HMPBINHN_00735,13,0.059907834101382486
3399,SAMN02649764|HMPBINHN_00736,12,0.055299539170506916
3400,SAMN02649764|HMPBINHN_01091,1,0.004608294930875576
3401,SAMN02649764|HMPBINHN_01369,2,0.009216589861751152
3402,SAMN02649764|HMPBINHN_01370,1,0.004608294930875576
3403,SAMN02649764|HMPBINHN_01641,4,0.018433179723502304
3404,SAMN02649764|HMPBINHN_01642,6,0.027649769585253458
3405,SAMN02649764|HMPBINHN_01785,6,0.027649769585253458
3406,SAMN02649764|HMPBINHN_02177,1,0.004608294930875576
3407,SAMN02649764|HMPBINHN_02178,1,0.004608294930875576
3408,SAMN02649764|HMPBINHN_02438,15,0.06912442396313365
3409,SAMN02649764|HMPBINHN_02592,39,0.17972350230414746
3410,SAMN02649764|HMPBINHN_02594,43,0.19815668202764977
3411,SAMN02649764|HMPBINHN_02595,28,0.12903225806451613
3412,SAMN02649764|HMPBINHN_02598,42,0.1935483870967742
3413,SAMN02649764|HMPBINHN_02602,40,0.18433179723502305
3414,SAMN02649764|HMPBINHN_02603,8,0.03686635944700461
3415,SAMN02649764|HMPBINHN_02682,13,0.059907834101382486
3416,SAMN02649764|HMPBINHN_02701,5,0.02304147465437788
3417,SAMN02649764|HMPBINHN_02705,1,0.004608294930875576
3418,SAMN02649764|HMPBINHN_02736,3,0.013824884792626729
3419,SAMN02649764|HMPBINHN_02750,1,0.004608294930875576
3420,SAMN02649765|EFGBHMDK_00037,1,0.004608294930875576
3421,SAMN02649765|EFGBHMDK_00038,1,0.004608294930875576
3422,SAMN02649765|EFGBHMDK_00433,5,0.02304147465437788
3423,SAMN02649765|EFGBHMDK_00434,4,0.018433179723502304
3424,SAMN02649765|EFGBHMDK_01279,6,0.027649769585253458
3425,SAMN02649765|EFGBHMDK_01280,6,0.027649769585253458
3426,SAMN02649765|EFGBHMDK_01282,9,0.041474654377880185
3427,SAMN02649765|EFGBHMDK_01287,6,0.027649769585253458
3428,SAMN02649765|EFGBHMDK_01288,6,0.027649769585253458
3429,SAMN02649765|EFGBHMDK_01290,6,0.027649769585253458
3430,SAMN02649765|EFGBHMDK_01291,6,0.027649769585253458
3431,SAMN02649765|EFGBHMDK_01292,6,0.027649769585253458
3432,SAMN02649765|EFGBHMDK_01293,6,0.027649769585253458
3433,SAMN02649765|EFGBHMDK_01294,6,0.027649769585253458
3434,SAMN02649765|EFGBHMDK_01429,4,0.018433179723502304
3435,SAMN02649765|EFGBHMDK_01752,1,0.004608294930875576
3436,SAMN02649765|EFGBHMDK_01835,24,0.11059907834101383
3437,SAMN02649765|EFGBHMDK_01839,24,0.11059907834101383
3438,SAMN02649765|EFGBHMDK_02048,19,0.08755760368663594
3439,SAMN02649765|EFGBHMDK_02189,5,0.02304147465437788
3440,SAMN02649765|EFGBHMDK_02190,5,0.02304147465437788
3441,SAMN02649765|EFGBHMDK_02326,16,0.07373271889400922
3442,SAMN02649765|EFGBHMDK_02327,15,0.06912442396313365
3443,SAMN02649765|EFGBHMDK_02332,6,0.027649769585253458
3444,SAMN02649765|EFGBHMDK_02604,9,0.041474654377880185
3445,SAMN02649765|EFGBHMDK_02605,7,0.03225806451612903
3446,SAMN02649765|EFGBHMDK_02606,10,0.04608294930875576
3447,SAMN02649765|EFGBHMDK_02613,9,0.041474654377880185
3448,SAMN02649765|EFGBHMDK_02614,10,0.04608294930875576
3449,SAMN02649765|EFGBHMDK_02628,3,0.013824884792626729
3450,SAMN02649765|EFGBHMDK_02702,6,0.027649769585253458
3451,SAMN02649766|CLIKOHMJ_00483,1,0.004608294930875576
3452,SAMN02649766|CLIKOHMJ_00484,1,0.004608294930875576
3453,SAMN02649766|CLIKOHMJ_01420,1,0.004608294930875576
3454,SAMN02649766|CLIKOHMJ_01421,1,0.004608294930875576
3455,SAMN02649766|CLIKOHMJ_01623,1,0.004608294930875576
3456,SAMN02649766|CLIKOHMJ_01797,1,0.004608294930875576
3457,SAMN02649766|CLIKOHMJ_01798,1,0.004608294930875576
3458,SAMN02649766|CLIKOHMJ_02077,1,0.004608294930875576
3459,SAMN02649766|CLIKOHMJ_02078,1,0.004608294930875576
3460,SAMN02649766|CLIKOHMJ_02300,5,0.02304147465437788
3461,SAMN02649766|CLIKOHMJ_02522,2,0.009216589861751152
3462,SAMN02649766|CLIKOHMJ_02534,1,0.004608294930875576
3463,SAMN02649766|CLIKOHMJ_02559,18,0.08294930875576037
3464,SAMN02649766|CLIKOHMJ_02567,1,0.004608294930875576
3465,SAMN02649766|CLIKOHMJ_02575,2,0.009216589861751152
3466,SAMN02649766|CLIKOHMJ_02595,9,0.041474654377880185
3467,SAMN02649766|CLIKOHMJ_02597,1,0.004608294930875576
3468,SAMN02649766|CLIKOHMJ_02598,7,0.03225806451612903
3469,SAMN02649766|CLIKOHMJ_02599,8,0.03686635944700461
3470,SAMN02649766|CLIKOHMJ_02608,3,0.013824884792626729
3471,SAMN02649766|CLIKOHMJ_02609,24,0.11059907834101383
3472,SAMN02649766|CLIKOHMJ_02612,7,0.03225806451612903
3473,SAMN02649766|CLIKOHMJ_02619,14,0.06451612903225806
3474,SAMN02649766|CLIKOHMJ_02622,4,0.018433179723502304
3475,SAMN02649766|CLIKOHMJ_02626,3,0.013824884792626729
3476,SAMN02649766|CLIKOHMJ_02629,2,0.009216589861751152
3477,SAMN02649766|CLIKOHMJ_02630,5,0.02304147465437788
3478,SAMN02649766|CLIKOHMJ_02656,30,0.1382488479262673
3479,SAMN02649767|LENGDLGC_00027,6,0.027649769585253458
3480,SAMN02649767|LENGDLGC_02091,4,0.018433179723502304
3481,SAMN02649767|LENGDLGC_02092,4,0.018433179723502304
3482,SAMN02649767|LENGDLGC_02093,3,0.013824884792626729
3483,SAMN02649767|LENGDLGC_02097,2,0.009216589861751152
3484,SAMN02649767|LENGDLGC_02494,3,0.013824884792626729
3485,SAMN02649767|LENGDLGC_02563,5,0.02304147465437788
3486,SAMN02649767|LENGDLGC_02673,1,0.004608294930875576
3487,SAMN02649769|JIDBDHHM_02294,1,0.004608294930875576
3488,SAMN02649769|JIDBDHHM_02607,11,0.05069124423963134
3489,SAMN02649770|NOOFNDGP_00440,1,0.004608294930875576
3490,SAMN02649770|NOOFNDGP_00735,4,0.018433179723502304
3491,SAMN02649770|NOOFNDGP_01105,9,0.041474654377880185
3492,SAMN02649770|NOOFNDGP_01106,6,0.027649769585253458
3493,SAMN02649770|NOOFNDGP_01288,2,0.009216589861751152
3494,SAMN02649770|NOOFNDGP_01706,6,0.027649769585253458
3495,SAMN02649770|NOOFNDGP_01707,7,0.03225806451612903
3496,SAMN02649770|NOOFNDGP_01749,5,0.02304147465437788
3497,SAMN02649770|NOOFNDGP_01750,3,0.013824884792626729
3498,SAMN02649770|NOOFNDGP_02348,1,0.004608294930875576
3499,SAMN02649770|NOOFNDGP_02510,7,0.03225806451612903
3500,SAMN02649770|NOOFNDGP_02511,6,0.027649769585253458
3501,SAMN02649770|NOOFNDGP_02512,5,0.02304147465437788
3502,SAMN02649770|NOOFNDGP_02513,5,0.02304147465437788
3503,SAMN02649770|NOOFNDGP_02514,4,0.018433179723502304
3504,SAMN02649770|NOOFNDGP_02515,4,0.018433179723502304
3505,SAMN02649770|NOOFNDGP_02516,18,0.08294930875576037
3506,SAMN02649770|NOOFNDGP_02524,4,0.018433179723502304
3507,SAMN02649770|NOOFNDGP_02654,2,0.009216589861751152
3508,SAMN02649770|NOOFNDGP_02682,3,0.013824884792626729
3509,SAMN02649770|NOOFNDGP_02704,3,0.013824884792626729
3510,SAMN02649770|NOOFNDGP_02730,3,0.013824884792626729
3511,SAMN02649771|DNBIPCKK_00191,1,0.004608294930875576
3512,SAMN02649771|DNBIPCKK_00239,6,0.027649769585253458
3513,SAMN02649771|DNBIPCKK_00399,1,0.004608294930875576
3514,SAMN02649771|DNBIPCKK_00598,15,0.06912442396313365
3515,SAMN02649771|DNBIPCKK_00735,3,0.013824884792626729
3516,SAMN02649771|DNBIPCKK_00836,1,0.004608294930875576
3517,SAMN02649771|DNBIPCKK_00837,1,0.004608294930875576
3518,SAMN02649771|DNBIPCKK_00891,1,0.004608294930875576
3519,SAMN02649771|DNBIPCKK_01548,1,0.004608294930875576
3520,SAMN02649771|DNBIPCKK_01605,1,0.004608294930875576
3521,SAMN02649771|DNBIPCKK_01606,2,0.009216589861751152
3522,SAMN02649771|DNBIPCKK_01772,1,0.004608294930875576
3523,SAMN02649771|DNBIPCKK_01914,1,0.004608294930875576
3524,SAMN02649771|DNBIPCKK_02512,3,0.013824884792626729
3525,SAMN02649771|DNBIPCKK_02562,8,0.03686635944700461
3526,SAMN02649772|MAJHLJMO_00466,207,0.9539170506912442
3527,SAMN02649772|MAJHLJMO_01337,2,0.009216589861751152
3528,SAMN02649772|MAJHLJMO_01338,1,0.004608294930875576
3529,SAMN02649772|MAJHLJMO_01352,1,0.004608294930875576
3530,SAMN02649772|MAJHLJMO_02188,2,0.009216589861751152
3531,SAMN02649772|MAJHLJMO_02716,6,0.027649769585253458
3532,SAMN02649772|MAJHLJMO_02734,3,0.013824884792626729
3533,SAMN02649773|JNBDHMGO_00504,8,0.03686635944700461
3534,SAMN02649773|JNBDHMGO_00505,4,0.018433179723502304
3535,SAMN02649773|JNBDHMGO_00808,1,0.004608294930875576
3536,SAMN02649773|JNBDHMGO_00809,1,0.004608294930875576
3537,SAMN02649773|JNBDHMGO_01284,211,0.9723502304147466
3538,SAMN02649773|JNBDHMGO_01380,1,0.004608294930875576
3539,SAMN02649773|JNBDHMGO_01387,2,0.009216589861751152
3540,SAMN02649773|JNBDHMGO_01388,1,0.004608294930875576
3541,SAMN02649773|JNBDHMGO_01440,1,0.004608294930875576
3542,SAMN02649773|JNBDHMGO_01441,1,0.004608294930875576
3543,SAMN02649773|JNBDHMGO_01656,1,0.004608294930875576
3544,SAMN02649773|JNBDHMGO_01777,1,0.004608294930875576
3545,SAMN02649773|JNBDHMGO_01778,1,0.004608294930875576
3546,SAMN02649773|JNBDHMGO_02186,2,0.009216589861751152
3547,SAMN02649773|JNBDHMGO_02443,1,0.004608294930875576
3548,SAMN02649774|BAHMPCCK_01041,4,0.018433179723502304
3549,SAMN02649774|BAHMPCCK_02168,6,0.027649769585253458
3550,SAMN02649774|BAHMPCCK_02295,6,0.027649769585253458
3551,SAMN02649774|BAHMPCCK_02296,4,0.018433179723502304
3552,SAMN02649774|BAHMPCCK_02466,6,0.027649769585253458
3553,SAMN02649774|BAHMPCCK_02467,6,0.027649769585253458
3554,SAMN02649774|BAHMPCCK_02531,8,0.03686635944700461
3555,SAMN02649774|BAHMPCCK_02650,35,0.16129032258064516
3556,SAMN02649774|BAHMPCCK_02655,1,0.004608294930875576
3557,SAMN02649774|BAHMPCCK_02671,2,0.009216589861751152
3558,SAMN02649774|BAHMPCCK_02680,2,0.009216589861751152
3559,SAMN02649774|BAHMPCCK_02687,1,0.004608294930875576
3560,SAMN02649774|BAHMPCCK_02693,3,0.013824884792626729
3561,SAMN02649774|BAHMPCCK_02744,20,0.09216589861751152
3562,SAMN02649774|BAHMPCCK_02754,2,0.009216589861751152
3563,SAMN02649774|BAHMPCCK_02766,1,0.004608294930875576
3564,SAMN02649774|BAHMPCCK_02773,1,0.004608294930875576
3565,SAMN02649774|BAHMPCCK_02788,2,0.009216589861751152
3566,SAMN02649774|BAHMPCCK_02799,9,0.041474654377880185
3567,SAMN02649774|BAHMPCCK_02801,2,0.009216589861751152
3568,SAMN02649774|BAHMPCCK_02861,3,0.013824884792626729
3569,SAMN02649774|BAHMPCCK_02867,2,0.009216589861751152
3570,SAMN02649775|JHEBFIJJ_02396,1,0.004608294930875576
3571,SAMN02649775|JHEBFIJJ_02598,50,0.2304147465437788
3572,SAMN02649775|JHEBFIJJ_02792,2,0.009216589861751152
3573,SAMN02649776|DLKGNBCF_00408,1,0.004608294930875576
3574,SAMN02649776|DLKGNBCF_00409,1,0.004608294930875576
3575,SAMN02649776|DLKGNBCF_00548,215,0.9907834101382489
3576,SAMN02649776|DLKGNBCF_01208,1,0.004608294930875576
3577,SAMN02649776|DLKGNBCF_01546,217,1.0
3578,SAMN02649776|DLKGNBCF_02309,4,0.018433179723502304
3579,SAMN02649776|DLKGNBCF_02310,1,0.004608294930875576
3580,SAMN02649776|DLKGNBCF_02393,11,0.05069124423963134
3581,SAMN02649777|FLOCNGMM_00193,1,0.004608294930875576
3582,SAMN02649777|FLOCNGMM_00445,1,0.004608294930875576
3583,SAMN02649777|FLOCNGMM_00566,1,0.004608294930875576
3584,SAMN02649777|FLOCNGMM_00787,2,0.009216589861751152
3585,SAMN02649777|FLOCNGMM_00864,2,0.009216589861751152
3586,SAMN02649777|FLOCNGMM_01826,1,0.004608294930875576
3587,SAMN02649777|FLOCNGMM_01827,1,0.004608294930875576
3588,SAMN02649777|FLOCNGMM_02126,1,0.004608294930875576
3589,SAMN02649777|FLOCNGMM_02513,1,0.004608294930875576
3590,SAMN02649777|FLOCNGMM_02514,1,0.004608294930875576
3591,SAMN02649777|FLOCNGMM_02526,216,0.9953917050691244
3592,SAMN02649777|FLOCNGMM_02637,20,0.09216589861751152
3593,SAMN02649778|OKEAHDGG_00524,4,0.018433179723502304
3594,SAMN02649778|OKEAHDGG_00568,1,0.004608294930875576
3595,SAMN02649778|OKEAHDGG_00769,7,0.03225806451612903
3596,SAMN02649778|OKEAHDGG_00774,4,0.018433179723502304
3597,SAMN02649778|OKEAHDGG_02746,4,0.018433179723502304
3598,SAMN02649779|CHCEMIGA_01218,73,0.33640552995391704
3599,SAMN02649779|CHCEMIGA_02052,3,0.013824884792626729
3600,SAMN02649779|CHCEMIGA_02252,5,0.02304147465437788
3601,SAMN02649779|CHCEMIGA_02656,2,0.009216589861751152
3602,SAMN02649779|CHCEMIGA_02689,2,0.009216589861751152
3603,SAMN02649779|CHCEMIGA_02712,2,0.009216589861751152
3604,SAMN02649779|CHCEMIGA_02751,1,0.004608294930875576
3605,SAMN02649780|GMFFOPMN_00062,7,0.03225806451612903
3606,SAMN02649780|GMFFOPMN_00452,1,0.004608294930875576
3607,SAMN02649780|GMFFOPMN_01258,217,1.0
3608,SAMN02649780|GMFFOPMN_02291,1,0.004608294930875576
3609,SAMN02649780|GMFFOPMN_02292,1,0.004608294930875576
3610,SAMN02649781|GELBNPGA_00504,6,0.027649769585253458
3611,SAMN02649781|GELBNPGA_00526,4,0.018433179723502304
3612,SAMN02649781|GELBNPGA_00532,8,0.03686635944700461
3613,SAMN02649781|GELBNPGA_00536,32,0.14746543778801843
3614,SAMN02649781|GELBNPGA_00538,10,0.04608294930875576
3615,SAMN02649781|GELBNPGA_01070,1,0.004608294930875576
3616,SAMN02649781|GELBNPGA_01406,17,0.07834101382488479
3617,SAMN02649781|GELBNPGA_01407,13,0.059907834101382486
3618,SAMN02649781|GELBNPGA_01413,76,0.35023041474654376
3619,SAMN02649781|GELBNPGA_01423,9,0.041474654377880185
3620,SAMN02649781|GELBNPGA_01719,1,0.004608294930875576
3621,SAMN02649781|GELBNPGA_01720,2,0.009216589861751152
3622,SAMN02649781|GELBNPGA_02469,169,0.7788018433179723
3623,SAMN02649781|GELBNPGA_02692,19,0.08755760368663594
3624,SAMN02649781|GELBNPGA_02693,12,0.055299539170506916
3625,SAMN02649781|GELBNPGA_02694,2,0.009216589861751152
3626,SAMN02649781|GELBNPGA_02718,1,0.004608294930875576
3627,SAMN02649781|GELBNPGA_02722,1,0.004608294930875576
3628,SAMN02649782|BEBMJNOD_00424,1,0.004608294930875576
3629,SAMN02649782|BEBMJNOD_00425,2,0.009216589861751152
3630,SAMN02649782|BEBMJNOD_00831,1,0.004608294930875576
3631,SAMN02649782|BEBMJNOD_01898,1,0.004608294930875576
3632,SAMN02649782|BEBMJNOD_02025,1,0.004608294930875576
3633,SAMN02649782|BEBMJNOD_02106,1,0.004608294930875576
3634,SAMN02649782|BEBMJNOD_02405,2,0.009216589861751152
3635,SAMN02649782|BEBMJNOD_02406,1,0.004608294930875576
3636,SAMN02649782|BEBMJNOD_02722,2,0.009216589861751152
3637,SAMN02649782|BEBMJNOD_02723,2,0.009216589861751152
3638,SAMN02649782|BEBMJNOD_02729,1,0.004608294930875576
3639,SAMN02649782|BEBMJNOD_02730,1,0.004608294930875576
3640,SAMN02649782|BEBMJNOD_02736,4,0.018433179723502304
3641,SAMN02649782|BEBMJNOD_02737,17,0.07834101382488479
3642,SAMN02649782|BEBMJNOD_02741,14,0.06451612903225806
3643,SAMN02649782|BEBMJNOD_02742,12,0.055299539170506916
3644,SAMN02649782|BEBMJNOD_02750,1,0.004608294930875576
3645,SAMN02649782|BEBMJNOD_02777,3,0.013824884792626729
3646,SAMN02649783|MEMMEAJP_00067,1,0.004608294930875576
3647,SAMN02649783|MEMMEAJP_00068,1,0.004608294930875576
3648,SAMN02649783|MEMMEAJP_00266,2,0.009216589861751152
3649,SAMN02649783|MEMMEAJP_00267,2,0.009216589861751152
3650,SAMN02649783|MEMMEAJP_01006,2,0.009216589861751152
3651,SAMN02649783|MEMMEAJP_01007,2,0.009216589861751152
3652,SAMN02649783|MEMMEAJP_02510,11,0.05069124423963134
3653,SAMN02649783|MEMMEAJP_02682,2,0.009216589861751152
3654,SAMN02649783|MEMMEAJP_02691,5,0.02304147465437788
3655,SAMN02649783|MEMMEAJP_02710,1,0.004608294930875576
3656,SAMN02649783|MEMMEAJP_02721,3,0.013824884792626729
3657,SAMN02649783|MEMMEAJP_02724,2,0.009216589861751152
3658,SAMN02649783|MEMMEAJP_02726,7,0.03225806451612903
3659,SAMN02649783|MEMMEAJP_02737,1,0.004608294930875576
3660,SAMN02649783|MEMMEAJP_02741,2,0.009216589861751152
3661,SAMN02649784|DCHCMIIB_00947,3,0.013824884792626729
3662,SAMN02649784|DCHCMIIB_01039,1,0.004608294930875576
3663,SAMN02649784|DCHCMIIB_01040,1,0.004608294930875576
3664,SAMN02649784|DCHCMIIB_01276,2,0.009216589861751152
3665,SAMN02649784|DCHCMIIB_01277,1,0.004608294930875576
3666,SAMN02649784|DCHCMIIB_01587,1,0.004608294930875576
3667,SAMN02649784|DCHCMIIB_01684,3,0.013824884792626729
3668,SAMN02649784|DCHCMIIB_01685,5,0.02304147465437788
3669,SAMN02649784|DCHCMIIB_01686,1,0.004608294930875576
3670,SAMN02649784|DCHCMIIB_01687,4,0.018433179723502304
3671,SAMN02649784|DCHCMIIB_02699,2,0.009216589861751152
3672,SAMN02649785|HFKELMEG_00111,3,0.013824884792626729
3673,SAMN02649785|HFKELMEG_00112,4,0.018433179723502304
3674,SAMN02649785|HFKELMEG_00751,2,0.009216589861751152
3675,SAMN02649785|HFKELMEG_00752,1,0.004608294930875576
3676,SAMN02649785|HFKELMEG_01147,1,0.004608294930875576
3677,SAMN02649785|HFKELMEG_01148,1,0.004608294930875576
3678,SAMN02649785|HFKELMEG_01244,3,0.013824884792626729
3679,SAMN02649785|HFKELMEG_01338,1,0.004608294930875576
3680,SAMN02649785|HFKELMEG_01730,1,0.004608294930875576
3681,SAMN02649785|HFKELMEG_01764,3,0.013824884792626729
3682,SAMN02649785|HFKELMEG_02422,1,0.004608294930875576
3683,SAMN02649785|HFKELMEG_02423,1,0.004608294930875576
3684,SAMN02649785|HFKELMEG_02669,2,0.009216589861751152
3685,SAMN02649785|HFKELMEG_02711,4,0.018433179723502304
3686,SAMN02649786|FBPFCOJK_01842,215,0.9907834101382489
3687,SAMN02649786|FBPFCOJK_02279,1,0.004608294930875576
3688,SAMN02649786|FBPFCOJK_02319,1,0.004608294930875576
3689,SAMN02649786|FBPFCOJK_02320,1,0.004608294930875576
3690,SAMN02649786|FBPFCOJK_02724,3,0.013824884792626729
3691,SAMN02649787|DKDMHAGN_00369,2,0.009216589861751152
3692,SAMN02649787|DKDMHAGN_00370,2,0.009216589861751152
3693,SAMN02649787|DKDMHAGN_00640,211,0.9723502304147466
3694,SAMN02649787|DKDMHAGN_00661,1,0.004608294930875576
3695,SAMN02649787|DKDMHAGN_00662,1,0.004608294930875576
3696,SAMN02649787|DKDMHAGN_00970,5,0.02304147465437788
3697,SAMN02649787|DKDMHAGN_00971,1,0.004608294930875576
3698,SAMN02649787|DKDMHAGN_01100,6,0.027649769585253458
3699,SAMN02649787|DKDMHAGN_01209,1,0.004608294930875576
3700,SAMN02649787|DKDMHAGN_01210,1,0.004608294930875576
3701,SAMN02649787|DKDMHAGN_01232,1,0.004608294930875576
3702,SAMN02649787|DKDMHAGN_01378,1,0.004608294930875576
3703,SAMN02649787|DKDMHAGN_01396,3,0.013824884792626729
3704,SAMN02649787|DKDMHAGN_01397,1,0.004608294930875576
3705,SAMN02649787|DKDMHAGN_01732,1,0.004608294930875576
3706,SAMN02649787|DKDMHAGN_01733,1,0.004608294930875576
3707,SAMN02649787|DKDMHAGN_02177,1,0.004608294930875576
3708,SAMN02649787|DKDMHAGN_02178,1,0.004608294930875576
3709,SAMN02649788|EGHEEJLA_01719,4,0.018433179723502304
3710,SAMN02649788|EGHEEJLA_01948,1,0.004608294930875576
3711,SAMN02649788|EGHEEJLA_01949,1,0.004608294930875576
3712,SAMN02649788|EGHEEJLA_02252,5,0.02304147465437788
3713,SAMN02649788|EGHEEJLA_02561,24,0.11059907834101383
3714,SAMN02649788|EGHEEJLA_02593,55,0.2534562211981567
3715,SAMN02649788|EGHEEJLA_02597,18,0.08294930875576037
3716,SAMN02649788|EGHEEJLA_02641,10,0.04608294930875576
3717,SAMN02649788|EGHEEJLA_02648,15,0.06912442396313365
3718,SAMN02649789|NPEILLDC_00010,1,0.004608294930875576
3719,SAMN02649789|NPEILLDC_00414,1,0.004608294930875576
3720,SAMN02649789|NPEILLDC_00417,81,0.37327188940092165
3721,SAMN02649789|NPEILLDC_00599,7,0.03225806451612903
3722,SAMN02649789|NPEILLDC_00800,2,0.009216589861751152
3723,SAMN02649789|NPEILLDC_00801,1,0.004608294930875576
3724,SAMN02649789|NPEILLDC_01083,1,0.004608294930875576
3725,SAMN02649789|NPEILLDC_01475,17,0.07834101382488479
3726,SAMN02649789|NPEILLDC_01477,1,0.004608294930875576
3727,SAMN02649789|NPEILLDC_01478,13,0.059907834101382486
3728,SAMN02649789|NPEILLDC_01533,15,0.06912442396313365
3729,SAMN02649789|NPEILLDC_01666,5,0.02304147465437788
3730,SAMN02649789|NPEILLDC_01672,1,0.004608294930875576
3731,SAMN02649789|NPEILLDC_02007,1,0.004608294930875576
3732,SAMN02649789|NPEILLDC_02008,2,0.009216589861751152
3733,SAMN02649789|NPEILLDC_02015,1,0.004608294930875576
3734,SAMN02649789|NPEILLDC_02016,5,0.02304147465437788
3735,SAMN02649789|NPEILLDC_02041,217,1.0
3736,SAMN02649789|NPEILLDC_02484,1,0.004608294930875576
3737,SAMN02649789|NPEILLDC_02485,1,0.004608294930875576
3738,SAMN02649789|NPEILLDC_02549,213,0.9815668202764977
3739,SAMN02649789|NPEILLDC_02690,1,0.004608294930875576
3740,SAMN02649789|NPEILLDC_02691,1,0.004608294930875576
3741,SAMN02649789|NPEILLDC_02748,1,0.004608294930875576
3742,SAMN02649789|NPEILLDC_02749,3,0.013824884792626729
3743,SAMN02649789|NPEILLDC_02758,2,0.009216589861751152
3744,SAMN02649789|NPEILLDC_02783,2,0.009216589861751152
3745,SAMN02649790|EHILIHMO_00120,9,0.041474654377880185
3746,SAMN02649790|EHILIHMO_00121,9,0.041474654377880185
3747,SAMN02649790|EHILIHMO_00122,2,0.009216589861751152
3748,SAMN02649790|EHILIHMO_00162,2,0.009216589861751152
3749,SAMN02649790|EHILIHMO_00172,8,0.03686635944700461
3750,SAMN02649790|EHILIHMO_00178,9,0.041474654377880185
3751,SAMN02649790|EHILIHMO_00188,5,0.02304147465437788
3752,SAMN02649790|EHILIHMO_01704,1,0.004608294930875576
3753,SAMN02649790|EHILIHMO_02674,9,0.041474654377880185
3754,SAMN02649791|KEGIOHON_00001,1,0.004608294930875576
3755,SAMN02649791|KEGIOHON_00003,217,1.0
3756,SAMN02649791|KEGIOHON_00130,206,0.9493087557603687
3757,SAMN02649791|KEGIOHON_00155,16,0.07373271889400922
3758,SAMN02649791|KEGIOHON_00250,172,0.7926267281105991
3759,SAMN02649791|KEGIOHON_00269,1,0.004608294930875576
3760,SAMN02649791|KEGIOHON_00270,1,0.004608294930875576
3761,SAMN02649791|KEGIOHON_00354,21,0.0967741935483871
3762,SAMN02649791|KEGIOHON_00355,22,0.10138248847926268
3763,SAMN02649791|KEGIOHON_00383,3,0.013824884792626729
3764,SAMN02649791|KEGIOHON_00384,4,0.018433179723502304
3765,SAMN02649791|KEGIOHON_00385,33,0.15207373271889402
3766,SAMN02649791|KEGIOHON_00386,1,0.004608294930875576
3767,SAMN02649791|KEGIOHON_00387,1,0.004608294930875576
3768,SAMN02649791|KEGIOHON_00410,216,0.9953917050691244
3769,SAMN02649791|KEGIOHON_00421,211,0.9723502304147466
3770,SAMN02649791|KEGIOHON_00491,214,0.9861751152073732
3771,SAMN02649791|KEGIOHON_00498,20,0.09216589861751152
3772,SAMN02649791|KEGIOHON_00518,215,0.9907834101382489
3773,SAMN02649791|KEGIOHON_00541,12,0.055299539170506916
3774,SAMN02649791|KEGIOHON_00549,13,0.059907834101382486
3775,SAMN02649791|KEGIOHON_00550,13,0.059907834101382486
3776,SAMN02649791|KEGIOHON_00585,216,0.9953917050691244
3777,SAMN02649791|KEGIOHON_00723,14,0.06451612903225806
3778,SAMN02649791|KEGIOHON_00744,11,0.05069124423963134
3779,SAMN02649791|KEGIOHON_00772,4,0.018433179723502304
3780,SAMN02649791|KEGIOHON_00773,4,0.018433179723502304
3781,SAMN02649791|KEGIOHON_00789,51,0.2350230414746544
3782,SAMN02649791|KEGIOHON_00798,212,0.9769585253456221
3783,SAMN02649791|KEGIOHON_00834,22,0.10138248847926268
3784,SAMN02649791|KEGIOHON_00858,4,0.018433179723502304
3785,SAMN02649791|KEGIOHON_00859,4,0.018433179723502304
3786,SAMN02649791|KEGIOHON_00901,1,0.004608294930875576
3787,SAMN02649791|KEGIOHON_00902,1,0.004608294930875576
3788,SAMN02649791|KEGIOHON_00903,2,0.009216589861751152
3789,SAMN02649791|KEGIOHON_00904,1,0.004608294930875576
3790,SAMN02649791|KEGIOHON_00905,8,0.03686635944700461
3791,SAMN02649791|KEGIOHON_00906,4,0.018433179723502304
3792,SAMN02649791|KEGIOHON_00907,2,0.009216589861751152
3793,SAMN02649791|KEGIOHON_00908,5,0.02304147465437788
3794,SAMN02649791|KEGIOHON_00909,6,0.027649769585253458
3795,SAMN02649791|KEGIOHON_00911,1,0.004608294930875576
3796,SAMN02649791|KEGIOHON_00912,5,0.02304147465437788
3797,SAMN02649791|KEGIOHON_00913,3,0.013824884792626729
3798,SAMN02649791|KEGIOHON_00914,4,0.018433179723502304
3799,SAMN02649791|KEGIOHON_00915,9,0.041474654377880185
3800,SAMN02649791|KEGIOHON_00916,6,0.027649769585253458
3801,SAMN02649791|KEGIOHON_00917,6,0.027649769585253458
3802,SAMN02649791|KEGIOHON_00920,7,0.03225806451612903
3803,SAMN02649791|KEGIOHON_00922,4,0.018433179723502304
3804,SAMN02649791|KEGIOHON_00931,29,0.1336405529953917
3805,SAMN02649791|KEGIOHON_00934,84,0.3870967741935484
3806,SAMN02649791|KEGIOHON_00938,6,0.027649769585253458
3807,SAMN02649791|KEGIOHON_00939,6,0.027649769585253458
3808,SAMN02649791|KEGIOHON_00940,216,0.9953917050691244
3809,SAMN02649791|KEGIOHON_00943,175,0.8064516129032258
3810,SAMN02649791|KEGIOHON_00944,19,0.08755760368663594
3811,SAMN02649791|KEGIOHON_00946,17,0.07834101382488479
3812,SAMN02649791|KEGIOHON_01025,7,0.03225806451612903
3813,SAMN02649791|KEGIOHON_01026,16,0.07373271889400922
3814,SAMN02649791|KEGIOHON_01027,13,0.059907834101382486
3815,SAMN02649791|KEGIOHON_01028,22,0.10138248847926268
3816,SAMN02649791|KEGIOHON_01030,23,0.10599078341013825
3817,SAMN02649791|KEGIOHON_01031,15,0.06912442396313365
3818,SAMN02649791|KEGIOHON_01033,15,0.06912442396313365
3819,SAMN02649791|KEGIOHON_01034,12,0.055299539170506916
3820,SAMN02649791|KEGIOHON_01036,24,0.11059907834101383
3821,SAMN02649791|KEGIOHON_01039,11,0.05069124423963134
3822,SAMN02649791|KEGIOHON_01040,149,0.6866359447004609
3823,SAMN02649791|KEGIOHON_01092,14,0.06451612903225806
3824,SAMN02649791|KEGIOHON_01100,23,0.10599078341013825
3825,SAMN02649791|KEGIOHON_01134,216,0.9953917050691244
3826,SAMN02649791|KEGIOHON_01223,4,0.018433179723502304
3827,SAMN02649791|KEGIOHON_01234,6,0.027649769585253458
3828,SAMN02649791|KEGIOHON_01260,217,1.0
3829,SAMN02649791|KEGIOHON_01276,21,0.0967741935483871
3830,SAMN02649791|KEGIOHON_01293,33,0.15207373271889402
3831,SAMN02649791|KEGIOHON_01294,12,0.055299539170506916
3832,SAMN02649791|KEGIOHON_01330,8,0.03686635944700461
3833,SAMN02649791|KEGIOHON_01364,2,0.009216589861751152
3834,SAMN02649791|KEGIOHON_01384,25,0.1152073732718894
3835,SAMN02649791|KEGIOHON_01385,26,0.11981566820276497
3836,SAMN02649791|KEGIOHON_01407,1,0.004608294930875576
3837,SAMN02649791|KEGIOHON_01408,1,0.004608294930875576
3838,SAMN02649791|KEGIOHON_01436,1,0.004608294930875576
3839,SAMN02649791|KEGIOHON_01448,214,0.9861751152073732
3840,SAMN02649791|KEGIOHON_01467,1,0.004608294930875576
3841,SAMN02649791|KEGIOHON_01489,216,0.9953917050691244
3842,SAMN02649791|KEGIOHON_01491,212,0.9769585253456221
3843,SAMN02649791|KEGIOHON_01493,29,0.1336405529953917
3844,SAMN02649791|KEGIOHON_01494,22,0.10138248847926268
3845,SAMN02649791|KEGIOHON_01503,22,0.10138248847926268
3846,SAMN02649791|KEGIOHON_01504,18,0.08294930875576037
3847,SAMN02649791|KEGIOHON_01556,17,0.07834101382488479
3848,SAMN02649791|KEGIOHON_01557,11,0.05069124423963134
3849,SAMN02649791|KEGIOHON_01558,11,0.05069124423963134
3850,SAMN02649791|KEGIOHON_01585,1,0.004608294930875576
3851,SAMN02649791|KEGIOHON_01586,2,0.009216589861751152
3852,SAMN02649791|KEGIOHON_01643,33,0.15207373271889402
3853,SAMN02649791|KEGIOHON_01644,35,0.16129032258064516
3854,SAMN02649791|KEGIOHON_01664,7,0.03225806451612903
3855,SAMN02649791|KEGIOHON_01665,12,0.055299539170506916
3856,SAMN02649791|KEGIOHON_01667,21,0.0967741935483871
3857,SAMN02649791|KEGIOHON_01668,25,0.1152073732718894
3858,SAMN02649791|KEGIOHON_01670,17,0.07834101382488479
3859,SAMN02649791|KEGIOHON_01673,28,0.12903225806451613
3860,SAMN02649791|KEGIOHON_01676,6,0.027649769585253458
3861,SAMN02649791|KEGIOHON_01688,23,0.10599078341013825
3862,SAMN02649791|KEGIOHON_01740,23,0.10599078341013825
3863,SAMN02649791|KEGIOHON_01748,2,0.009216589861751152
3864,SAMN02649791|KEGIOHON_01749,3,0.013824884792626729
3865,SAMN02649791|KEGIOHON_01753,209,0.9631336405529954
3866,SAMN02649791|KEGIOHON_01756,217,1.0
3867,SAMN02649791|KEGIOHON_01763,1,0.004608294930875576
3868,SAMN02649791|KEGIOHON_01778,12,0.055299539170506916
3869,SAMN02649791|KEGIOHON_01779,12,0.055299539170506916
3870,SAMN02649791|KEGIOHON_01810,213,0.9815668202764977
3871,SAMN02649791|KEGIOHON_01817,30,0.1382488479262673
3872,SAMN02649791|KEGIOHON_01896,1,0.004608294930875576
3873,SAMN02649791|KEGIOHON_01900,1,0.004608294930875576
3874,SAMN02649791|KEGIOHON_01926,214,0.9861751152073732
3875,SAMN02649791|KEGIOHON_01927,23,0.10599078341013825
3876,SAMN02649791|KEGIOHON_01946,207,0.9539170506912442
3877,SAMN02649791|KEGIOHON_01959,3,0.013824884792626729
3878,SAMN02649791|KEGIOHON_01971,1,0.004608294930875576
3879,SAMN02649791|KEGIOHON_01972,1,0.004608294930875576
3880,SAMN02649791|KEGIOHON_01979,33,0.15207373271889402
3881,SAMN02649791|KEGIOHON_01997,2,0.009216589861751152
3882,SAMN02649791|KEGIOHON_02001,1,0.004608294930875576
3883,SAMN02649791|KEGIOHON_02025,18,0.08294930875576037
3884,SAMN02649791|KEGIOHON_02026,206,0.9493087557603687
3885,SAMN02649791|KEGIOHON_02035,4,0.018433179723502304
3886,SAMN02649791|KEGIOHON_02036,4,0.018433179723502304
3887,SAMN02649791|KEGIOHON_02052,15,0.06912442396313365
3888,SAMN02649791|KEGIOHON_02102,13,0.059907834101382486
3889,SAMN02649791|KEGIOHON_02103,20,0.09216589861751152
3890,SAMN02649791|KEGIOHON_02107,3,0.013824884792626729
3891,SAMN02649791|KEGIOHON_02118,216,0.9953917050691244
3892,SAMN02649791|KEGIOHON_02129,16,0.07373271889400922
3893,SAMN02649791|KEGIOHON_02130,19,0.08755760368663594
3894,SAMN02649791|KEGIOHON_02165,217,1.0
3895,SAMN02649791|KEGIOHON_02170,3,0.013824884792626729
3896,SAMN02649791|KEGIOHON_02174,38,0.17511520737327188
3897,SAMN02649791|KEGIOHON_02175,37,0.17050691244239632
3898,SAMN02649791|KEGIOHON_02176,39,0.17972350230414746
3899,SAMN02649791|KEGIOHON_02187,2,0.009216589861751152
3900,SAMN02649791|KEGIOHON_02215,11,0.05069124423963134
3901,SAMN02649791|KEGIOHON_02216,14,0.06451612903225806
3902,SAMN02649791|KEGIOHON_02217,17,0.07834101382488479
3903,SAMN02649791|KEGIOHON_02218,17,0.07834101382488479
3904,SAMN02649791|KEGIOHON_02221,18,0.08294930875576037
3905,SAMN02649791|KEGIOHON_02232,23,0.10599078341013825
3906,SAMN02649791|KEGIOHON_02235,16,0.07373271889400922
3907,SAMN02649791|KEGIOHON_02236,19,0.08755760368663594
3908,SAMN02649791|KEGIOHON_02240,11,0.05069124423963134
3909,SAMN02649791|KEGIOHON_02241,22,0.10138248847926268
3910,SAMN02649791|KEGIOHON_02243,24,0.11059907834101383
3911,SAMN02649791|KEGIOHON_02244,14,0.06451612903225806
3912,SAMN02649791|KEGIOHON_02245,14,0.06451612903225806
3913,SAMN02649791|KEGIOHON_02252,26,0.11981566820276497
3914,SAMN02649791|KEGIOHON_02253,35,0.16129032258064516
3915,SAMN02649791|KEGIOHON_02254,37,0.17050691244239632
3916,SAMN02649791|KEGIOHON_02259,18,0.08294930875576037
3917,SAMN02649791|KEGIOHON_02275,15,0.06912442396313365
3918,SAMN02649791|KEGIOHON_02285,37,0.17050691244239632
3919,SAMN02649791|KEGIOHON_02347,5,0.02304147465437788
3920,SAMN02649791|KEGIOHON_02352,212,0.9769585253456221
3921,SAMN02649791|KEGIOHON_02363,124,0.5714285714285714
3922,SAMN02649791|KEGIOHON_02364,3,0.013824884792626729
3923,SAMN02649791|KEGIOHON_02367,12,0.055299539170506916
3924,SAMN02649791|KEGIOHON_02368,12,0.055299539170506916
3925,SAMN02649791|KEGIOHON_02376,13,0.059907834101382486
3926,SAMN02649791|KEGIOHON_02400,1,0.004608294930875576
3927,SAMN02649791|KEGIOHON_02413,1,0.004608294930875576
3928,SAMN02649791|KEGIOHON_02428,21,0.0967741935483871
3929,SAMN02649791|KEGIOHON_02467,22,0.10138248847926268
3930,SAMN02649791|KEGIOHON_02485,1,0.004608294930875576
3931,SAMN02649791|KEGIOHON_02493,1,0.004608294930875576
3932,SAMN02649791|KEGIOHON_02498,1,0.004608294930875576
3933,SAMN02649791|KEGIOHON_02505,1,0.004608294930875576
3934,SAMN02649791|KEGIOHON_02527,65,0.2995391705069124
3935,SAMN02649791|KEGIOHON_02532,1,0.004608294930875576
3936,SAMN02649791|KEGIOHON_02544,11,0.05069124423963134
3937,SAMN02649791|KEGIOHON_02550,22,0.10138248847926268
3938,SAMN02649791|KEGIOHON_02561,12,0.055299539170506916
3939,SAMN02649791|KEGIOHON_02563,1,0.004608294930875576
3940,SAMN02649791|KEGIOHON_02564,1,0.004608294930875576
3941,SAMN02649791|KEGIOHON_02565,1,0.004608294930875576
3942,SAMN02649791|KEGIOHON_02566,3,0.013824884792626729
3943,SAMN02649791|KEGIOHON_02567,1,0.004608294930875576
3944,SAMN02649791|KEGIOHON_02568,1,0.004608294930875576
3945,SAMN02649791|KEGIOHON_02576,1,0.004608294930875576
3946,SAMN02649791|KEGIOHON_02586,1,0.004608294930875576
3947,SAMN02649791|KEGIOHON_02601,1,0.004608294930875576
3948,SAMN02649791|KEGIOHON_02604,2,0.009216589861751152
3949,SAMN02649791|KEGIOHON_02612,1,0.004608294930875576
3950,SAMN02649791|KEGIOHON_02614,12,0.055299539170506916
3951,SAMN02649791|KEGIOHON_02615,13,0.059907834101382486
3952,SAMN02649791|KEGIOHON_02618,1,0.004608294930875576
3953,SAMN02649791|KEGIOHON_02629,22,0.10138248847926268
3954,SAMN02649791|KEGIOHON_02630,1,0.004608294930875576
3955,SAMN02649791|KEGIOHON_02631,1,0.004608294930875576
3956,SAMN02649791|KEGIOHON_02632,1,0.004608294930875576
3957,SAMN02649791|KEGIOHON_02648,2,0.009216589861751152
3958,SAMN02649791|KEGIOHON_02650,1,0.004608294930875576
3959,SAMN02649791|KEGIOHON_02659,12,0.055299539170506916
3960,SAMN02649791|KEGIOHON_02662,15,0.06912442396313365
3961,SAMN02649791|KEGIOHON_02665,1,0.004608294930875576
3962,SAMN02649791|KEGIOHON_02679,23,0.10599078341013825
3963,SAMN02649791|KEGIOHON_02682,1,0.004608294930875576
3964,SAMN02649791|KEGIOHON_02683,3,0.013824884792626729
3965,SAMN02649791|KEGIOHON_02684,1,0.004608294930875576
3966,SAMN02649791|KEGIOHON_02685,1,0.004608294930875576
3967,SAMN02649791|KEGIOHON_02688,12,0.055299539170506916
3968,SAMN02649791|KEGIOHON_02689,11,0.05069124423963134
3969,SAMN02649791|KEGIOHON_02693,1,0.004608294930875576
3970,SAMN02649791|KEGIOHON_02699,1,0.004608294930875576
3971,SAMN02649791|KEGIOHON_02700,3,0.013824884792626729
3972,SAMN02649791|KEGIOHON_02702,4,0.018433179723502304
3973,SAMN02649791|KEGIOHON_02703,3,0.013824884792626729
3974,SAMN02649791|KEGIOHON_02713,5,0.02304147465437788
3975,SAMN02649791|KEGIOHON_02717,6,0.027649769585253458
3976,SAMN02649791|KEGIOHON_02718,1,0.004608294930875576
3977,SAMN02649791|KEGIOHON_02719,3,0.013824884792626729
3978,SAMN02649791|KEGIOHON_02720,10,0.04608294930875576
3979,SAMN02649791|KEGIOHON_02733,2,0.009216589861751152
3980,SAMN02649791|KEGIOHON_02734,1,0.004608294930875576
3981,SAMN02649791|KEGIOHON_02737,2,0.009216589861751152
3982,SAMN02649791|KEGIOHON_02740,5,0.02304147465437788
3983,SAMN02649791|KEGIOHON_02743,2,0.009216589861751152
3984,SAMN02649791|KEGIOHON_02744,23,0.10599078341013825
3985,SAMN02649791|KEGIOHON_02751,1,0.004608294930875576
3986,SAMN02649791|KEGIOHON_02757,46,0.2119815668202765
3987,SAMN02649791|KEGIOHON_02759,2,0.009216589861751152
3988,SAMN02649791|KEGIOHON_02762,14,0.06451612903225806
3989,SAMN02649791|KEGIOHON_02766,12,0.055299539170506916
3990,SAMN02649791|KEGIOHON_02770,1,0.004608294930875576
3991,SAMN02649791|KEGIOHON_02780,2,0.009216589861751152
3992,SAMN02649791|KEGIOHON_02783,35,0.16129032258064516
3993,SAMN02649791|KEGIOHON_02784,38,0.17511520737327188
3994,SAMN02649791|KEGIOHON_02787,12,0.055299539170506916
3995,SAMN02649791|KEGIOHON_02791,32,0.14746543778801843
3996,SAMN02649791|KEGIOHON_02792,1,0.004608294930875576
3997,SAMN02649791|KEGIOHON_02794,1,0.004608294930875576
3998,SAMN02649791|KEGIOHON_02796,1,0.004608294930875576
3999,SAMN02649791|KEGIOHON_02797,2,0.009216589861751152
4000,SAMN02649791|KEGIOHON_02798,1,0.004608294930875576
4001,SAMN02649791|KEGIOHON_02811,2,0.009216589861751152
4002,SAMN02649791|KEGIOHON_02817,8,0.03686635944700461
4003,SAMN02649791|KEGIOHON_02819,1,0.004608294930875576
4004,SAMN02649791|KEGIOHON_02823,1,0.004608294930875576
4005,SAMN02649791|KEGIOHON_02824,10,0.04608294930875576
4006,SAMN02649791|KEGIOHON_02835,2,0.009216589861751152
4007,SAMN02649791|KEGIOHON_02839,3,0.013824884792626729
4008,SAMN02649791|KEGIOHON_02840,22,0.10138248847926268
4009,SAMN02649791|KEGIOHON_02841,2,0.009216589861751152
4010,SAMN02649791|KEGIOHON_02842,3,0.013824884792626729
4011,SAMN02649791|KEGIOHON_02843,1,0.004608294930875576
4012,SAMN02649791|KEGIOHON_02845,3,0.013824884792626729
4013,SAMN02649791|KEGIOHON_02857,2,0.009216589861751152
4014,SAMN02649791|KEGIOHON_02859,2,0.009216589861751152
4015,SAMN02649791|KEGIOHON_02862,1,0.004608294930875576
4016,SAMN02649791|KEGIOHON_02863,1,0.004608294930875576
4017,SAMN02649791|KEGIOHON_02864,9,0.041474654377880185
4018,SAMN02649791|KEGIOHON_02865,1,0.004608294930875576
4019,SAMN02649791|KEGIOHON_02867,1,0.004608294930875576
4020,SAMN02649791|KEGIOHON_02870,19,0.08755760368663594
4021,SAMN02649791|KEGIOHON_02871,31,0.14285714285714285
4022,SAMN02649791|KEGIOHON_02872,2,0.009216589861751152
4023,SAMN02649791|KEGIOHON_02874,1,0.004608294930875576
4024,SAMN02649791|KEGIOHON_02876,11,0.05069124423963134
4025,SAMN02649791|KEGIOHON_02881,3,0.013824884792626729
4026,SAMN02649791|KEGIOHON_02882,2,0.009216589861751152
4027,SAMN02649791|KEGIOHON_02885,3,0.013824884792626729
4028,SAMN02649791|KEGIOHON_02887,4,0.018433179723502304
4029,SAMN02649791|KEGIOHON_02889,15,0.06912442396313365
4030,SAMN02649791|KEGIOHON_02892,1,0.004608294930875576
4031,SAMN02649791|KEGIOHON_02893,1,0.004608294930875576
4032,SAMN02649791|KEGIOHON_02895,1,0.004608294930875576
4033,SAMN02649792|LBEJFAFJ_00112,8,0.03686635944700461
4034,SAMN02649792|LBEJFAFJ_00116,14,0.06451612903225806
4035,SAMN02649792|LBEJFAFJ_00117,1,0.004608294930875576
4036,SAMN02649792|LBEJFAFJ_00188,217,1.0
4037,SAMN02649792|LBEJFAFJ_00240,1,0.004608294930875576
4038,SAMN02649792|LBEJFAFJ_00247,1,0.004608294930875576
4039,SAMN02649792|LBEJFAFJ_00248,1,0.004608294930875576
4040,SAMN02649792|LBEJFAFJ_00303,3,0.013824884792626729
4041,SAMN02649792|LBEJFAFJ_00416,217,1.0
4042,SAMN02649792|LBEJFAFJ_00454,201,0.9262672811059908
4043,SAMN02649792|LBEJFAFJ_00541,1,0.004608294930875576
4044,SAMN02649792|LBEJFAFJ_00600,8,0.03686635944700461
4045,SAMN02649792|LBEJFAFJ_00639,1,0.004608294930875576
4046,SAMN02649792|LBEJFAFJ_00794,11,0.05069124423963134
4047,SAMN02649792|LBEJFAFJ_00796,19,0.08755760368663594
4048,SAMN02649792|LBEJFAFJ_01008,6,0.027649769585253458
4049,SAMN02649792|LBEJFAFJ_01300,15,0.06912442396313365
4050,SAMN02649792|LBEJFAFJ_01332,7,0.03225806451612903
4051,SAMN02649792|LBEJFAFJ_01413,6,0.027649769585253458
4052,SAMN02649792|LBEJFAFJ_01414,2,0.009216589861751152
4053,SAMN02649792|LBEJFAFJ_01415,7,0.03225806451612903
4054,SAMN02649792|LBEJFAFJ_01420,18,0.08294930875576037
4055,SAMN02649792|LBEJFAFJ_01421,20,0.09216589861751152
4056,SAMN02649792|LBEJFAFJ_01428,1,0.004608294930875576
4057,SAMN02649792|LBEJFAFJ_01525,1,0.004608294930875576
4058,SAMN02649792|LBEJFAFJ_01529,153,0.7050691244239631
4059,SAMN02649792|LBEJFAFJ_01591,48,0.22119815668202766
4060,SAMN02649792|LBEJFAFJ_01768,216,0.9953917050691244
4061,SAMN02649792|LBEJFAFJ_01824,1,0.004608294930875576
4062,SAMN02649792|LBEJFAFJ_01825,1,0.004608294930875576
4063,SAMN02649792|LBEJFAFJ_01957,5,0.02304147465437788
4064,SAMN02649792|LBEJFAFJ_02037,5,0.02304147465437788
4065,SAMN02649792|LBEJFAFJ_02053,4,0.018433179723502304
4066,SAMN02649792|LBEJFAFJ_02065,167,0.7695852534562212
4067,SAMN02649792|LBEJFAFJ_02245,6,0.027649769585253458
4068,SAMN02649792|LBEJFAFJ_02251,9,0.041474654377880185
4069,SAMN02649792|LBEJFAFJ_02252,5,0.02304147465437788
4070,SAMN02649792|LBEJFAFJ_02254,3,0.013824884792626729
4071,SAMN02649792|LBEJFAFJ_02454,4,0.018433179723502304
4072,SAMN02649792|LBEJFAFJ_02489,6,0.027649769585253458
4073,SAMN02649792|LBEJFAFJ_02492,7,0.03225806451612903
4074,SAMN02649792|LBEJFAFJ_02494,6,0.027649769585253458
4075,SAMN02649793|HEDEOGEH_00168,6,0.027649769585253458
4076,SAMN02649793|HEDEOGEH_00169,6,0.027649769585253458
4077,SAMN02649793|HEDEOGEH_00222,1,0.004608294930875576
4078,SAMN02649793|HEDEOGEH_00223,1,0.004608294930875576
4079,SAMN02649793|HEDEOGEH_00255,2,0.009216589861751152
4080,SAMN02649793|HEDEOGEH_00333,1,0.004608294930875576
4081,SAMN02649793|HEDEOGEH_00334,5,0.02304147465437788
4082,SAMN02649793|HEDEOGEH_00449,1,0.004608294930875576
4083,SAMN02649793|HEDEOGEH_00511,1,0.004608294930875576
4084,SAMN02649793|HEDEOGEH_00512,6,0.027649769585253458
4085,SAMN02649793|HEDEOGEH_00802,1,0.004608294930875576
4086,SAMN02649793|HEDEOGEH_00803,1,0.004608294930875576
4087,SAMN02649793|HEDEOGEH_00858,119,0.5483870967741935
4088,SAMN02649793|HEDEOGEH_00876,1,0.004608294930875576
4089,SAMN02649793|HEDEOGEH_00925,1,0.004608294930875576
4090,SAMN02649793|HEDEOGEH_01506,1,0.004608294930875576
4091,SAMN02649793|HEDEOGEH_01507,1,0.004608294930875576
4092,SAMN02649793|HEDEOGEH_01591,1,0.004608294930875576
4093,SAMN02649793|HEDEOGEH_01762,1,0.004608294930875576
4094,SAMN02649793|HEDEOGEH_01991,216,0.9953917050691244
4095,SAMN02649793|HEDEOGEH_02011,1,0.004608294930875576
4096,SAMN02649793|HEDEOGEH_02080,2,0.009216589861751152
4097,SAMN02649793|HEDEOGEH_02143,4,0.018433179723502304
4098,SAMN02649793|HEDEOGEH_02179,1,0.004608294930875576
4099,SAMN02649793|HEDEOGEH_02180,4,0.018433179723502304
4100,SAMN02649793|HEDEOGEH_02198,4,0.018433179723502304
4101,SAMN02649793|HEDEOGEH_02368,1,0.004608294930875576
4102,SAMN02649793|HEDEOGEH_02431,12,0.055299539170506916
4103,SAMN02649793|HEDEOGEH_02433,43,0.19815668202764977
4104,SAMN02649793|HEDEOGEH_02438,13,0.059907834101382486
4105,SAMN02649793|HEDEOGEH_02439,13,0.059907834101382486
4106,SAMN02649793|HEDEOGEH_02442,13,0.059907834101382486
4107,SAMN02649793|HEDEOGEH_02444,15,0.06912442396313365
4108,SAMN02649793|HEDEOGEH_02445,14,0.06451612903225806
4109,SAMN02649793|HEDEOGEH_02464,1,0.004608294930875576
4110,SAMN02649793|HEDEOGEH_02507,1,0.004608294930875576
4111,SAMN02649793|HEDEOGEH_02572,9,0.041474654377880185
4112,SAMN02649794|EPINLIHG_00008,1,0.004608294930875576
4113,SAMN02649794|EPINLIHG_00009,1,0.004608294930875576
4114,SAMN02649794|EPINLIHG_00030,1,0.004608294930875576
4115,SAMN02649794|EPINLIHG_00089,3,0.013824884792626729
4116,SAMN02649794|EPINLIHG_00090,3,0.013824884792626729
4117,SAMN02649794|EPINLIHG_01355,1,0.004608294930875576
4118,SAMN02649794|EPINLIHG_01472,5,0.02304147465437788
4119,SAMN02649794|EPINLIHG_01473,1,0.004608294930875576
4120,SAMN02649794|EPINLIHG_01503,5,0.02304147465437788
4121,SAMN02649794|EPINLIHG_01621,1,0.004608294930875576
4122,SAMN02649794|EPINLIHG_01947,3,0.013824884792626729
4123,SAMN02649794|EPINLIHG_02437,1,0.004608294930875576
4124,SAMN02649794|EPINLIHG_02587,2,0.009216589861751152
4125,SAMN02649794|EPINLIHG_02589,1,0.004608294930875576
4126,SAMN02649794|EPINLIHG_02696,1,0.004608294930875576
4127,SAMN02649794|EPINLIHG_02735,8,0.03686635944700461
4128,SAMN02649794|EPINLIHG_02736,8,0.03686635944700461
4129,SAMN02649794|EPINLIHG_02738,3,0.013824884792626729
4130,SAMN02649794|EPINLIHG_02751,1,0.004608294930875576
4131,SAMN02649794|EPINLIHG_02754,2,0.009216589861751152
4132,SAMN02649794|EPINLIHG_02755,5,0.02304147465437788
4133,SAMN02649794|EPINLIHG_02756,1,0.004608294930875576
4134,SAMN02649794|EPINLIHG_02759,6,0.027649769585253458
4135,SAMN02649794|EPINLIHG_02764,1,0.004608294930875576
4136,SAMN02649794|EPINLIHG_02785,1,0.004608294930875576
4137,SAMN02649795|GANGOFJP_00280,2,0.009216589861751152
4138,SAMN02649795|GANGOFJP_01188,3,0.013824884792626729
4139,SAMN02649795|GANGOFJP_01286,1,0.004608294930875576
4140,SAMN02649795|GANGOFJP_01287,1,0.004608294930875576
4141,SAMN02649795|GANGOFJP_01467,1,0.004608294930875576
4142,SAMN02649795|GANGOFJP_02637,1,0.004608294930875576
4143,SAMN02649795|GANGOFJP_02669,1,0.004608294930875576
4144,SAMN02649795|GANGOFJP_02713,4,0.018433179723502304
4145,SAMN02649796|OFJMEGJM_00204,1,0.004608294930875576
4146,SAMN02649796|OFJMEGJM_00284,1,0.004608294930875576
4147,SAMN02649796|OFJMEGJM_00926,1,0.004608294930875576
4148,SAMN02649796|OFJMEGJM_00927,1,0.004608294930875576
4149,SAMN02649796|OFJMEGJM_01014,3,0.013824884792626729
4150,SAMN02649796|OFJMEGJM_01015,1,0.004608294930875576
4151,SAMN02649796|OFJMEGJM_01307,3,0.013824884792626729
4152,SAMN02649796|OFJMEGJM_01682,1,0.004608294930875576
4153,SAMN02649796|OFJMEGJM_02068,1,0.004608294930875576
4154,SAMN02649796|OFJMEGJM_02124,8,0.03686635944700461
4155,SAMN02649796|OFJMEGJM_02125,2,0.009216589861751152
4156,SAMN02649796|OFJMEGJM_02266,1,0.004608294930875576
4157,SAMN02649796|OFJMEGJM_02286,1,0.004608294930875576
4158,SAMN02649796|OFJMEGJM_02287,1,0.004608294930875576
4159,SAMN02649796|OFJMEGJM_02288,1,0.004608294930875576
4160,SAMN02649796|OFJMEGJM_02289,1,0.004608294930875576
4161,SAMN02649796|OFJMEGJM_02290,1,0.004608294930875576
4162,SAMN02649796|OFJMEGJM_02291,1,0.004608294930875576
4163,SAMN02649796|OFJMEGJM_02292,1,0.004608294930875576
4164,SAMN02649796|OFJMEGJM_02293,1,0.004608294930875576
4165,SAMN02649796|OFJMEGJM_02294,1,0.004608294930875576
4166,SAMN02649796|OFJMEGJM_02295,1,0.004608294930875576
4167,SAMN02649796|OFJMEGJM_02296,1,0.004608294930875576
4168,SAMN02649796|OFJMEGJM_02297,1,0.004608294930875576
4169,SAMN02649796|OFJMEGJM_02298,1,0.004608294930875576
4170,SAMN02649796|OFJMEGJM_02299,1,0.004608294930875576
4171,SAMN02649796|OFJMEGJM_02300,1,0.004608294930875576
4172,SAMN02649796|OFJMEGJM_02301,1,0.004608294930875576
4173,SAMN02649796|OFJMEGJM_02302,1,0.004608294930875576
4174,SAMN02649796|OFJMEGJM_02303,1,0.004608294930875576
4175,SAMN02649796|OFJMEGJM_02304,1,0.004608294930875576
4176,SAMN02649796|OFJMEGJM_02305,1,0.004608294930875576
4177,SAMN02649796|OFJMEGJM_02388,3,0.013824884792626729
4178,SAMN02649796|OFJMEGJM_02504,2,0.009216589861751152
4179,SAMN02649796|OFJMEGJM_02517,6,0.027649769585253458
4180,SAMN02649796|OFJMEGJM_02518,2,0.009216589861751152
4181,SAMN02649796|OFJMEGJM_02519,2,0.009216589861751152
4182,SAMN02649796|OFJMEGJM_02522,2,0.009216589861751152
4183,SAMN02649796|OFJMEGJM_02524,3,0.013824884792626729
4184,SAMN02649796|OFJMEGJM_02525,2,0.009216589861751152
4185,SAMN02649796|OFJMEGJM_02539,1,0.004608294930875576
4186,SAMN02649796|OFJMEGJM_02555,1,0.004608294930875576
4187,SAMN02649796|OFJMEGJM_02581,1,0.004608294930875576
4188,SAMN02649796|OFJMEGJM_02611,1,0.004608294930875576
4189,SAMN02649796|OFJMEGJM_02612,1,0.004608294930875576
4190,SAMN02649796|OFJMEGJM_02613,1,0.004608294930875576
4191,SAMN02649796|OFJMEGJM_02640,1,0.004608294930875576
4192,SAMN02649796|OFJMEGJM_02727,1,0.004608294930875576
4193,SAMN02649796|OFJMEGJM_02748,11,0.05069124423963134
4194,SAMN02649796|OFJMEGJM_02749,2,0.009216589861751152
4195,SAMN02649796|OFJMEGJM_02757,38,0.17511520737327188
4196,SAMN02649796|OFJMEGJM_02763,1,0.004608294930875576
4197,SAMN02649796|OFJMEGJM_02775,1,0.004608294930875576
4198,SAMN02649796|OFJMEGJM_02785,1,0.004608294930875576
4199,SAMN02649796|OFJMEGJM_02786,1,0.004608294930875576
4200,SAMN02649796|OFJMEGJM_02788,4,0.018433179723502304
4201,SAMN02649796|OFJMEGJM_02789,7,0.03225806451612903
4202,SAMN02649796|OFJMEGJM_02790,21,0.0967741935483871
4203,SAMN02649796|OFJMEGJM_02794,4,0.018433179723502304
4204,SAMN02649796|OFJMEGJM_02795,4,0.018433179723502304
4205,SAMN02649796|OFJMEGJM_02808,7,0.03225806451612903
4206,SAMN02649796|OFJMEGJM_02845,3,0.013824884792626729
4207,SAMN02649796|OFJMEGJM_02863,1,0.004608294930875576
4208,SAMN02649796|OFJMEGJM_02886,3,0.013824884792626729
4209,SAMN02649796|OFJMEGJM_02902,1,0.004608294930875576
4210,SAMN02649796|OFJMEGJM_02905,1,0.004608294930875576
4211,SAMN02649796|OFJMEGJM_02907,1,0.004608294930875576
4212,SAMN02649796|OFJMEGJM_02946,2,0.009216589861751152
4213,SAMN02649796|OFJMEGJM_02955,1,0.004608294930875576
4214,SAMN02649796|OFJMEGJM_02956,3,0.013824884792626729
4215,SAMN02649797|NEOLEIAF_00353,210,0.967741935483871
4216,SAMN02649797|NEOLEIAF_00562,1,0.004608294930875576
4217,SAMN02649797|NEOLEIAF_01945,1,0.004608294930875576
4218,SAMN02649797|NEOLEIAF_01946,1,0.004608294930875576
4219,SAMN02649797|NEOLEIAF_02086,1,0.004608294930875576
4220,SAMN02649797|NEOLEIAF_02235,3,0.013824884792626729
4221,SAMN02649797|NEOLEIAF_02236,2,0.009216589861751152
4222,SAMN02649797|NEOLEIAF_02237,1,0.004608294930875576
4223,SAMN02649797|NEOLEIAF_02282,1,0.004608294930875576
4224,SAMN02649797|NEOLEIAF_02283,2,0.009216589861751152
4225,SAMN02649797|NEOLEIAF_02604,35,0.16129032258064516
4226,SAMN02649797|NEOLEIAF_02735,4,0.018433179723502304
4227,SAMN02649797|NEOLEIAF_02738,1,0.004608294930875576
4228,SAMN02649797|NEOLEIAF_02747,1,0.004608294930875576
4229,SAMN02649797|NEOLEIAF_02758,1,0.004608294930875576
4230,SAMN02649797|NEOLEIAF_02759,1,0.004608294930875576
4231,SAMN02649797|NEOLEIAF_02765,3,0.013824884792626729
4232,SAMN02649798|CIOOHGOL_00956,3,0.013824884792626729
4233,SAMN02649798|CIOOHGOL_00957,2,0.009216589861751152
4234,SAMN02649798|CIOOHGOL_02678,1,0.004608294930875576
4235,SAMN02649798|CIOOHGOL_02713,1,0.004608294930875576
4236,SAMN02649799|NLHBDFGG_00372,2,0.009216589861751152
4237,SAMN02649799|NLHBDFGG_00373,1,0.004608294930875576
4238,SAMN02649800|LGKBKKOE_01701,3,0.013824884792626729
4239,SAMN02649800|LGKBKKOE_01842,2,0.009216589861751152
4240,SAMN02649800|LGKBKKOE_02389,17,0.07834101382488479
4241,SAMN02649800|LGKBKKOE_02390,17,0.07834101382488479
4242,SAMN02649800|LGKBKKOE_02391,13,0.059907834101382486
4243,SAMN02649800|LGKBKKOE_02397,4,0.018433179723502304
4244,SAMN02649800|LGKBKKOE_02398,3,0.013824884792626729
4245,SAMN02649800|LGKBKKOE_02411,24,0.11059907834101383
4246,SAMN02649800|LGKBKKOE_02508,217,1.0
4247,SAMN02649800|LGKBKKOE_02649,5,0.02304147465437788
4248,SAMN02649800|LGKBKKOE_02655,10,0.04608294930875576
4249,SAMN02649800|LGKBKKOE_02662,5,0.02304147465437788
4250,SAMN02649801|PIEEHCFD_02559,1,0.004608294930875576
4251,SAMN02649801|PIEEHCFD_02599,1,0.004608294930875576
4252,SAMN02649802|GMKDAIDK_00101,217,1.0
4253,SAMN02649802|GMKDAIDK_00528,3,0.013824884792626729
4254,SAMN02649802|GMKDAIDK_01708,1,0.004608294930875576
4255,SAMN02649802|GMKDAIDK_02505,1,0.004608294930875576
4256,SAMN02649802|GMKDAIDK_02545,5,0.02304147465437788
4257,SAMN02649802|GMKDAIDK_02682,8,0.03686635944700461
4258,SAMN02649802|GMKDAIDK_02684,2,0.009216589861751152
4259,SAMN02649802|GMKDAIDK_02685,9,0.041474654377880185
4260,SAMN02649802|GMKDAIDK_02686,9,0.041474654377880185
4261,SAMN02649802|GMKDAIDK_02687,8,0.03686635944700461
4262,SAMN02649803|FLMMBJAP_00002,1,0.004608294930875576
4263,SAMN02649803|FLMMBJAP_00218,5,0.02304147465437788
4264,SAMN02649803|FLMMBJAP_00249,4,0.018433179723502304
4265,SAMN02649803|FLMMBJAP_00519,1,0.004608294930875576
4266,SAMN02649803|FLMMBJAP_00532,1,0.004608294930875576
4267,SAMN02649803|FLMMBJAP_00533,1,0.004608294930875576
4268,SAMN02649803|FLMMBJAP_00692,1,0.004608294930875576
4269,SAMN02649803|FLMMBJAP_00796,1,0.004608294930875576
4270,SAMN02649803|FLMMBJAP_00797,1,0.004608294930875576
4271,SAMN02649803|FLMMBJAP_00804,2,0.009216589861751152
4272,SAMN02649803|FLMMBJAP_01358,1,0.004608294930875576
4273,SAMN02649803|FLMMBJAP_01409,1,0.004608294930875576
4274,SAMN02649803|FLMMBJAP_01613,1,0.004608294930875576
4275,SAMN02649803|FLMMBJAP_01662,1,0.004608294930875576
4276,SAMN02649803|FLMMBJAP_01811,1,0.004608294930875576
4277,SAMN02649803|FLMMBJAP_01830,215,0.9907834101382489
4278,SAMN02649803|FLMMBJAP_01930,3,0.013824884792626729
4279,SAMN02649803|FLMMBJAP_01947,1,0.004608294930875576
4280,SAMN02649803|FLMMBJAP_01948,1,0.004608294930875576
4281,SAMN02649803|FLMMBJAP_02015,7,0.03225806451612903
4282,SAMN02649803|FLMMBJAP_02027,8,0.03686635944700461
4283,SAMN02649803|FLMMBJAP_02029,9,0.041474654377880185
4284,SAMN02649803|FLMMBJAP_02038,7,0.03225806451612903
4285,SAMN02649803|FLMMBJAP_02062,3,0.013824884792626729
4286,SAMN02649803|FLMMBJAP_02063,3,0.013824884792626729
4287,SAMN02649803|FLMMBJAP_02064,7,0.03225806451612903
4288,SAMN02649803|FLMMBJAP_02152,1,0.004608294930875576
4289,SAMN02649803|FLMMBJAP_02194,213,0.9815668202764977
4290,SAMN02649803|FLMMBJAP_02270,1,0.004608294930875576
4291,SAMN02649803|FLMMBJAP_02335,2,0.009216589861751152
4292,SAMN02649803|FLMMBJAP_02344,2,0.009216589861751152
4293,SAMN02649803|FLMMBJAP_02345,2,0.009216589861751152
4294,SAMN02649803|FLMMBJAP_02346,2,0.009216589861751152
4295,SAMN02649803|FLMMBJAP_02347,2,0.009216589861751152
4296,SAMN02649803|FLMMBJAP_02348,2,0.009216589861751152
4297,SAMN02649803|FLMMBJAP_02349,3,0.013824884792626729
4298,SAMN02649803|FLMMBJAP_02367,10,0.04608294930875576
4299,SAMN02649803|FLMMBJAP_02369,3,0.013824884792626729
4300,SAMN02649803|FLMMBJAP_02484,8,0.03686635944700461
4301,SAMN02649803|FLMMBJAP_02485,8,0.03686635944700461
4302,SAMN02649803|FLMMBJAP_02505,2,0.009216589861751152
4303,SAMN02649803|FLMMBJAP_02572,6,0.027649769585253458
4304,SAMN02649803|FLMMBJAP_02576,10,0.04608294930875576
4305,SAMN02649803|FLMMBJAP_02577,11,0.05069124423963134
4306,SAMN02649803|FLMMBJAP_02578,10,0.04608294930875576
4307,SAMN02649803|FLMMBJAP_02579,4,0.018433179723502304
4308,SAMN02649803|FLMMBJAP_02644,1,0.004608294930875576
4309,SAMN02649803|FLMMBJAP_02645,2,0.009216589861751152
4310,SAMN02649803|FLMMBJAP_02652,1,0.004608294930875576
4311,SAMN02649803|FLMMBJAP_02653,12,0.055299539170506916
4312,SAMN02649803|FLMMBJAP_02654,4,0.018433179723502304
4313,SAMN02649803|FLMMBJAP_02656,4,0.018433179723502304
4314,SAMN02649803|FLMMBJAP_02657,3,0.013824884792626729
4315,SAMN02649803|FLMMBJAP_02658,3,0.013824884792626729
4316,SAMN02649803|FLMMBJAP_02659,3,0.013824884792626729
4317,SAMN02649803|FLMMBJAP_02660,2,0.009216589861751152
4318,SAMN02649803|FLMMBJAP_02676,1,0.004608294930875576
4319,SAMN02649803|FLMMBJAP_02677,1,0.004608294930875576
4320,SAMN02649803|FLMMBJAP_02680,1,0.004608294930875576
4321,SAMN02649803|FLMMBJAP_02681,1,0.004608294930875576
4322,SAMN02649803|FLMMBJAP_02682,3,0.013824884792626729
4323,SAMN02649803|FLMMBJAP_02683,3,0.013824884792626729
4324,SAMN02649803|FLMMBJAP_02703,1,0.004608294930875576
4325,SAMN02649803|FLMMBJAP_02719,4,0.018433179723502304
4326,SAMN02649803|FLMMBJAP_02720,4,0.018433179723502304
4327,SAMN02649803|FLMMBJAP_02721,3,0.013824884792626729
4328,SAMN02649803|FLMMBJAP_02740,8,0.03686635944700461
4329,SAMN02649804|GGCNPDLF_00419,89,0.41013824884792627
4330,SAMN02649804|GGCNPDLF_01930,1,0.004608294930875576
4331,SAMN02649804|GGCNPDLF_02400,1,0.004608294930875576
4332,SAMN02649804|GGCNPDLF_02401,1,0.004608294930875576
4333,SAMN02649804|GGCNPDLF_02761,1,0.004608294930875576
4334,SAMN02649805|CCEHMLLK_00390,1,0.004608294930875576
4335,SAMN02649805|CCEHMLLK_00391,1,0.004608294930875576
4336,SAMN02649805|CCEHMLLK_00444,2,0.009216589861751152
4337,SAMN02649805|CCEHMLLK_00445,2,0.009216589861751152
4338,SAMN02649805|CCEHMLLK_00455,1,0.004608294930875576
4339,SAMN02649805|CCEHMLLK_00456,1,0.004608294930875576
4340,SAMN02649805|CCEHMLLK_01908,1,0.004608294930875576
4341,SAMN02649805|CCEHMLLK_01909,1,0.004608294930875576
4342,SAMN02649805|CCEHMLLK_02608,1,0.004608294930875576
4343,SAMN02649805|CCEHMLLK_02617,1,0.004608294930875576
4344,SAMN02649805|CCEHMLLK_02709,1,0.004608294930875576
4345,SAMN02649805|CCEHMLLK_02720,1,0.004608294930875576
4346,SAMN02649805|CCEHMLLK_02727,2,0.009216589861751152
4347,SAMN02649805|CCEHMLLK_02801,1,0.004608294930875576
4348,SAMN02649806|GPAKDGOO_00323,59,0.271889400921659
4349,SAMN02649806|GPAKDGOO_00395,214,0.9861751152073732
4350,SAMN02649806|GPAKDGOO_00538,1,0.004608294930875576
4351,SAMN02649806|GPAKDGOO_01175,5,0.02304147465437788
4352,SAMN02649806|GPAKDGOO_01525,1,0.004608294930875576
4353,SAMN02649806|GPAKDGOO_01526,1,0.004608294930875576
4354,SAMN02649806|GPAKDGOO_01626,5,0.02304147465437788
4355,SAMN02649806|GPAKDGOO_01849,1,0.004608294930875576
4356,SAMN02649806|GPAKDGOO_01850,2,0.009216589861751152
4357,SAMN02649806|GPAKDGOO_01977,199,0.9170506912442397
4358,SAMN02649806|GPAKDGOO_02004,9,0.041474654377880185
4359,SAMN02649806|GPAKDGOO_02005,1,0.004608294930875576
4360,SAMN02649806|GPAKDGOO_02215,1,0.004608294930875576
4361,SAMN02649806|GPAKDGOO_02338,1,0.004608294930875576
4362,SAMN02649806|GPAKDGOO_02339,1,0.004608294930875576
4363,SAMN02649806|GPAKDGOO_02493,1,0.004608294930875576
4364,SAMN02649806|GPAKDGOO_02638,1,0.004608294930875576
4365,SAMN02649807|ALAPJAID_00138,2,0.009216589861751152
4366,SAMN02649807|ALAPJAID_00139,1,0.004608294930875576
4367,SAMN02649807|ALAPJAID_00825,1,0.004608294930875576
4368,SAMN02649807|ALAPJAID_00826,1,0.004608294930875576
4369,SAMN02649807|ALAPJAID_02013,1,0.004608294930875576
4370,SAMN02649807|ALAPJAID_02265,1,0.004608294930875576
4371,SAMN02649807|ALAPJAID_02266,1,0.004608294930875576
4372,SAMN02649808|ECFLIHPG_00961,1,0.004608294930875576
4373,SAMN02649808|ECFLIHPG_00962,1,0.004608294930875576
4374,SAMN02649808|ECFLIHPG_01594,1,0.004608294930875576
4375,SAMN02649808|ECFLIHPG_01595,1,0.004608294930875576
4376,SAMN02649808|ECFLIHPG_01689,46,0.2119815668202765
4377,SAMN02649808|ECFLIHPG_01717,1,0.004608294930875576
4378,SAMN02649808|ECFLIHPG_02603,6,0.027649769585253458
4379,SAMN02649809|BMCOAIEO_00207,1,0.004608294930875576
4380,SAMN02649809|BMCOAIEO_00408,1,0.004608294930875576
4381,SAMN02649809|BMCOAIEO_00409,1,0.004608294930875576
4382,SAMN02649809|BMCOAIEO_00460,1,0.004608294930875576
4383,SAMN02649809|BMCOAIEO_00461,1,0.004608294930875576
4384,SAMN02649809|BMCOAIEO_00564,1,0.004608294930875576
4385,SAMN02649809|BMCOAIEO_00565,1,0.004608294930875576
4386,SAMN02649809|BMCOAIEO_00812,4,0.018433179723502304
4387,SAMN02649809|BMCOAIEO_00832,8,0.03686635944700461
4388,SAMN02649809|BMCOAIEO_00846,3,0.013824884792626729
4389,SAMN02649809|BMCOAIEO_01609,217,1.0
4390,SAMN02649809|BMCOAIEO_02305,1,0.004608294930875576
4391,SAMN02649810|FJJJJEPK_00091,2,0.009216589861751152
4392,SAMN02649810|FJJJJEPK_00112,3,0.013824884792626729
4393,SAMN02649810|FJJJJEPK_00113,4,0.018433179723502304
4394,SAMN02649810|FJJJJEPK_00114,4,0.018433179723502304
4395,SAMN02649810|FJJJJEPK_00126,6,0.027649769585253458
4396,SAMN02649810|FJJJJEPK_00137,200,0.9216589861751152
4397,SAMN02649810|FJJJJEPK_00144,6,0.027649769585253458
4398,SAMN02649810|FJJJJEPK_00146,6,0.027649769585253458
4399,SAMN02649810|FJJJJEPK_00147,6,0.027649769585253458
4400,SAMN02649810|FJJJJEPK_00203,5,0.02304147465437788
4401,SAMN02649810|FJJJJEPK_00205,4,0.018433179723502304
4402,SAMN02649810|FJJJJEPK_00210,4,0.018433179723502304
4403,SAMN02649810|FJJJJEPK_00214,12,0.055299539170506916
4404,SAMN02649810|FJJJJEPK_00222,2,0.009216589861751152
4405,SAMN02649810|FJJJJEPK_00223,2,0.009216589861751152
4406,SAMN02649810|FJJJJEPK_00226,14,0.06451612903225806
4407,SAMN02649810|FJJJJEPK_00233,6,0.027649769585253458
4408,SAMN02649810|FJJJJEPK_00234,22,0.10138248847926268
4409,SAMN02649810|FJJJJEPK_00236,6,0.027649769585253458
4410,SAMN02649810|FJJJJEPK_00239,5,0.02304147465437788
4411,SAMN02649810|FJJJJEPK_00301,13,0.059907834101382486
4412,SAMN02649810|FJJJJEPK_00308,5,0.02304147465437788
4413,SAMN02649810|FJJJJEPK_00359,2,0.009216589861751152
4414,SAMN02649810|FJJJJEPK_00362,217,1.0
4415,SAMN02649810|FJJJJEPK_00387,9,0.041474654377880185
4416,SAMN02649810|FJJJJEPK_00388,195,0.8986175115207373
4417,SAMN02649810|FJJJJEPK_00396,159,0.7327188940092166
4418,SAMN02649810|FJJJJEPK_00422,3,0.013824884792626729
4419,SAMN02649810|FJJJJEPK_00465,6,0.027649769585253458
4420,SAMN02649810|FJJJJEPK_00466,6,0.027649769585253458
4421,SAMN02649810|FJJJJEPK_00467,6,0.027649769585253458
4422,SAMN02649810|FJJJJEPK_00477,2,0.009216589861751152
4423,SAMN02649810|FJJJJEPK_00478,2,0.009216589861751152
4424,SAMN02649810|FJJJJEPK_00494,3,0.013824884792626729
4425,SAMN02649810|FJJJJEPK_00500,6,0.027649769585253458
4426,SAMN02649810|FJJJJEPK_00521,6,0.027649769585253458
4427,SAMN02649810|FJJJJEPK_00522,5,0.02304147465437788
4428,SAMN02649810|FJJJJEPK_00538,109,0.5023041474654378
4429,SAMN02649810|FJJJJEPK_00553,1,0.004608294930875576
4430,SAMN02649810|FJJJJEPK_00576,6,0.027649769585253458
4431,SAMN02649810|FJJJJEPK_00605,9,0.041474654377880185
4432,SAMN02649810|FJJJJEPK_00606,6,0.027649769585253458
4433,SAMN02649810|FJJJJEPK_00607,6,0.027649769585253458
4434,SAMN02649810|FJJJJEPK_00667,6,0.027649769585253458
4435,SAMN02649810|FJJJJEPK_00708,72,0.3317972350230415
4436,SAMN02649810|FJJJJEPK_00709,23,0.10599078341013825
4437,SAMN02649810|FJJJJEPK_00734,7,0.03225806451612903
4438,SAMN02649810|FJJJJEPK_00741,64,0.29493087557603687
4439,SAMN02649810|FJJJJEPK_00744,4,0.018433179723502304
4440,SAMN02649810|FJJJJEPK_00745,4,0.018433179723502304
4441,SAMN02649810|FJJJJEPK_00746,3,0.013824884792626729
4442,SAMN02649810|FJJJJEPK_00747,6,0.027649769585253458
4443,SAMN02649810|FJJJJEPK_00748,6,0.027649769585253458
4444,SAMN02649810|FJJJJEPK_00749,4,0.018433179723502304
4445,SAMN02649810|FJJJJEPK_00750,5,0.02304147465437788
4446,SAMN02649810|FJJJJEPK_00751,6,0.027649769585253458
4447,SAMN02649810|FJJJJEPK_00752,6,0.027649769585253458
4448,SAMN02649810|FJJJJEPK_00753,3,0.013824884792626729
4449,SAMN02649810|FJJJJEPK_00756,1,0.004608294930875576
4450,SAMN02649810|FJJJJEPK_00758,10,0.04608294930875576
4451,SAMN02649810|FJJJJEPK_00759,9,0.041474654377880185
4452,SAMN02649810|FJJJJEPK_00760,10,0.04608294930875576
4453,SAMN02649810|FJJJJEPK_00763,5,0.02304147465437788
4454,SAMN02649810|FJJJJEPK_00764,5,0.02304147465437788
4455,SAMN02649810|FJJJJEPK_00765,3,0.013824884792626729
4456,SAMN02649810|FJJJJEPK_00766,5,0.02304147465437788
4457,SAMN02649810|FJJJJEPK_00767,5,0.02304147465437788
4458,SAMN02649810|FJJJJEPK_00790,1,0.004608294930875576
4459,SAMN02649810|FJJJJEPK_00816,30,0.1382488479262673
4460,SAMN02649810|FJJJJEPK_00830,5,0.02304147465437788
4461,SAMN02649810|FJJJJEPK_00848,3,0.013824884792626729
4462,SAMN02649810|FJJJJEPK_00864,2,0.009216589861751152
4463,SAMN02649810|FJJJJEPK_00876,215,0.9907834101382489
4464,SAMN02649810|FJJJJEPK_00923,171,0.7880184331797235
4465,SAMN02649810|FJJJJEPK_00933,6,0.027649769585253458
4466,SAMN02649810|FJJJJEPK_00943,19,0.08755760368663594
4467,SAMN02649810|FJJJJEPK_00964,2,0.009216589861751152
4468,SAMN02649810|FJJJJEPK_01004,2,0.009216589861751152
4469,SAMN02649810|FJJJJEPK_01005,2,0.009216589861751152
4470,SAMN02649810|FJJJJEPK_01071,217,1.0
4471,SAMN02649810|FJJJJEPK_01107,1,0.004608294930875576
4472,SAMN02649810|FJJJJEPK_01108,1,0.004608294930875576
4473,SAMN02649810|FJJJJEPK_01125,216,0.9953917050691244
4474,SAMN02649810|FJJJJEPK_01297,216,0.9953917050691244
4475,SAMN02649810|FJJJJEPK_01469,211,0.9723502304147466
4476,SAMN02649810|FJJJJEPK_01484,2,0.009216589861751152
4477,SAMN02649810|FJJJJEPK_01485,10,0.04608294930875576
4478,SAMN02649810|FJJJJEPK_01718,2,0.009216589861751152
4479,SAMN02649810|FJJJJEPK_01763,217,1.0
4480,SAMN02649810|FJJJJEPK_01871,6,0.027649769585253458
4481,SAMN02649810|FJJJJEPK_01910,11,0.05069124423963134
4482,SAMN02649810|FJJJJEPK_01911,11,0.05069124423963134
4483,SAMN02649810|FJJJJEPK_01931,2,0.009216589861751152
4484,SAMN02649810|FJJJJEPK_01932,2,0.009216589861751152
4485,SAMN02649810|FJJJJEPK_02028,214,0.9861751152073732
4486,SAMN02649810|FJJJJEPK_02061,69,0.31797235023041476
4487,SAMN02649810|FJJJJEPK_02189,2,0.009216589861751152
4488,SAMN02649810|FJJJJEPK_02190,6,0.027649769585253458
4489,SAMN02649810|FJJJJEPK_02195,9,0.041474654377880185
4490,SAMN02649810|FJJJJEPK_02196,9,0.041474654377880185
4491,SAMN02649810|FJJJJEPK_02201,7,0.03225806451612903
4492,SAMN02649810|FJJJJEPK_02266,6,0.027649769585253458
4493,SAMN02649810|FJJJJEPK_02277,6,0.027649769585253458
4494,SAMN02649810|FJJJJEPK_02278,6,0.027649769585253458
4495,SAMN02649810|FJJJJEPK_02292,149,0.6866359447004609
4496,SAMN02649810|FJJJJEPK_02294,7,0.03225806451612903
4497,SAMN02649810|FJJJJEPK_02295,4,0.018433179723502304
4498,SAMN02649810|FJJJJEPK_02296,6,0.027649769585253458
4499,SAMN02649810|FJJJJEPK_02297,5,0.02304147465437788
4500,SAMN02649810|FJJJJEPK_02299,7,0.03225806451612903
4501,SAMN02649810|FJJJJEPK_02300,6,0.027649769585253458
4502,SAMN02649810|FJJJJEPK_02368,214,0.9861751152073732
4503,SAMN02649810|FJJJJEPK_02406,27,0.12442396313364056
4504,SAMN02649810|FJJJJEPK_02439,208,0.9585253456221198
4505,SAMN02649810|FJJJJEPK_02440,15,0.06912442396313365
4506,SAMN02649810|FJJJJEPK_02543,1,0.004608294930875576
4507,SAMN02649810|FJJJJEPK_02592,1,0.004608294930875576
4508,SAMN02649810|FJJJJEPK_02651,2,0.009216589861751152
4509,SAMN02649810|FJJJJEPK_02686,2,0.009216589861751152
4510,SAMN02649810|FJJJJEPK_02687,1,0.004608294930875576
4511,SAMN02649810|FJJJJEPK_02689,2,0.009216589861751152
4512,SAMN02649810|FJJJJEPK_02693,1,0.004608294930875576
4513,SAMN02649810|FJJJJEPK_02694,1,0.004608294930875576
4514,SAMN02649810|FJJJJEPK_02726,25,0.1152073732718894
4515,SAMN02649810|FJJJJEPK_02727,37,0.17050691244239632
4516,SAMN02649810|FJJJJEPK_02735,1,0.004608294930875576
4517,SAMN02649810|FJJJJEPK_02742,1,0.004608294930875576
4518,SAMN02649810|FJJJJEPK_02743,1,0.004608294930875576
4519,SAMN02649810|FJJJJEPK_02746,1,0.004608294930875576
4520,SAMN02649810|FJJJJEPK_02747,1,0.004608294930875576
4521,SAMN02649811|HDLAGJGF_00041,2,0.009216589861751152
4522,SAMN02649811|HDLAGJGF_00042,1,0.004608294930875576
4523,SAMN02649811|HDLAGJGF_00751,1,0.004608294930875576
4524,SAMN02649811|HDLAGJGF_00752,1,0.004608294930875576
4525,SAMN02649811|HDLAGJGF_01005,13,0.059907834101382486
4526,SAMN02649811|HDLAGJGF_01475,1,0.004608294930875576
4527,SAMN02649811|HDLAGJGF_01569,1,0.004608294930875576
4528,SAMN02649811|HDLAGJGF_01570,1,0.004608294930875576
4529,SAMN02649811|HDLAGJGF_01719,1,0.004608294930875576
4530,SAMN02649811|HDLAGJGF_01784,1,0.004608294930875576
4531,SAMN02649811|HDLAGJGF_01962,1,0.004608294930875576
4532,SAMN02649811|HDLAGJGF_01973,217,1.0
4533,SAMN02649811|HDLAGJGF_02040,1,0.004608294930875576
4534,SAMN02649811|HDLAGJGF_02168,1,0.004608294930875576
4535,SAMN02649811|HDLAGJGF_02692,1,0.004608294930875576
4536,SAMN02649812|NMJNDJMF_00011,2,0.009216589861751152
4537,SAMN02649812|NMJNDJMF_00012,2,0.009216589861751152
4538,SAMN02649812|NMJNDJMF_00031,2,0.009216589861751152
4539,SAMN02649812|NMJNDJMF_00455,1,0.004608294930875576
4540,SAMN02649812|NMJNDJMF_01463,217,1.0
4541,SAMN02649812|NMJNDJMF_01929,1,0.004608294930875576
4542,SAMN02649812|NMJNDJMF_01930,1,0.004608294930875576
4543,SAMN02649812|NMJNDJMF_02704,2,0.009216589861751152
4544,SAMN02649812|NMJNDJMF_02736,7,0.03225806451612903
4545,SAMN02649813|PPJCAENA_01371,2,0.009216589861751152
4546,SAMN02649813|PPJCAENA_01806,2,0.009216589861751152
4547,SAMN02649813|PPJCAENA_02660,2,0.009216589861751152
4548,SAMN02649813|PPJCAENA_02689,1,0.004608294930875576
4549,SAMN02649813|PPJCAENA_02753,2,0.009216589861751152
4550,SAMN02649814|ECAHJFKA_00199,31,0.14285714285714285
4551,SAMN02649814|ECAHJFKA_00321,3,0.013824884792626729
4552,SAMN02649814|ECAHJFKA_00374,6,0.027649769585253458
4553,SAMN02649814|ECAHJFKA_00456,11,0.05069124423963134
4554,SAMN02649814|ECAHJFKA_00459,7,0.03225806451612903
4555,SAMN02649814|ECAHJFKA_00463,4,0.018433179723502304
4556,SAMN02649814|ECAHJFKA_00465,4,0.018433179723502304
4557,SAMN02649814|ECAHJFKA_00466,8,0.03686635944700461
4558,SAMN02649814|ECAHJFKA_00468,12,0.055299539170506916
4559,SAMN02649814|ECAHJFKA_00489,215,0.9907834101382489
4560,SAMN02649814|ECAHJFKA_00536,217,1.0
4561,SAMN02649814|ECAHJFKA_00661,6,0.027649769585253458
4562,SAMN02649814|ECAHJFKA_00681,194,0.8940092165898618
4563,SAMN02649814|ECAHJFKA_00780,5,0.02304147465437788
4564,SAMN02649814|ECAHJFKA_01385,4,0.018433179723502304
4565,SAMN02649814|ECAHJFKA_01425,9,0.041474654377880185
4566,SAMN02649814|ECAHJFKA_01435,8,0.03686635944700461
4567,SAMN02649814|ECAHJFKA_01477,5,0.02304147465437788
4568,SAMN02649814|ECAHJFKA_01478,1,0.004608294930875576
4569,SAMN02649814|ECAHJFKA_01479,3,0.013824884792626729
4570,SAMN02649814|ECAHJFKA_01572,9,0.041474654377880185
4571,SAMN02649814|ECAHJFKA_01627,1,0.004608294930875576
4572,SAMN02649814|ECAHJFKA_01628,1,0.004608294930875576
4573,SAMN02649814|ECAHJFKA_01679,1,0.004608294930875576
4574,SAMN02649814|ECAHJFKA_02040,216,0.9953917050691244
4575,SAMN02649814|ECAHJFKA_02090,5,0.02304147465437788
4576,SAMN02649814|ECAHJFKA_02257,2,0.009216589861751152
4577,SAMN02649814|ECAHJFKA_02264,25,0.1152073732718894
4578,SAMN02649814|ECAHJFKA_02265,11,0.05069124423963134
4579,SAMN02649814|ECAHJFKA_02268,2,0.009216589861751152
4580,SAMN02649814|ECAHJFKA_02270,5,0.02304147465437788
4581,SAMN02649814|ECAHJFKA_02290,2,0.009216589861751152
4582,SAMN02649814|ECAHJFKA_02292,91,0.41935483870967744
4583,SAMN02649814|ECAHJFKA_02296,1,0.004608294930875576
4584,SAMN02649814|ECAHJFKA_02383,6,0.027649769585253458
4585,SAMN02649815|DOJFALBK_01231,1,0.004608294930875576
4586,SAMN03859721|APIJNDFF_00128,2,0.009216589861751152
4587,SAMN03859721|APIJNDFF_00238,1,0.004608294930875576
4588,SAMN03859721|APIJNDFF_00239,1,0.004608294930875576
4589,SAMN03859721|APIJNDFF_00269,13,0.059907834101382486
4590,SAMN03859721|APIJNDFF_00340,1,0.004608294930875576
4591,SAMN03859721|APIJNDFF_00738,1,0.004608294930875576
4592,SAMN03859721|APIJNDFF_00739,1,0.004608294930875576
4593,SAMN03859721|APIJNDFF_00776,1,0.004608294930875576
4594,SAMN03859721|APIJNDFF_00976,210,0.967741935483871
4595,SAMN03859721|APIJNDFF_01156,1,0.004608294930875576
4596,SAMN03859721|APIJNDFF_01157,2,0.009216589861751152
4597,SAMN03859721|APIJNDFF_01221,1,0.004608294930875576
4598,SAMN03859721|APIJNDFF_01374,1,0.004608294930875576
4599,SAMN03859721|APIJNDFF_01378,1,0.004608294930875576
4600,SAMN03859721|APIJNDFF_01415,2,0.009216589861751152
4601,SAMN03859721|APIJNDFF_01456,1,0.004608294930875576
4602,SAMN03859721|APIJNDFF_01457,1,0.004608294930875576
4603,SAMN03859721|APIJNDFF_01461,1,0.004608294930875576
4604,SAMN03859721|APIJNDFF_01462,1,0.004608294930875576
4605,SAMN03859721|APIJNDFF_01467,12,0.055299539170506916
4606,SAMN03859721|APIJNDFF_01469,12,0.055299539170506916
4607,SAMN03859721|APIJNDFF_01470,2,0.009216589861751152
4608,SAMN03859721|APIJNDFF_01471,2,0.009216589861751152
4609,SAMN03859721|APIJNDFF_01476,1,0.004608294930875576
4610,SAMN03859721|APIJNDFF_01477,1,0.004608294930875576
4611,SAMN03859721|APIJNDFF_01480,1,0.004608294930875576
4612,SAMN03859721|APIJNDFF_01481,1,0.004608294930875576
4613,SAMN03859721|APIJNDFF_01482,13,0.059907834101382486
4614,SAMN03859721|APIJNDFF_01588,198,0.9124423963133641
4615,SAMN03859721|APIJNDFF_01840,2,0.009216589861751152
4616,SAMN03859721|APIJNDFF_01897,1,0.004608294930875576
4617,SAMN03859721|APIJNDFF_01898,1,0.004608294930875576
4618,SAMN03859721|APIJNDFF_02028,1,0.004608294930875576
4619,SAMN03859721|APIJNDFF_02029,1,0.004608294930875576
4620,SAMN03859721|APIJNDFF_02054,10,0.04608294930875576
4621,SAMN03859721|APIJNDFF_02065,1,0.004608294930875576
4622,SAMN03859721|APIJNDFF_02066,2,0.009216589861751152
4623,SAMN03859721|APIJNDFF_02114,2,0.009216589861751152
4624,SAMN03859721|APIJNDFF_02115,2,0.009216589861751152
4625,SAMN03859721|APIJNDFF_02280,6,0.027649769585253458
4626,SAMN03859721|APIJNDFF_02360,1,0.004608294930875576
4627,SAMN03859721|APIJNDFF_02476,4,0.018433179723502304
4628,SAMN03859721|APIJNDFF_02484,1,0.004608294930875576
4629,SAMN03859721|APIJNDFF_02504,5,0.02304147465437788
4630,SAMN03859721|APIJNDFF_02527,1,0.004608294930875576
4631,SAMN03859721|APIJNDFF_02534,17,0.07834101382488479
4632,SAMN03859721|APIJNDFF_02561,1,0.004608294930875576
4633,SAMN03859721|APIJNDFF_02562,1,0.004608294930875576
4634,SAMN03859721|APIJNDFF_02569,2,0.009216589861751152
4635,SAMN03859721|APIJNDFF_02593,1,0.004608294930875576
4636,SAMN03859721|APIJNDFF_02597,1,0.004608294930875576
4637,SAMN03859721|APIJNDFF_02608,14,0.06451612903225806
4638,SAMN03859721|APIJNDFF_02609,1,0.004608294930875576
4639,SAMN03859721|APIJNDFF_02611,1,0.004608294930875576
4640,SAMN03859721|APIJNDFF_02612,4,0.018433179723502304
4641,SAMN03859721|APIJNDFF_02639,1,0.004608294930875576
4642,SAMN03859721|APIJNDFF_02640,1,0.004608294930875576
4643,SAMN03859721|APIJNDFF_02641,1,0.004608294930875576
4644,SAMN03859721|APIJNDFF_02720,12,0.055299539170506916
4645,SAMN03859721|APIJNDFF_02722,4,0.018433179723502304
4646,SAMN03859721|APIJNDFF_02740,6,0.027649769585253458
4647,SAMN03859721|APIJNDFF_02745,1,0.004608294930875576
4648,SAMN03859721|APIJNDFF_02747,1,0.004608294930875576
4649,SAMN03859721|APIJNDFF_02748,1,0.004608294930875576
4650,SAMN03859721|APIJNDFF_02750,4,0.018433179723502304
4651,SAMN03859721|APIJNDFF_02754,2,0.009216589861751152
4652,SAMN03859721|APIJNDFF_02756,1,0.004608294930875576
4653,SAMN03859721|APIJNDFF_02757,8,0.03686635944700461
4654,SAMN03859721|APIJNDFF_02773,1,0.004608294930875576
4655,SAMN03859721|APIJNDFF_02775,9,0.041474654377880185
4656,SAMN03859721|APIJNDFF_02777,6,0.027649769585253458
4657,SAMN03859721|APIJNDFF_02787,5,0.02304147465437788
4658,SAMN03859721|APIJNDFF_02792,2,0.009216589861751152
4659,SAMN03859721|APIJNDFF_02793,1,0.004608294930875576
4660,SAMN03859721|APIJNDFF_02833,1,0.004608294930875576
4661,SAMN03859722|PEALBINB_00039,1,0.004608294930875576
4662,SAMN03859722|PEALBINB_00040,1,0.004608294930875576
4663,SAMN03859722|PEALBINB_00079,3,0.013824884792626729
4664,SAMN03859722|PEALBINB_00137,2,0.009216589861751152
4665,SAMN03859722|PEALBINB_00605,1,0.004608294930875576
4666,SAMN03859722|PEALBINB_00930,1,0.004608294930875576
4667,SAMN03859722|PEALBINB_01074,3,0.013824884792626729
4668,SAMN03859722|PEALBINB_01231,20,0.09216589861751152
4669,SAMN03859722|PEALBINB_01397,13,0.059907834101382486
4670,SAMN03859722|PEALBINB_01403,1,0.004608294930875576
4671,SAMN03859722|PEALBINB_01404,4,0.018433179723502304
4672,SAMN03859722|PEALBINB_01607,1,0.004608294930875576
4673,SAMN03859722|PEALBINB_01608,1,0.004608294930875576
4674,SAMN03859722|PEALBINB_01764,3,0.013824884792626729
4675,SAMN03859722|PEALBINB_01793,5,0.02304147465437788
4676,SAMN03859722|PEALBINB_01797,1,0.004608294930875576
4677,SAMN03859722|PEALBINB_02095,1,0.004608294930875576
4678,SAMN03859722|PEALBINB_02096,1,0.004608294930875576
4679,SAMN03859722|PEALBINB_02113,23,0.10599078341013825
4680,SAMN03859722|PEALBINB_02198,1,0.004608294930875576
4681,SAMN03859722|PEALBINB_02211,1,0.004608294930875576
4682,SAMN03859722|PEALBINB_02272,1,0.004608294930875576
4683,SAMN03859722|PEALBINB_02294,1,0.004608294930875576
4684,SAMN03859722|PEALBINB_02327,1,0.004608294930875576
4685,SAMN03859722|PEALBINB_02414,2,0.009216589861751152
4686,SAMN03859722|PEALBINB_02482,80,0.3686635944700461
4687,SAMN03859722|PEALBINB_02486,2,0.009216589861751152
4688,SAMN03859722|PEALBINB_02502,2,0.009216589861751152
4689,SAMN03859722|PEALBINB_02506,20,0.09216589861751152
4690,SAMN03859722|PEALBINB_02508,1,0.004608294930875576
4691,SAMN03859722|PEALBINB_02547,83,0.3824884792626728
4692,SAMN03859722|PEALBINB_02586,212,0.9769585253456221
4693,SAMN03859722|PEALBINB_02590,10,0.04608294930875576
4694,SAMN03859722|PEALBINB_02604,7,0.03225806451612903
4695,SAMN03859722|PEALBINB_02605,6,0.027649769585253458
4696,SAMN03859722|PEALBINB_02652,3,0.013824884792626729
4697,SAMN03859722|PEALBINB_02653,18,0.08294930875576037
4698,SAMN03859722|PEALBINB_02655,22,0.10138248847926268
4699,SAMN03859722|PEALBINB_02658,1,0.004608294930875576
4700,SAMN03859722|PEALBINB_02686,1,0.004608294930875576
4701,SAMN03859722|PEALBINB_02703,1,0.004608294930875576
4702,SAMN03859722|PEALBINB_02705,2,0.009216589861751152
4703,SAMN03859722|PEALBINB_02710,11,0.05069124423963134
4704,SAMN03859722|PEALBINB_02711,11,0.05069124423963134
4705,SAMN03859722|PEALBINB_02718,3,0.013824884792626729
4706,SAMN03859722|PEALBINB_02721,1,0.004608294930875576
4707,SAMN03859722|PEALBINB_02723,1,0.004608294930875576
4708,SAMN03859722|PEALBINB_02725,5,0.02304147465437788
4709,SAMN03859722|PEALBINB_02727,1,0.004608294930875576
4710,SAMN03859722|PEALBINB_02747,1,0.004608294930875576
4711,SAMN03859722|PEALBINB_02749,14,0.06451612903225806
4712,SAMN03859722|PEALBINB_02758,1,0.004608294930875576
4713,SAMN03859722|PEALBINB_02759,2,0.009216589861751152
4714,SAMN03859723|LECPCHEK_00339,11,0.05069124423963134
4715,SAMN03859723|LECPCHEK_00391,12,0.055299539170506916
4716,SAMN03859723|LECPCHEK_00412,2,0.009216589861751152
4717,SAMN03859723|LECPCHEK_00428,3,0.013824884792626729
4718,SAMN03859723|LECPCHEK_00481,4,0.018433179723502304
4719,SAMN03859723|LECPCHEK_00544,217,1.0
4720,SAMN03859723|LECPCHEK_00645,5,0.02304147465437788
4721,SAMN03859723|LECPCHEK_00646,3,0.013824884792626729
4722,SAMN03859723|LECPCHEK_00711,6,0.027649769585253458
4723,SAMN03859723|LECPCHEK_00745,216,0.9953917050691244
4724,SAMN03859723|LECPCHEK_00872,3,0.013824884792626729
4725,SAMN03859723|LECPCHEK_00918,16,0.07373271889400922
4726,SAMN03859723|LECPCHEK_00925,1,0.004608294930875576
4727,SAMN03859723|LECPCHEK_01018,3,0.013824884792626729
4728,SAMN03859723|LECPCHEK_01019,3,0.013824884792626729
4729,SAMN03859723|LECPCHEK_01388,8,0.03686635944700461
4730,SAMN03859723|LECPCHEK_01687,2,0.009216589861751152
4731,SAMN03859723|LECPCHEK_01828,47,0.21658986175115208
4732,SAMN03859723|LECPCHEK_01996,6,0.027649769585253458
4733,SAMN03859723|LECPCHEK_02044,3,0.013824884792626729
4734,SAMN03859723|LECPCHEK_02065,3,0.013824884792626729
4735,SAMN03859723|LECPCHEK_02073,4,0.018433179723502304
4736,SAMN03859723|LECPCHEK_02204,217,1.0
4737,SAMN03859723|LECPCHEK_02333,13,0.059907834101382486
4738,SAMN03859723|LECPCHEK_02341,4,0.018433179723502304
4739,SAMN03859723|LECPCHEK_02360,6,0.027649769585253458
4740,SAMN03859723|LECPCHEK_02381,4,0.018433179723502304
4741,SAMN03859723|LECPCHEK_02387,1,0.004608294930875576
4742,SAMN03859723|LECPCHEK_02392,4,0.018433179723502304
4743,SAMN03859723|LECPCHEK_02438,2,0.009216589861751152
4744,SAMN03859723|LECPCHEK_02473,13,0.059907834101382486
4745,SAMN03859723|LECPCHEK_02475,6,0.027649769585253458
4746,SAMN03859723|LECPCHEK_02481,5,0.02304147465437788
4747,SAMN03859723|LECPCHEK_02482,6,0.027649769585253458
4748,SAMN03859723|LECPCHEK_02509,8,0.03686635944700461
4749,SAMN03859723|LECPCHEK_02519,16,0.07373271889400922
4750,SAMN03859723|LECPCHEK_02533,1,0.004608294930875576
4751,SAMN03859723|LECPCHEK_02555,9,0.041474654377880185
4752,SAMN03859723|LECPCHEK_02557,5,0.02304147465437788
4753,SAMN03859724|PNOJPGAE_00025,3,0.013824884792626729
4754,SAMN03859724|PNOJPGAE_00026,3,0.013824884792626729
4755,SAMN03859724|PNOJPGAE_00192,3,0.013824884792626729
4756,SAMN03859724|PNOJPGAE_00205,9,0.041474654377880185
4757,SAMN03859724|PNOJPGAE_00253,6,0.027649769585253458
4758,SAMN03859724|PNOJPGAE_00314,5,0.02304147465437788
4759,SAMN03859724|PNOJPGAE_00523,1,0.004608294930875576
4760,SAMN03859724|PNOJPGAE_00524,1,0.004608294930875576
4761,SAMN03859724|PNOJPGAE_00607,2,0.009216589861751152
4762,SAMN03859724|PNOJPGAE_00727,190,0.8755760368663594
4763,SAMN03859724|PNOJPGAE_00748,21,0.0967741935483871
4764,SAMN03859724|PNOJPGAE_00761,5,0.02304147465437788
4765,SAMN03859724|PNOJPGAE_00835,203,0.9354838709677419
4766,SAMN03859724|PNOJPGAE_01058,14,0.06451612903225806
4767,SAMN03859724|PNOJPGAE_01106,1,0.004608294930875576
4768,SAMN03859724|PNOJPGAE_01148,2,0.009216589861751152
4769,SAMN03859724|PNOJPGAE_01149,2,0.009216589861751152
4770,SAMN03859724|PNOJPGAE_01247,8,0.03686635944700461
4771,SAMN03859724|PNOJPGAE_01255,1,0.004608294930875576
4772,SAMN03859724|PNOJPGAE_01256,1,0.004608294930875576
4773,SAMN03859724|PNOJPGAE_01298,1,0.004608294930875576
4774,SAMN03859724|PNOJPGAE_01299,1,0.004608294930875576
4775,SAMN03859724|PNOJPGAE_01377,34,0.15668202764976957
4776,SAMN03859724|PNOJPGAE_01429,1,0.004608294930875576
4777,SAMN03859724|PNOJPGAE_01445,1,0.004608294930875576
4778,SAMN03859724|PNOJPGAE_01492,13,0.059907834101382486
4779,SAMN03859724|PNOJPGAE_01557,5,0.02304147465437788
4780,SAMN03859724|PNOJPGAE_01640,9,0.041474654377880185
4781,SAMN03859724|PNOJPGAE_01651,5,0.02304147465437788
4782,SAMN03859724|PNOJPGAE_01664,3,0.013824884792626729
4783,SAMN03859724|PNOJPGAE_01795,7,0.03225806451612903
4784,SAMN03859724|PNOJPGAE_01848,11,0.05069124423963134
4785,SAMN03859724|PNOJPGAE_01870,1,0.004608294930875576
4786,SAMN03859724|PNOJPGAE_01871,1,0.004608294930875576
4787,SAMN03859724|PNOJPGAE_01898,8,0.03686635944700461
4788,SAMN03859724|PNOJPGAE_01901,3,0.013824884792626729
4789,SAMN03859724|PNOJPGAE_01922,16,0.07373271889400922
4790,SAMN03859724|PNOJPGAE_01931,4,0.018433179723502304
4791,SAMN03859724|PNOJPGAE_01932,1,0.004608294930875576
4792,SAMN03859724|PNOJPGAE_01939,1,0.004608294930875576
4793,SAMN03859724|PNOJPGAE_01940,1,0.004608294930875576
4794,SAMN03859724|PNOJPGAE_01986,7,0.03225806451612903
4795,SAMN03859724|PNOJPGAE_01987,1,0.004608294930875576
4796,SAMN03859724|PNOJPGAE_01999,3,0.013824884792626729
4797,SAMN03859724|PNOJPGAE_02038,4,0.018433179723502304
4798,SAMN03859724|PNOJPGAE_02066,1,0.004608294930875576
4799,SAMN03859724|PNOJPGAE_02076,4,0.018433179723502304
4800,SAMN03859724|PNOJPGAE_02086,2,0.009216589861751152
4801,SAMN03859724|PNOJPGAE_02090,23,0.10599078341013825
4802,SAMN03859724|PNOJPGAE_02119,5,0.02304147465437788
4803,SAMN03859724|PNOJPGAE_02127,11,0.05069124423963134
4804,SAMN03859724|PNOJPGAE_02144,6,0.027649769585253458
4805,SAMN03859724|PNOJPGAE_02207,1,0.004608294930875576
4806,SAMN03859724|PNOJPGAE_02234,6,0.027649769585253458
4807,SAMN03859724|PNOJPGAE_02241,1,0.004608294930875576
4808,SAMN03859724|PNOJPGAE_02246,3,0.013824884792626729
4809,SAMN03859724|PNOJPGAE_02270,8,0.03686635944700461
4810,SAMN03859724|PNOJPGAE_02291,16,0.07373271889400922
4811,SAMN03859724|PNOJPGAE_02292,3,0.013824884792626729
4812,SAMN03859724|PNOJPGAE_02313,14,0.06451612903225806
4813,SAMN03859724|PNOJPGAE_02373,4,0.018433179723502304
4814,SAMN03859724|PNOJPGAE_02440,3,0.013824884792626729
4815,SAMN03859724|PNOJPGAE_02444,1,0.004608294930875576
4816,SAMN03859724|PNOJPGAE_02445,2,0.009216589861751152
4817,SAMN03859724|PNOJPGAE_02450,4,0.018433179723502304
4818,SAMN03859724|PNOJPGAE_02462,5,0.02304147465437788
4819,SAMN03859724|PNOJPGAE_02465,12,0.055299539170506916
4820,SAMN03859724|PNOJPGAE_02473,2,0.009216589861751152
4821,SAMN03859724|PNOJPGAE_02480,3,0.013824884792626729
4822,SAMN03859724|PNOJPGAE_02481,7,0.03225806451612903
4823,SAMN03859724|PNOJPGAE_02483,3,0.013824884792626729
4824,SAMN03859724|PNOJPGAE_02510,3,0.013824884792626729
4825,SAMN03859724|PNOJPGAE_02576,6,0.027649769585253458
4826,SAMN03859724|PNOJPGAE_02579,1,0.004608294930875576
4827,SAMN03859724|PNOJPGAE_02587,3,0.013824884792626729
4828,SAMN03859724|PNOJPGAE_02590,11,0.05069124423963134
4829,SAMN03859724|PNOJPGAE_02593,1,0.004608294930875576
4830,SAMN03859724|PNOJPGAE_02624,1,0.004608294930875576
4831,SAMN03859724|PNOJPGAE_02628,4,0.018433179723502304
4832,SAMN03859724|PNOJPGAE_02629,4,0.018433179723502304
4833,SAMN03859724|PNOJPGAE_02640,1,0.004608294930875576
4834,SAMN03859724|PNOJPGAE_02641,26,0.11981566820276497
4835,SAMN03859724|PNOJPGAE_02642,6,0.027649769585253458
4836,SAMN03859724|PNOJPGAE_02658,1,0.004608294930875576
4837,SAMN03859724|PNOJPGAE_02659,2,0.009216589861751152
4838,SAMN03859724|PNOJPGAE_02676,1,0.004608294930875576
4839,SAMN03859724|PNOJPGAE_02693,2,0.009216589861751152
4840,SAMN03859724|PNOJPGAE_02703,9,0.041474654377880185
4841,SAMN03859724|PNOJPGAE_02711,4,0.018433179723502304
4842,SAMN03859724|PNOJPGAE_02715,11,0.05069124423963134
4843,SAMN03859724|PNOJPGAE_02724,4,0.018433179723502304
4844,SAMN03859724|PNOJPGAE_02730,5,0.02304147465437788
4845,SAMN03859724|PNOJPGAE_02736,4,0.018433179723502304
4846,SAMN03859727|KHBFKIKF_00075,1,0.004608294930875576
4847,SAMN03859727|KHBFKIKF_00146,4,0.018433179723502304
4848,SAMN03859727|KHBFKIKF_00293,1,0.004608294930875576
4849,SAMN03859727|KHBFKIKF_00438,140,0.6451612903225806
4850,SAMN03859727|KHBFKIKF_00529,1,0.004608294930875576
4851,SAMN03859727|KHBFKIKF_00594,1,0.004608294930875576
4852,SAMN03859727|KHBFKIKF_00657,6,0.027649769585253458
4853,SAMN03859727|KHBFKIKF_00922,1,0.004608294930875576
4854,SAMN03859727|KHBFKIKF_00923,1,0.004608294930875576
4855,SAMN03859727|KHBFKIKF_00932,2,0.009216589861751152
4856,SAMN03859727|KHBFKIKF_00933,1,0.004608294930875576
4857,SAMN03859727|KHBFKIKF_01036,8,0.03686635944700461
4858,SAMN03859727|KHBFKIKF_01169,6,0.027649769585253458
4859,SAMN03859727|KHBFKIKF_01170,6,0.027649769585253458
4860,SAMN03859727|KHBFKIKF_01176,2,0.009216589861751152
4861,SAMN03859727|KHBFKIKF_01177,2,0.009216589861751152
4862,SAMN03859727|KHBFKIKF_01182,1,0.004608294930875576
4863,SAMN03859727|KHBFKIKF_01185,1,0.004608294930875576
4864,SAMN03859727|KHBFKIKF_01186,1,0.004608294930875576
4865,SAMN03859727|KHBFKIKF_01233,2,0.009216589861751152
4866,SAMN03859727|KHBFKIKF_01234,2,0.009216589861751152
4867,SAMN03859727|KHBFKIKF_01236,1,0.004608294930875576
4868,SAMN03859727|KHBFKIKF_01279,4,0.018433179723502304
4869,SAMN03859727|KHBFKIKF_01296,3,0.013824884792626729
4870,SAMN03859727|KHBFKIKF_01383,1,0.004608294930875576
4871,SAMN03859727|KHBFKIKF_01384,1,0.004608294930875576
4872,SAMN03859727|KHBFKIKF_01653,1,0.004608294930875576
4873,SAMN03859727|KHBFKIKF_01724,2,0.009216589861751152
4874,SAMN03859727|KHBFKIKF_01725,1,0.004608294930875576
4875,SAMN03859727|KHBFKIKF_01778,2,0.009216589861751152
4876,SAMN03859727|KHBFKIKF_01782,2,0.009216589861751152
4877,SAMN03859727|KHBFKIKF_01869,1,0.004608294930875576
4878,SAMN03859727|KHBFKIKF_01876,2,0.009216589861751152
4879,SAMN03859727|KHBFKIKF_02032,2,0.009216589861751152
4880,SAMN03859727|KHBFKIKF_02136,8,0.03686635944700461
4881,SAMN03859727|KHBFKIKF_02204,3,0.013824884792626729
4882,SAMN03859727|KHBFKIKF_02266,4,0.018433179723502304
4883,SAMN03859727|KHBFKIKF_02277,3,0.013824884792626729
4884,SAMN03859727|KHBFKIKF_02278,7,0.03225806451612903
4885,SAMN03859727|KHBFKIKF_02279,5,0.02304147465437788
4886,SAMN03859727|KHBFKIKF_02280,5,0.02304147465437788
4887,SAMN03859727|KHBFKIKF_02281,1,0.004608294930875576
4888,SAMN03859727|KHBFKIKF_02282,3,0.013824884792626729
4889,SAMN03859727|KHBFKIKF_02284,1,0.004608294930875576
4890,SAMN03859727|KHBFKIKF_02285,3,0.013824884792626729
4891,SAMN03859727|KHBFKIKF_02286,3,0.013824884792626729
4892,SAMN03859727|KHBFKIKF_02287,1,0.004608294930875576
4893,SAMN03859727|KHBFKIKF_02305,1,0.004608294930875576
4894,SAMN03859727|KHBFKIKF_02306,1,0.004608294930875576
4895,SAMN03859727|KHBFKIKF_02362,1,0.004608294930875576
4896,SAMN03859727|KHBFKIKF_02392,2,0.009216589861751152
4897,SAMN03859727|KHBFKIKF_02393,1,0.004608294930875576
4898,SAMN03859727|KHBFKIKF_02459,5,0.02304147465437788
4899,SAMN03859727|KHBFKIKF_02460,50,0.2304147465437788
4900,SAMN03859727|KHBFKIKF_02462,4,0.018433179723502304
4901,SAMN03859727|KHBFKIKF_02463,51,0.2350230414746544
4902,SAMN03859727|KHBFKIKF_02464,4,0.018433179723502304
4903,SAMN03859727|KHBFKIKF_02504,4,0.018433179723502304
4904,SAMN03859727|KHBFKIKF_02549,5,0.02304147465437788
4905,SAMN03859727|KHBFKIKF_02574,4,0.018433179723502304
4906,SAMN03859727|KHBFKIKF_02579,4,0.018433179723502304
4907,SAMN03859727|KHBFKIKF_02580,4,0.018433179723502304
4908,SAMN03859727|KHBFKIKF_02582,2,0.009216589861751152
4909,SAMN03859727|KHBFKIKF_02585,14,0.06451612903225806
4910,SAMN03859727|KHBFKIKF_02595,7,0.03225806451612903
4911,SAMN03859727|KHBFKIKF_02596,15,0.06912442396313365
4912,SAMN03859727|KHBFKIKF_02597,15,0.06912442396313365
4913,SAMN03859727|KHBFKIKF_02598,14,0.06451612903225806
4914,SAMN03859727|KHBFKIKF_02623,5,0.02304147465437788
4915,SAMN03859727|KHBFKIKF_02626,166,0.7649769585253456
4916,SAMN03859727|KHBFKIKF_02632,1,0.004608294930875576
4917,SAMN03859727|KHBFKIKF_02635,2,0.009216589861751152
4918,SAMN03859727|KHBFKIKF_02636,3,0.013824884792626729
4919,SAMN03859727|KHBFKIKF_02650,99,0.45622119815668205
4920,SAMN03859727|KHBFKIKF_02716,1,0.004608294930875576
4921,SAMN03859727|KHBFKIKF_02718,2,0.009216589861751152
4922,SAMN03859727|KHBFKIKF_02728,4,0.018433179723502304
4923,SAMN03859727|KHBFKIKF_02749,1,0.004608294930875576
4924,SAMN03859727|KHBFKIKF_02754,5,0.02304147465437788
4925,SAMN03859727|KHBFKIKF_02761,2,0.009216589861751152
4926,SAMN03859727|KHBFKIKF_02791,1,0.004608294930875576
4927,SAMN03859727|KHBFKIKF_02833,16,0.07373271889400922
4928,SAMN03859728|IFGIGCEM_00016,46,0.2119815668202765
4929,SAMN03859728|IFGIGCEM_00024,2,0.009216589861751152
4930,SAMN03859728|IFGIGCEM_00059,1,0.004608294930875576
4931,SAMN03859728|IFGIGCEM_00060,1,0.004608294930875576
4932,SAMN03859728|IFGIGCEM_00085,1,0.004608294930875576
4933,SAMN03859728|IFGIGCEM_00086,1,0.004608294930875576
4934,SAMN03859728|IFGIGCEM_00140,1,0.004608294930875576
4935,SAMN03859728|IFGIGCEM_00141,1,0.004608294930875576
4936,SAMN03859728|IFGIGCEM_00142,207,0.9539170506912442
4937,SAMN03859728|IFGIGCEM_00502,4,0.018433179723502304
4938,SAMN03859728|IFGIGCEM_00699,3,0.013824884792626729
4939,SAMN03859728|IFGIGCEM_00702,1,0.004608294930875576
4940,SAMN03859728|IFGIGCEM_00787,1,0.004608294930875576
4941,SAMN03859728|IFGIGCEM_00788,1,0.004608294930875576
4942,SAMN03859728|IFGIGCEM_00804,12,0.055299539170506916
4943,SAMN03859728|IFGIGCEM_00877,1,0.004608294930875576
4944,SAMN03859728|IFGIGCEM_00878,1,0.004608294930875576
4945,SAMN03859728|IFGIGCEM_00996,206,0.9493087557603687
4946,SAMN03859728|IFGIGCEM_01019,4,0.018433179723502304
4947,SAMN03859728|IFGIGCEM_01054,1,0.004608294930875576
4948,SAMN03859728|IFGIGCEM_01128,2,0.009216589861751152
4949,SAMN03859728|IFGIGCEM_01166,3,0.013824884792626729
4950,SAMN03859728|IFGIGCEM_01205,2,0.009216589861751152
4951,SAMN03859728|IFGIGCEM_01286,4,0.018433179723502304
4952,SAMN03859728|IFGIGCEM_01288,1,0.004608294930875576
4953,SAMN03859728|IFGIGCEM_01503,5,0.02304147465437788
4954,SAMN03859728|IFGIGCEM_01545,1,0.004608294930875576
4955,SAMN03859728|IFGIGCEM_01737,2,0.009216589861751152
4956,SAMN03859728|IFGIGCEM_01813,168,0.7741935483870968
4957,SAMN03859728|IFGIGCEM_01909,6,0.027649769585253458
4958,SAMN03859728|IFGIGCEM_01954,1,0.004608294930875576
4959,SAMN03859728|IFGIGCEM_02032,1,0.004608294930875576
4960,SAMN03859728|IFGIGCEM_02261,3,0.013824884792626729
4961,SAMN03859728|IFGIGCEM_02281,5,0.02304147465437788
4962,SAMN03859728|IFGIGCEM_02311,1,0.004608294930875576
4963,SAMN03859728|IFGIGCEM_02364,44,0.20276497695852536
4964,SAMN03859728|IFGIGCEM_02389,5,0.02304147465437788
4965,SAMN03859728|IFGIGCEM_02393,3,0.013824884792626729
4966,SAMN03859728|IFGIGCEM_02410,187,0.8617511520737328
4967,SAMN03859728|IFGIGCEM_02496,3,0.013824884792626729
4968,SAMN03859728|IFGIGCEM_02501,7,0.03225806451612903
4969,SAMN03859728|IFGIGCEM_02502,8,0.03686635944700461
4970,SAMN03859728|IFGIGCEM_02513,1,0.004608294930875576
4971,SAMN03859728|IFGIGCEM_02520,5,0.02304147465437788
4972,SAMN03859728|IFGIGCEM_02526,11,0.05069124423963134
4973,SAMN03859728|IFGIGCEM_02532,3,0.013824884792626729
4974,SAMN03859728|IFGIGCEM_02533,1,0.004608294930875576
4975,SAMN03859728|IFGIGCEM_02541,2,0.009216589861751152
4976,SAMN03859728|IFGIGCEM_02542,4,0.018433179723502304
4977,SAMN03859728|IFGIGCEM_02549,13,0.059907834101382486
4978,SAMN03859728|IFGIGCEM_02552,2,0.009216589861751152
4979,SAMN03859728|IFGIGCEM_02554,1,0.004608294930875576
4980,SAMN03859728|IFGIGCEM_02556,3,0.013824884792626729
4981,SAMN03859729|MOLKEDKK_00001,20,0.09216589861751152
4982,SAMN03859729|MOLKEDKK_00312,1,0.004608294930875576
4983,SAMN03859729|MOLKEDKK_00313,2,0.009216589861751152
4984,SAMN03859729|MOLKEDKK_01528,1,0.004608294930875576
4985,SAMN03859729|MOLKEDKK_01570,1,0.004608294930875576
4986,SAMN03859729|MOLKEDKK_01571,1,0.004608294930875576
4987,SAMN03859729|MOLKEDKK_01945,4,0.018433179723502304
4988,SAMN03859729|MOLKEDKK_02168,1,0.004608294930875576
4989,SAMN03859729|MOLKEDKK_02169,1,0.004608294930875576
4990,SAMN03859729|MOLKEDKK_02552,3,0.013824884792626729
4991,SAMN03859729|MOLKEDKK_02555,14,0.06451612903225806
4992,SAMN03859729|MOLKEDKK_02592,2,0.009216589861751152
4993,SAMN03859729|MOLKEDKK_02602,1,0.004608294930875576
4994,SAMN03859729|MOLKEDKK_02620,1,0.004608294930875576
4995,SAMN03859732|GJAPIBLA_00034,217,1.0
4996,SAMN03859732|GJAPIBLA_00047,12,0.055299539170506916
4997,SAMN03859732|GJAPIBLA_00072,1,0.004608294930875576
4998,SAMN03859732|GJAPIBLA_00089,1,0.004608294930875576
4999,SAMN03859732|GJAPIBLA_00204,1,0.004608294930875576
5000,SAMN03859732|GJAPIBLA_00205,1,0.004608294930875576
5001,SAMN03859732|GJAPIBLA_00386,1,0.004608294930875576
5002,SAMN03859732|GJAPIBLA_00405,1,0.004608294930875576
5003,SAMN03859732|GJAPIBLA_00440,4,0.018433179723502304
5004,SAMN03859732|GJAPIBLA_00507,2,0.009216589861751152
5005,SAMN03859732|GJAPIBLA_00508,2,0.009216589861751152
5006,SAMN03859732|GJAPIBLA_00943,3,0.013824884792626729
5007,SAMN03859732|GJAPIBLA_00963,5,0.02304147465437788
5008,SAMN03859732|GJAPIBLA_01026,1,0.004608294930875576
5009,SAMN03859732|GJAPIBLA_01112,1,0.004608294930875576
5010,SAMN03859732|GJAPIBLA_01113,2,0.009216589861751152
5011,SAMN03859732|GJAPIBLA_01122,3,0.013824884792626729
5012,SAMN03859732|GJAPIBLA_01182,1,0.004608294930875576
5013,SAMN03859732|GJAPIBLA_01205,5,0.02304147465437788
5014,SAMN03859732|GJAPIBLA_01239,1,0.004608294930875576
5015,SAMN03859732|GJAPIBLA_01306,1,0.004608294930875576
5016,SAMN03859732|GJAPIBLA_01352,15,0.06912442396313365
5017,SAMN03859732|GJAPIBLA_01356,10,0.04608294930875576
5018,SAMN03859732|GJAPIBLA_01384,76,0.35023041474654376
5019,SAMN03859732|GJAPIBLA_01407,1,0.004608294930875576
5020,SAMN03859732|GJAPIBLA_01419,3,0.013824884792626729
5021,SAMN03859732|GJAPIBLA_01500,6,0.027649769585253458
5022,SAMN03859732|GJAPIBLA_01529,1,0.004608294930875576
5023,SAMN03859732|GJAPIBLA_01549,2,0.009216589861751152
5024,SAMN03859732|GJAPIBLA_01619,2,0.009216589861751152
5025,SAMN03859732|GJAPIBLA_01631,1,0.004608294930875576
5026,SAMN03859732|GJAPIBLA_01719,9,0.041474654377880185
5027,SAMN03859732|GJAPIBLA_01768,1,0.004608294930875576
5028,SAMN03859732|GJAPIBLA_01798,1,0.004608294930875576
5029,SAMN03859732|GJAPIBLA_01835,3,0.013824884792626729
5030,SAMN03859732|GJAPIBLA_01865,1,0.004608294930875576
5031,SAMN03859732|GJAPIBLA_01933,10,0.04608294930875576
5032,SAMN03859732|GJAPIBLA_01944,5,0.02304147465437788
5033,SAMN03859732|GJAPIBLA_01952,1,0.004608294930875576
5034,SAMN03859732|GJAPIBLA_01969,2,0.009216589861751152
5035,SAMN03859732|GJAPIBLA_01993,2,0.009216589861751152
5036,SAMN03859732|GJAPIBLA_02015,3,0.013824884792626729
5037,SAMN03859732|GJAPIBLA_02025,1,0.004608294930875576
5038,SAMN03859732|GJAPIBLA_02033,4,0.018433179723502304
5039,SAMN03859732|GJAPIBLA_02034,1,0.004608294930875576
5040,SAMN03859732|GJAPIBLA_02056,3,0.013824884792626729
5041,SAMN03859732|GJAPIBLA_02081,2,0.009216589861751152
5042,SAMN03859732|GJAPIBLA_02104,1,0.004608294930875576
5043,SAMN03859732|GJAPIBLA_02136,2,0.009216589861751152
5044,SAMN03859732|GJAPIBLA_02146,2,0.009216589861751152
5045,SAMN03859732|GJAPIBLA_02147,1,0.004608294930875576
5046,SAMN03859732|GJAPIBLA_02192,2,0.009216589861751152
5047,SAMN03859732|GJAPIBLA_02193,1,0.004608294930875576
5048,SAMN03859732|GJAPIBLA_02207,1,0.004608294930875576
5049,SAMN03859732|GJAPIBLA_02208,1,0.004608294930875576
5050,SAMN03859732|GJAPIBLA_02209,1,0.004608294930875576
5051,SAMN03859732|GJAPIBLA_02212,1,0.004608294930875576
5052,SAMN03859732|GJAPIBLA_02225,5,0.02304147465437788
5053,SAMN03859732|GJAPIBLA_02305,3,0.013824884792626729
5054,SAMN03859732|GJAPIBLA_02306,1,0.004608294930875576
5055,SAMN03859732|GJAPIBLA_02308,1,0.004608294930875576
5056,SAMN03859732|GJAPIBLA_02309,3,0.013824884792626729
5057,SAMN03859732|GJAPIBLA_02326,1,0.004608294930875576
5058,SAMN03859732|GJAPIBLA_02327,2,0.009216589861751152
5059,SAMN03859732|GJAPIBLA_02329,1,0.004608294930875576
5060,SAMN03859732|GJAPIBLA_02338,6,0.027649769585253458
5061,SAMN03859732|GJAPIBLA_02373,1,0.004608294930875576
5062,SAMN03859732|GJAPIBLA_02383,1,0.004608294930875576
5063,SAMN03859732|GJAPIBLA_02386,2,0.009216589861751152
5064,SAMN03859732|GJAPIBLA_02439,1,0.004608294930875576
5065,SAMN03859732|GJAPIBLA_02480,2,0.009216589861751152
5066,SAMN03859732|GJAPIBLA_02491,4,0.018433179723502304
5067,SAMN03859732|GJAPIBLA_02516,3,0.013824884792626729
5068,SAMN03859732|GJAPIBLA_02521,1,0.004608294930875576
5069,SAMN03859732|GJAPIBLA_02525,3,0.013824884792626729
5070,SAMN03859732|GJAPIBLA_02532,1,0.004608294930875576
5071,SAMN03859732|GJAPIBLA_02562,1,0.004608294930875576
5072,SAMN03859732|GJAPIBLA_02565,2,0.009216589861751152
5073,SAMN03859732|GJAPIBLA_02576,5,0.02304147465437788
5074,SAMN03859732|GJAPIBLA_02586,1,0.004608294930875576
5075,SAMN03859732|GJAPIBLA_02606,5,0.02304147465437788
5076,SAMN03859732|GJAPIBLA_02611,1,0.004608294930875576
5077,SAMN03859732|GJAPIBLA_02612,1,0.004608294930875576
5078,SAMN03859732|GJAPIBLA_02616,1,0.004608294930875576
5079,SAMN03859732|GJAPIBLA_02617,5,0.02304147465437788
5080,SAMN03859732|GJAPIBLA_02650,1,0.004608294930875576
5081,SAMN03859732|GJAPIBLA_02665,2,0.009216589861751152
5082,SAMN03859732|GJAPIBLA_02668,1,0.004608294930875576
5083,SAMN03859732|GJAPIBLA_02670,2,0.009216589861751152
5084,SAMN03859732|GJAPIBLA_02672,4,0.018433179723502304
5085,SAMN03859732|GJAPIBLA_02674,1,0.004608294930875576
5086,SAMN03859732|GJAPIBLA_02682,6,0.027649769585253458
5087,SAMN03859732|GJAPIBLA_02690,5,0.02304147465437788
5088,SAMN03859732|GJAPIBLA_02696,10,0.04608294930875576
5089,SAMN03859732|GJAPIBLA_02699,2,0.009216589861751152
5090,SAMN03859732|GJAPIBLA_02710,2,0.009216589861751152
5091,SAMN03859732|GJAPIBLA_02714,1,0.004608294930875576
5092,SAMN03859732|GJAPIBLA_02716,1,0.004608294930875576
5093,SAMN03859732|GJAPIBLA_02717,2,0.009216589861751152
5094,SAMN03859735|LBAOMPAP_00250,12,0.055299539170506916
5095,SAMN03859735|LBAOMPAP_00344,2,0.009216589861751152
5096,SAMN03859735|LBAOMPAP_00345,1,0.004608294930875576
5097,SAMN03859735|LBAOMPAP_00952,4,0.018433179723502304
5098,SAMN03859735|LBAOMPAP_01255,27,0.12442396313364056
5099,SAMN03859735|LBAOMPAP_01322,9,0.041474654377880185
5100,SAMN03859735|LBAOMPAP_01323,5,0.02304147465437788
5101,SAMN03859735|LBAOMPAP_01396,1,0.004608294930875576
5102,SAMN03859735|LBAOMPAP_01548,75,0.3456221198156682
5103,SAMN03859735|LBAOMPAP_01551,14,0.06451612903225806
5104,SAMN03859735|LBAOMPAP_01741,14,0.06451612903225806
5105,SAMN03859735|LBAOMPAP_01748,3,0.013824884792626729
5106,SAMN03859735|LBAOMPAP_01846,4,0.018433179723502304
5107,SAMN03859735|LBAOMPAP_01975,2,0.009216589861751152
5108,SAMN03859735|LBAOMPAP_01978,3,0.013824884792626729
5109,SAMN03859735|LBAOMPAP_02056,1,0.004608294930875576
5110,SAMN03859735|LBAOMPAP_02240,11,0.05069124423963134
5111,SAMN03859735|LBAOMPAP_02258,5,0.02304147465437788
5112,SAMN03859735|LBAOMPAP_02312,1,0.004608294930875576
5113,SAMN03859735|LBAOMPAP_02339,4,0.018433179723502304
5114,SAMN03859735|LBAOMPAP_02362,3,0.013824884792626729
5115,SAMN03859735|LBAOMPAP_02366,9,0.041474654377880185
5116,SAMN03859735|LBAOMPAP_02401,1,0.004608294930875576
5117,SAMN03859735|LBAOMPAP_02431,7,0.03225806451612903
5118,SAMN03859735|LBAOMPAP_02445,3,0.013824884792626729
5119,SAMN03859735|LBAOMPAP_02446,8,0.03686635944700461
5120,SAMN03859735|LBAOMPAP_02460,4,0.018433179723502304
5121,SAMN03859735|LBAOMPAP_02463,1,0.004608294930875576
5122,SAMN03859735|LBAOMPAP_02465,214,0.9861751152073732
5123,SAMN03859735|LBAOMPAP_02478,2,0.009216589861751152
5124,SAMN03859735|LBAOMPAP_02532,1,0.004608294930875576
5125,SAMN03859735|LBAOMPAP_02540,5,0.02304147465437788
5126,SAMN03859735|LBAOMPAP_02546,2,0.009216589861751152
5127,SAMN03859735|LBAOMPAP_02547,1,0.004608294930875576
5128,SAMN03859735|LBAOMPAP_02556,7,0.03225806451612903
5129,SAMN03859735|LBAOMPAP_02558,7,0.03225806451612903
5130,SAMN03859735|LBAOMPAP_02569,1,0.004608294930875576
5131,SAMN03859735|LBAOMPAP_02583,14,0.06451612903225806
5132,SAMN03859735|LBAOMPAP_02600,2,0.009216589861751152
5133,SAMN03859736|LPJBFNOI_00343,104,0.4792626728110599
5134,SAMN03859736|LPJBFNOI_00378,1,0.004608294930875576
5135,SAMN03859736|LPJBFNOI_00854,3,0.013824884792626729
5136,SAMN03859736|LPJBFNOI_00874,1,0.004608294930875576
5137,SAMN03859736|LPJBFNOI_00884,3,0.013824884792626729
5138,SAMN03859736|LPJBFNOI_00885,2,0.009216589861751152
5139,SAMN03859736|LPJBFNOI_00886,3,0.013824884792626729
5140,SAMN03859736|LPJBFNOI_00887,2,0.009216589861751152
5141,SAMN03859736|LPJBFNOI_00966,1,0.004608294930875576
5142,SAMN03859736|LPJBFNOI_00967,1,0.004608294930875576
5143,SAMN03859736|LPJBFNOI_01397,2,0.009216589861751152
5144,SAMN03859736|LPJBFNOI_01440,1,0.004608294930875576
5145,SAMN03859736|LPJBFNOI_01441,7,0.03225806451612903
5146,SAMN03859736|LPJBFNOI_01462,6,0.027649769585253458
5147,SAMN03859736|LPJBFNOI_02164,1,0.004608294930875576
5148,SAMN03859736|LPJBFNOI_02165,1,0.004608294930875576
5149,SAMN03859736|LPJBFNOI_02327,1,0.004608294930875576
5150,SAMN03859736|LPJBFNOI_02376,2,0.009216589861751152
5151,SAMN03859736|LPJBFNOI_02377,2,0.009216589861751152
5152,SAMN03859736|LPJBFNOI_02378,2,0.009216589861751152
5153,SAMN03859736|LPJBFNOI_02379,1,0.004608294930875576
5154,SAMN03859736|LPJBFNOI_02394,3,0.013824884792626729
5155,SAMN03859736|LPJBFNOI_02414,3,0.013824884792626729
5156,SAMN03859736|LPJBFNOI_02418,3,0.013824884792626729
5157,SAMN03859736|LPJBFNOI_02453,198,0.9124423963133641
5158,SAMN03859736|LPJBFNOI_02497,2,0.009216589861751152
5159,SAMN03859736|LPJBFNOI_02498,2,0.009216589861751152
5160,SAMN03859736|LPJBFNOI_02508,1,0.004608294930875576
5161,SAMN03859736|LPJBFNOI_02540,8,0.03686635944700461
5162,SAMN03859736|LPJBFNOI_02555,2,0.009216589861751152
5163,SAMN03859736|LPJBFNOI_02561,1,0.004608294930875576
5164,SAMN03859736|LPJBFNOI_02567,4,0.018433179723502304
5165,SAMN03859736|LPJBFNOI_02568,5,0.02304147465437788
5166,SAMN03859736|LPJBFNOI_02582,3,0.013824884792626729
5167,SAMN03859736|LPJBFNOI_02614,1,0.004608294930875576
5168,SAMN03859737|NOMAFAGE_00023,1,0.004608294930875576
5169,SAMN03859737|NOMAFAGE_00267,124,0.5714285714285714
5170,SAMN03859737|NOMAFAGE_00384,1,0.004608294930875576
5171,SAMN03859737|NOMAFAGE_00476,1,0.004608294930875576
5172,SAMN03859737|NOMAFAGE_00477,3,0.013824884792626729
5173,SAMN03859737|NOMAFAGE_00799,1,0.004608294930875576
5174,SAMN03859737|NOMAFAGE_00957,2,0.009216589861751152
5175,SAMN03859737|NOMAFAGE_00997,1,0.004608294930875576
5176,SAMN03859737|NOMAFAGE_01868,1,0.004608294930875576
5177,SAMN03859737|NOMAFAGE_01988,104,0.4792626728110599
5178,SAMN03859737|NOMAFAGE_02074,1,0.004608294930875576
5179,SAMN03859737|NOMAFAGE_02150,1,0.004608294930875576
5180,SAMN03859737|NOMAFAGE_02184,2,0.009216589861751152
5181,SAMN03859737|NOMAFAGE_02258,2,0.009216589861751152
5182,SAMN03859737|NOMAFAGE_02387,1,0.004608294930875576
5183,SAMN03859737|NOMAFAGE_02434,1,0.004608294930875576
5184,SAMN03859737|NOMAFAGE_02440,2,0.009216589861751152
5185,SAMN03859737|NOMAFAGE_02559,3,0.013824884792626729
5186,SAMN03859737|NOMAFAGE_02569,39,0.17972350230414746
5187,SAMN03859737|NOMAFAGE_02596,4,0.018433179723502304
5188,SAMN03859737|NOMAFAGE_02614,10,0.04608294930875576
5189,SAMN03859737|NOMAFAGE_02642,1,0.004608294930875576
5190,SAMN03859737|NOMAFAGE_02650,1,0.004608294930875576
5191,SAMN03859737|NOMAFAGE_02658,1,0.004608294930875576
5192,SAMN03859737|NOMAFAGE_02659,1,0.004608294930875576
5193,SAMN03859737|NOMAFAGE_02660,2,0.009216589861751152
5194,SAMN03859737|NOMAFAGE_02665,2,0.009216589861751152
5195,SAMN03859737|NOMAFAGE_02667,1,0.004608294930875576
5196,SAMN03859737|NOMAFAGE_02669,3,0.013824884792626729
5197,SAMN03859737|NOMAFAGE_02670,1,0.004608294930875576
5198,SAMN03859737|NOMAFAGE_02711,1,0.004608294930875576
5199,SAMN03859737|NOMAFAGE_02737,2,0.009216589861751152
5200,SAMN03859737|NOMAFAGE_02738,1,0.004608294930875576
5201,SAMN03859737|NOMAFAGE_02739,1,0.004608294930875576
5202,SAMN03859737|NOMAFAGE_02744,1,0.004608294930875576
5203,SAMN03859737|NOMAFAGE_02748,1,0.004608294930875576
5204,SAMN03859737|NOMAFAGE_02752,2,0.009216589861751152
5205,SAMN03859737|NOMAFAGE_02760,1,0.004608294930875576
5206,SAMN03859737|NOMAFAGE_02769,1,0.004608294930875576
5207,SAMN03859737|NOMAFAGE_02772,1,0.004608294930875576
5208,SAMN03859737|NOMAFAGE_02773,2,0.009216589861751152
5209,SAMN03859737|NOMAFAGE_02788,3,0.013824884792626729
5210,SAMN03859737|NOMAFAGE_02801,5,0.02304147465437788
5211,SAMN03859737|NOMAFAGE_02802,1,0.004608294930875576
5212,SAMN03859737|NOMAFAGE_02850,1,0.004608294930875576
5213,SAMN03859737|NOMAFAGE_02851,1,0.004608294930875576
5214,SAMN03859737|NOMAFAGE_02853,1,0.004608294930875576
5215,SAMN03859737|NOMAFAGE_02856,1,0.004608294930875576
5216,SAMN03859737|NOMAFAGE_02857,1,0.004608294930875576
5217,SAMN03859737|NOMAFAGE_02859,1,0.004608294930875576
5218,SAMN03859737|NOMAFAGE_02860,2,0.009216589861751152
5219,SAMN03859737|NOMAFAGE_02864,4,0.018433179723502304
5220,SAMN03859737|NOMAFAGE_02867,1,0.004608294930875576
5221,SAMN03859737|NOMAFAGE_02868,1,0.004608294930875576
5222,SAMN03859737|NOMAFAGE_02869,3,0.013824884792626729
5223,SAMN03859737|NOMAFAGE_02872,1,0.004608294930875576
5224,SAMN03859738|KBKCNOCE_00212,3,0.013824884792626729
5225,SAMN03859738|KBKCNOCE_00213,3,0.013824884792626729
5226,SAMN03859738|KBKCNOCE_00577,6,0.027649769585253458
5227,SAMN03859738|KBKCNOCE_01013,2,0.009216589861751152
5228,SAMN03859738|KBKCNOCE_02218,1,0.004608294930875576
5229,SAMN03859738|KBKCNOCE_02428,1,0.004608294930875576
5230,SAMN03859738|KBKCNOCE_02483,4,0.018433179723502304
5231,SAMN03859738|KBKCNOCE_02527,1,0.004608294930875576
5232,SAMN03859738|KBKCNOCE_02528,1,0.004608294930875576
5233,SAMN03859738|KBKCNOCE_02532,1,0.004608294930875576
5234,SAMN03859738|KBKCNOCE_02594,6,0.027649769585253458
5235,SAMN03859738|KBKCNOCE_02625,1,0.004608294930875576
5236,SAMN03859738|KBKCNOCE_02702,8,0.03686635944700461
5237,SAMN03859738|KBKCNOCE_02716,1,0.004608294930875576
5238,SAMN03859740|CAJGIIIC_00106,4,0.018433179723502304
5239,SAMN03859740|CAJGIIIC_00107,2,0.009216589861751152
5240,SAMN03859740|CAJGIIIC_00365,53,0.24423963133640553
5241,SAMN03859740|CAJGIIIC_00368,26,0.11981566820276497
5242,SAMN03859740|CAJGIIIC_00376,80,0.3686635944700461
5243,SAMN03859740|CAJGIIIC_00382,5,0.02304147465437788
5244,SAMN03859740|CAJGIIIC_00399,1,0.004608294930875576
5245,SAMN03859740|CAJGIIIC_00611,1,0.004608294930875576
5246,SAMN03859740|CAJGIIIC_00806,6,0.027649769585253458
5247,SAMN03859740|CAJGIIIC_00843,112,0.5161290322580645
5248,SAMN03859740|CAJGIIIC_01104,1,0.004608294930875576
5249,SAMN03859740|CAJGIIIC_01193,216,0.9953917050691244
5250,SAMN03859740|CAJGIIIC_01510,1,0.004608294930875576
5251,SAMN03859740|CAJGIIIC_01511,1,0.004608294930875576
5252,SAMN03859740|CAJGIIIC_01562,1,0.004608294930875576
5253,SAMN03859740|CAJGIIIC_01798,212,0.9769585253456221
5254,SAMN03859740|CAJGIIIC_01815,1,0.004608294930875576
5255,SAMN03859740|CAJGIIIC_01993,106,0.48847926267281105
5256,SAMN03859740|CAJGIIIC_02037,2,0.009216589861751152
5257,SAMN03859740|CAJGIIIC_02038,1,0.004608294930875576
5258,SAMN03859740|CAJGIIIC_02042,2,0.009216589861751152
5259,SAMN03859740|CAJGIIIC_02043,1,0.004608294930875576
5260,SAMN03859740|CAJGIIIC_02086,1,0.004608294930875576
5261,SAMN03859740|CAJGIIIC_02087,1,0.004608294930875576
5262,SAMN03859740|CAJGIIIC_02203,215,0.9907834101382489
5263,SAMN03859740|CAJGIIIC_02214,3,0.013824884792626729
5264,SAMN03859740|CAJGIIIC_02261,217,1.0
5265,SAMN03859740|CAJGIIIC_02275,189,0.8709677419354839
5266,SAMN03859740|CAJGIIIC_02293,215,0.9907834101382489
5267,SAMN03859740|CAJGIIIC_02368,11,0.05069124423963134
5268,SAMN03859740|CAJGIIIC_02370,3,0.013824884792626729
5269,SAMN03859740|CAJGIIIC_02377,1,0.004608294930875576
5270,SAMN03859740|CAJGIIIC_02386,1,0.004608294930875576
5271,SAMN03859740|CAJGIIIC_02388,1,0.004608294930875576
5272,SAMN03859740|CAJGIIIC_02446,1,0.004608294930875576
5273,SAMN03859740|CAJGIIIC_02455,217,1.0
5274,SAMN03859740|CAJGIIIC_02488,10,0.04608294930875576
5275,SAMN03859740|CAJGIIIC_02489,2,0.009216589861751152
5276,SAMN03859740|CAJGIIIC_02490,8,0.03686635944700461
5277,SAMN03859740|CAJGIIIC_02505,1,0.004608294930875576
5278,SAMN03859740|CAJGIIIC_02512,2,0.009216589861751152
5279,SAMN03859740|CAJGIIIC_02513,2,0.009216589861751152
5280,SAMN03859740|CAJGIIIC_02515,6,0.027649769585253458
5281,SAMN03859740|CAJGIIIC_02552,1,0.004608294930875576
5282,SAMN03859740|CAJGIIIC_02558,4,0.018433179723502304
5283,SAMN03859740|CAJGIIIC_02559,1,0.004608294930875576
5284,SAMN03859741|LALDPALD_00137,2,0.009216589861751152
5285,SAMN03859741|LALDPALD_00170,4,0.018433179723502304
5286,SAMN03859741|LALDPALD_00171,4,0.018433179723502304
5287,SAMN03859741|LALDPALD_00204,191,0.880184331797235
5288,SAMN03859741|LALDPALD_00266,21,0.0967741935483871
5289,SAMN03859741|LALDPALD_00342,2,0.009216589861751152
5290,SAMN03859741|LALDPALD_00492,1,0.004608294930875576
5291,SAMN03859741|LALDPALD_00600,1,0.004608294930875576
5292,SAMN03859741|LALDPALD_00619,1,0.004608294930875576
5293,SAMN03859741|LALDPALD_00732,214,0.9861751152073732
5294,SAMN03859741|LALDPALD_00753,2,0.009216589861751152
5295,SAMN03859741|LALDPALD_00754,11,0.05069124423963134
5296,SAMN03859741|LALDPALD_00768,3,0.013824884792626729
5297,SAMN03859741|LALDPALD_00913,13,0.059907834101382486
5298,SAMN03859741|LALDPALD_01164,195,0.8986175115207373
5299,SAMN03859741|LALDPALD_01215,2,0.009216589861751152
5300,SAMN03859741|LALDPALD_01287,3,0.013824884792626729
5301,SAMN03859741|LALDPALD_01325,211,0.9723502304147466
5302,SAMN03859741|LALDPALD_01341,1,0.004608294930875576
5303,SAMN03859741|LALDPALD_01342,1,0.004608294930875576
5304,SAMN03859741|LALDPALD_01421,3,0.013824884792626729
5305,SAMN03859741|LALDPALD_01440,199,0.9170506912442397
5306,SAMN03859741|LALDPALD_01523,4,0.018433179723502304
5307,SAMN03859741|LALDPALD_01524,4,0.018433179723502304
5308,SAMN03859741|LALDPALD_01563,7,0.03225806451612903
5309,SAMN03859741|LALDPALD_01566,3,0.013824884792626729
5310,SAMN03859741|LALDPALD_01573,4,0.018433179723502304
5311,SAMN03859741|LALDPALD_01574,4,0.018433179723502304
5312,SAMN03859741|LALDPALD_01662,5,0.02304147465437788
5313,SAMN03859741|LALDPALD_01715,7,0.03225806451612903
5314,SAMN03859741|LALDPALD_01773,3,0.013824884792626729
5315,SAMN03859741|LALDPALD_01776,4,0.018433179723502304
5316,SAMN03859741|LALDPALD_01824,2,0.009216589861751152
5317,SAMN03859741|LALDPALD_01851,3,0.013824884792626729
5318,SAMN03859741|LALDPALD_01864,1,0.004608294930875576
5319,SAMN03859741|LALDPALD_01916,3,0.013824884792626729
5320,SAMN03859741|LALDPALD_01947,5,0.02304147465437788
5321,SAMN03859741|LALDPALD_01995,4,0.018433179723502304
5322,SAMN03859741|LALDPALD_02025,5,0.02304147465437788
5323,SAMN03859741|LALDPALD_02079,9,0.041474654377880185
5324,SAMN03859741|LALDPALD_02086,3,0.013824884792626729
5325,SAMN03859741|LALDPALD_02119,3,0.013824884792626729
5326,SAMN03859741|LALDPALD_02167,1,0.004608294930875576
5327,SAMN03859741|LALDPALD_02171,3,0.013824884792626729
5328,SAMN03859741|LALDPALD_02187,3,0.013824884792626729
5329,SAMN03859741|LALDPALD_02261,1,0.004608294930875576
5330,SAMN03859741|LALDPALD_02280,4,0.018433179723502304
5331,SAMN03859741|LALDPALD_02281,3,0.013824884792626729
5332,SAMN03859741|LALDPALD_02286,1,0.004608294930875576
5333,SAMN03859741|LALDPALD_02296,7,0.03225806451612903
5334,SAMN03859741|LALDPALD_02305,22,0.10138248847926268
5335,SAMN03859741|LALDPALD_02317,1,0.004608294930875576
5336,SAMN03859741|LALDPALD_02324,6,0.027649769585253458
5337,SAMN03859741|LALDPALD_02336,22,0.10138248847926268
5338,SAMN03859741|LALDPALD_02351,1,0.004608294930875576
5339,SAMN03859741|LALDPALD_02352,1,0.004608294930875576
5340,SAMN03859741|LALDPALD_02357,113,0.5207373271889401
5341,SAMN03859741|LALDPALD_02360,4,0.018433179723502304
5342,SAMN03859741|LALDPALD_02382,1,0.004608294930875576
5343,SAMN03859741|LALDPALD_02404,11,0.05069124423963134
5344,SAMN03859741|LALDPALD_02414,6,0.027649769585253458
5345,SAMN03859741|LALDPALD_02417,1,0.004608294930875576
5346,SAMN03859741|LALDPALD_02419,4,0.018433179723502304
5347,SAMN03859741|LALDPALD_02423,1,0.004608294930875576
5348,SAMN03859741|LALDPALD_02432,8,0.03686635944700461
5349,SAMN03859741|LALDPALD_02437,3,0.013824884792626729
5350,SAMN03859741|LALDPALD_02438,14,0.06451612903225806
5351,SAMN03859741|LALDPALD_02439,3,0.013824884792626729
5352,SAMN03859741|LALDPALD_02444,3,0.013824884792626729
5353,SAMN03859741|LALDPALD_02445,2,0.009216589861751152
5354,SAMN03859741|LALDPALD_02449,2,0.009216589861751152
5355,SAMN03859741|LALDPALD_02456,3,0.013824884792626729
5356,SAMN03859741|LALDPALD_02461,1,0.004608294930875576
5357,SAMN03859743|HMJLAFBI_00047,2,0.009216589861751152
5358,SAMN03859743|HMJLAFBI_00230,217,1.0
5359,SAMN03859743|HMJLAFBI_00283,1,0.004608294930875576
5360,SAMN03859743|HMJLAFBI_00476,1,0.004608294930875576
5361,SAMN03859743|HMJLAFBI_00620,2,0.009216589861751152
5362,SAMN03859743|HMJLAFBI_00776,2,0.009216589861751152
5363,SAMN03859743|HMJLAFBI_00915,215,0.9907834101382489
5364,SAMN03859743|HMJLAFBI_00996,5,0.02304147465437788
5365,SAMN03859743|HMJLAFBI_01032,3,0.013824884792626729
5366,SAMN03859743|HMJLAFBI_01041,215,0.9907834101382489
5367,SAMN03859743|HMJLAFBI_01098,14,0.06451612903225806
5368,SAMN03859743|HMJLAFBI_01106,1,0.004608294930875576
5369,SAMN03859743|HMJLAFBI_01107,1,0.004608294930875576
5370,SAMN03859743|HMJLAFBI_01156,4,0.018433179723502304
5371,SAMN03859743|HMJLAFBI_01157,2,0.009216589861751152
5372,SAMN03859743|HMJLAFBI_01158,2,0.009216589861751152
5373,SAMN03859743|HMJLAFBI_01159,4,0.018433179723502304
5374,SAMN03859743|HMJLAFBI_01208,1,0.004608294930875576
5375,SAMN03859743|HMJLAFBI_01578,4,0.018433179723502304
5376,SAMN03859743|HMJLAFBI_01579,59,0.271889400921659
5377,SAMN03859743|HMJLAFBI_01580,1,0.004608294930875576
5378,SAMN03859743|HMJLAFBI_01628,2,0.009216589861751152
5379,SAMN03859743|HMJLAFBI_01773,3,0.013824884792626729
5380,SAMN03859743|HMJLAFBI_01794,3,0.013824884792626729
5381,SAMN03859743|HMJLAFBI_01797,1,0.004608294930875576
5382,SAMN03859743|HMJLAFBI_01867,6,0.027649769585253458
5383,SAMN03859743|HMJLAFBI_01882,2,0.009216589861751152
5384,SAMN03859743|HMJLAFBI_01922,1,0.004608294930875576
5385,SAMN03859743|HMJLAFBI_01928,188,0.8663594470046083
5386,SAMN03859743|HMJLAFBI_01947,2,0.009216589861751152
5387,SAMN03859743|HMJLAFBI_02012,1,0.004608294930875576
5388,SAMN03859743|HMJLAFBI_02060,1,0.004608294930875576
5389,SAMN03859743|HMJLAFBI_02093,11,0.05069124423963134
5390,SAMN03859743|HMJLAFBI_02163,2,0.009216589861751152
5391,SAMN03859743|HMJLAFBI_02216,61,0.28110599078341014
5392,SAMN03859743|HMJLAFBI_02218,13,0.059907834101382486
5393,SAMN03859743|HMJLAFBI_02220,1,0.004608294930875576
5394,SAMN03859743|HMJLAFBI_02291,4,0.018433179723502304
5395,SAMN03859743|HMJLAFBI_02294,212,0.9769585253456221
5396,SAMN03859743|HMJLAFBI_02457,7,0.03225806451612903
5397,SAMN03859743|HMJLAFBI_02466,55,0.2534562211981567
5398,SAMN03859743|HMJLAFBI_02472,8,0.03686635944700461
5399,SAMN03859743|HMJLAFBI_02562,1,0.004608294930875576
5400,SAMN03859743|HMJLAFBI_02569,32,0.14746543778801843
5401,SAMN03859743|HMJLAFBI_02571,1,0.004608294930875576
5402,SAMN03859743|HMJLAFBI_02578,17,0.07834101382488479
5403,SAMN03859743|HMJLAFBI_02583,1,0.004608294930875576
5404,SAMN03859743|HMJLAFBI_02584,1,0.004608294930875576
5405,SAMN03859743|HMJLAFBI_02590,1,0.004608294930875576
5406,SAMN03859743|HMJLAFBI_02594,15,0.06912442396313365
5407,SAMN03859743|HMJLAFBI_02604,3,0.013824884792626729
5408,SAMN03859743|HMJLAFBI_02608,2,0.009216589861751152
5409,SAMN03859743|HMJLAFBI_02617,9,0.041474654377880185
5410,SAMN03859743|HMJLAFBI_02619,1,0.004608294930875576
5411,SAMN03859743|HMJLAFBI_02620,1,0.004608294930875576
5412,SAMN03859743|HMJLAFBI_02627,6,0.027649769585253458
5413,SAMN03859743|HMJLAFBI_02637,3,0.013824884792626729
5414,SAMN03859743|HMJLAFBI_02639,1,0.004608294930875576
5415,SAMN03859744|JFHIPDOH_00012,3,0.013824884792626729
5416,SAMN03859744|JFHIPDOH_00013,3,0.013824884792626729
5417,SAMN03859744|JFHIPDOH_00060,1,0.004608294930875576
5418,SAMN03859744|JFHIPDOH_00099,2,0.009216589861751152
5419,SAMN03859744|JFHIPDOH_00155,6,0.027649769585253458
5420,SAMN03859744|JFHIPDOH_00232,4,0.018433179723502304
5421,SAMN03859744|JFHIPDOH_00281,4,0.018433179723502304
5422,SAMN03859744|JFHIPDOH_00354,3,0.013824884792626729
5423,SAMN03859744|JFHIPDOH_00892,2,0.009216589861751152
5424,SAMN03859744|JFHIPDOH_01186,3,0.013824884792626729
5425,SAMN03859744|JFHIPDOH_01192,3,0.013824884792626729
5426,SAMN03859744|JFHIPDOH_01214,1,0.004608294930875576
5427,SAMN03859744|JFHIPDOH_01470,2,0.009216589861751152
5428,SAMN03859744|JFHIPDOH_01645,14,0.06451612903225806
5429,SAMN03859744|JFHIPDOH_01657,94,0.43317972350230416
5430,SAMN03859744|JFHIPDOH_01693,93,0.42857142857142855
5431,SAMN03859744|JFHIPDOH_01852,3,0.013824884792626729
5432,SAMN03859744|JFHIPDOH_01853,9,0.041474654377880185
5433,SAMN03859744|JFHIPDOH_01854,4,0.018433179723502304
5434,SAMN03859744|JFHIPDOH_01858,3,0.013824884792626729
5435,SAMN03859744|JFHIPDOH_01859,4,0.018433179723502304
5436,SAMN03859744|JFHIPDOH_01860,3,0.013824884792626729
5437,SAMN03859744|JFHIPDOH_02014,6,0.027649769585253458
5438,SAMN03859744|JFHIPDOH_02033,1,0.004608294930875576
5439,SAMN03859744|JFHIPDOH_02065,2,0.009216589861751152
5440,SAMN03859744|JFHIPDOH_02085,2,0.009216589861751152
5441,SAMN03859744|JFHIPDOH_02104,2,0.009216589861751152
5442,SAMN03859744|JFHIPDOH_02105,2,0.009216589861751152
5443,SAMN03859744|JFHIPDOH_02133,1,0.004608294930875576
5444,SAMN03859744|JFHIPDOH_02173,2,0.009216589861751152
5445,SAMN03859744|JFHIPDOH_02175,1,0.004608294930875576
5446,SAMN03859744|JFHIPDOH_02176,7,0.03225806451612903
5447,SAMN03859744|JFHIPDOH_02195,5,0.02304147465437788
5448,SAMN03859744|JFHIPDOH_02251,3,0.013824884792626729
5449,SAMN03859744|JFHIPDOH_02261,3,0.013824884792626729
5450,SAMN03859744|JFHIPDOH_02291,2,0.009216589861751152
5451,SAMN03859744|JFHIPDOH_02296,3,0.013824884792626729
5452,SAMN03859744|JFHIPDOH_02320,31,0.14285714285714285
5453,SAMN03859744|JFHIPDOH_02339,5,0.02304147465437788
5454,SAMN03859744|JFHIPDOH_02360,3,0.013824884792626729
5455,SAMN03859744|JFHIPDOH_02422,2,0.009216589861751152
5456,SAMN03859744|JFHIPDOH_02436,8,0.03686635944700461
5457,SAMN03859744|JFHIPDOH_02437,7,0.03225806451612903
5458,SAMN03859744|JFHIPDOH_02453,4,0.018433179723502304
5459,SAMN03859744|JFHIPDOH_02461,3,0.013824884792626729
5460,SAMN03859744|JFHIPDOH_02462,2,0.009216589861751152
5461,SAMN03859744|JFHIPDOH_02468,1,0.004608294930875576
5462,SAMN03859744|JFHIPDOH_02485,1,0.004608294930875576
5463,SAMN03859744|JFHIPDOH_02507,3,0.013824884792626729
5464,SAMN03859744|JFHIPDOH_02524,1,0.004608294930875576
5465,SAMN03859744|JFHIPDOH_02526,3,0.013824884792626729
5466,SAMN03859744|JFHIPDOH_02531,3,0.013824884792626729
5467,SAMN03859744|JFHIPDOH_02541,3,0.013824884792626729
5468,SAMN03859744|JFHIPDOH_02558,8,0.03686635944700461
5469,SAMN03859744|JFHIPDOH_02565,2,0.009216589861751152
5470,SAMN03859744|JFHIPDOH_02569,5,0.02304147465437788
5471,SAMN03859745|LBBAPDKI_00070,1,0.004608294930875576
5472,SAMN03859745|LBBAPDKI_00071,1,0.004608294930875576
5473,SAMN03859745|LBBAPDKI_00275,1,0.004608294930875576
5474,SAMN03859745|LBBAPDKI_00353,2,0.009216589861751152
5475,SAMN03859745|LBBAPDKI_00354,2,0.009216589861751152
5476,SAMN03859745|LBBAPDKI_00809,5,0.02304147465437788
5477,SAMN03859745|LBBAPDKI_00935,1,0.004608294930875576
5478,SAMN03859745|LBBAPDKI_01477,216,0.9953917050691244
5479,SAMN03859745|LBBAPDKI_01600,1,0.004608294930875576
5480,SAMN03859745|LBBAPDKI_02019,6,0.027649769585253458
5481,SAMN03859745|LBBAPDKI_02413,1,0.004608294930875576
5482,SAMN03859745|LBBAPDKI_02434,1,0.004608294930875576
5483,SAMN03859745|LBBAPDKI_02486,1,0.004608294930875576
5484,SAMN03859745|LBBAPDKI_02487,11,0.05069124423963134
5485,SAMN03859747|NMMGJIID_00084,2,0.009216589861751152
5486,SAMN03859747|NMMGJIID_00159,2,0.009216589861751152
5487,SAMN03859747|NMMGJIID_00179,1,0.004608294930875576
5488,SAMN03859747|NMMGJIID_00192,1,0.004608294930875576
5489,SAMN03859747|NMMGJIID_00202,2,0.009216589861751152
5490,SAMN03859747|NMMGJIID_00217,3,0.013824884792626729
5491,SAMN03859747|NMMGJIID_00273,1,0.004608294930875576
5492,SAMN03859747|NMMGJIID_00356,3,0.013824884792626729
5493,SAMN03859747|NMMGJIID_00431,1,0.004608294930875576
5494,SAMN03859747|NMMGJIID_00525,3,0.013824884792626729
5495,SAMN03859747|NMMGJIID_00566,1,0.004608294930875576
5496,SAMN03859747|NMMGJIID_00598,1,0.004608294930875576
5497,SAMN03859747|NMMGJIID_00599,1,0.004608294930875576
5498,SAMN03859747|NMMGJIID_00702,1,0.004608294930875576
5499,SAMN03859747|NMMGJIID_00751,4,0.018433179723502304
5500,SAMN03859747|NMMGJIID_00798,14,0.06451612903225806
5501,SAMN03859747|NMMGJIID_00804,2,0.009216589861751152
5502,SAMN03859747|NMMGJIID_00915,2,0.009216589861751152
5503,SAMN03859747|NMMGJIID_00916,1,0.004608294930875576
5504,SAMN03859747|NMMGJIID_00950,4,0.018433179723502304
5505,SAMN03859747|NMMGJIID_00997,1,0.004608294930875576
5506,SAMN03859747|NMMGJIID_00998,1,0.004608294930875576
5507,SAMN03859747|NMMGJIID_01052,1,0.004608294930875576
5508,SAMN03859747|NMMGJIID_01168,1,0.004608294930875576
5509,SAMN03859747|NMMGJIID_01169,1,0.004608294930875576
5510,SAMN03859747|NMMGJIID_01180,1,0.004608294930875576
5511,SAMN03859747|NMMGJIID_01210,1,0.004608294930875576
5512,SAMN03859747|NMMGJIID_01235,5,0.02304147465437788
5513,SAMN03859747|NMMGJIID_01309,1,0.004608294930875576
5514,SAMN03859747|NMMGJIID_01337,1,0.004608294930875576
5515,SAMN03859747|NMMGJIID_01367,2,0.009216589861751152
5516,SAMN03859747|NMMGJIID_01368,1,0.004608294930875576
5517,SAMN03859747|NMMGJIID_01369,1,0.004608294930875576
5518,SAMN03859747|NMMGJIID_01370,1,0.004608294930875576
5519,SAMN03859747|NMMGJIID_01371,1,0.004608294930875576
5520,SAMN03859747|NMMGJIID_01416,1,0.004608294930875576
5521,SAMN03859747|NMMGJIID_01518,1,0.004608294930875576
5522,SAMN03859747|NMMGJIID_01540,8,0.03686635944700461
5523,SAMN03859747|NMMGJIID_01575,3,0.013824884792626729
5524,SAMN03859747|NMMGJIID_01597,2,0.009216589861751152
5525,SAMN03859747|NMMGJIID_01617,2,0.009216589861751152
5526,SAMN03859747|NMMGJIID_01670,4,0.018433179723502304
5527,SAMN03859747|NMMGJIID_01671,216,0.9953917050691244
5528,SAMN03859747|NMMGJIID_01677,1,0.004608294930875576
5529,SAMN03859747|NMMGJIID_01707,3,0.013824884792626729
5530,SAMN03859747|NMMGJIID_01708,1,0.004608294930875576
5531,SAMN03859747|NMMGJIID_01737,3,0.013824884792626729
5532,SAMN03859747|NMMGJIID_01738,4,0.018433179723502304
5533,SAMN03859747|NMMGJIID_01743,48,0.22119815668202766
5534,SAMN03859747|NMMGJIID_01859,1,0.004608294930875576
5535,SAMN03859747|NMMGJIID_01891,1,0.004608294930875576
5536,SAMN03859747|NMMGJIID_01919,1,0.004608294930875576
5537,SAMN03859747|NMMGJIID_01966,2,0.009216589861751152
5538,SAMN03859747|NMMGJIID_01967,1,0.004608294930875576
5539,SAMN03859747|NMMGJIID_02011,1,0.004608294930875576
5540,SAMN03859747|NMMGJIID_02087,1,0.004608294930875576
5541,SAMN03859747|NMMGJIID_02210,211,0.9723502304147466
5542,SAMN03859747|NMMGJIID_02245,2,0.009216589861751152
5543,SAMN03859747|NMMGJIID_02263,1,0.004608294930875576
5544,SAMN03859747|NMMGJIID_02296,1,0.004608294930875576
5545,SAMN03859747|NMMGJIID_02326,1,0.004608294930875576
5546,SAMN03859747|NMMGJIID_02353,6,0.027649769585253458
5547,SAMN03859747|NMMGJIID_02356,1,0.004608294930875576
5548,SAMN03859747|NMMGJIID_02380,4,0.018433179723502304
5549,SAMN03859747|NMMGJIID_02381,206,0.9493087557603687
5550,SAMN03859747|NMMGJIID_02417,213,0.9815668202764977
5551,SAMN03859747|NMMGJIID_02432,1,0.004608294930875576
5552,SAMN03859747|NMMGJIID_02450,4,0.018433179723502304
5553,SAMN03859747|NMMGJIID_02453,1,0.004608294930875576
5554,SAMN03859747|NMMGJIID_02464,4,0.018433179723502304
5555,SAMN03859747|NMMGJIID_02489,2,0.009216589861751152
5556,SAMN03859747|NMMGJIID_02490,2,0.009216589861751152
5557,SAMN03859747|NMMGJIID_02493,92,0.423963133640553
5558,SAMN03859747|NMMGJIID_02499,6,0.027649769585253458
5559,SAMN03859747|NMMGJIID_02500,9,0.041474654377880185
5560,SAMN03859747|NMMGJIID_02517,1,0.004608294930875576
5561,SAMN03859747|NMMGJIID_02526,1,0.004608294930875576
5562,SAMN03859747|NMMGJIID_02533,1,0.004608294930875576
5563,SAMN03859747|NMMGJIID_02539,8,0.03686635944700461
5564,SAMN03859747|NMMGJIID_02551,1,0.004608294930875576
5565,SAMN03859747|NMMGJIID_02560,1,0.004608294930875576
5566,SAMN03859747|NMMGJIID_02561,6,0.027649769585253458
5567,SAMN03859747|NMMGJIID_02574,1,0.004608294930875576
5568,SAMN03859747|NMMGJIID_02586,1,0.004608294930875576
5569,SAMN03859747|NMMGJIID_02588,1,0.004608294930875576
5570,SAMN03859747|NMMGJIID_02593,1,0.004608294930875576
5571,SAMN03859747|NMMGJIID_02596,3,0.013824884792626729
5572,SAMN03859747|NMMGJIID_02597,4,0.018433179723502304
5573,SAMN03859747|NMMGJIID_02598,2,0.009216589861751152
5574,SAMN03859747|NMMGJIID_02600,1,0.004608294930875576
5575,SAMN03859747|NMMGJIID_02602,1,0.004608294930875576
5576,SAMN03859747|NMMGJIID_02603,7,0.03225806451612903
5577,SAMN03859747|NMMGJIID_02615,3,0.013824884792626729
5578,SAMN03859747|NMMGJIID_02620,2,0.009216589861751152
5579,SAMN03859747|NMMGJIID_02621,1,0.004608294930875576
5580,SAMN03859747|NMMGJIID_02624,2,0.009216589861751152
5581,SAMN03859747|NMMGJIID_02631,1,0.004608294930875576
5582,SAMN03859748|CCCANBHF_00374,6,0.027649769585253458
5583,SAMN03859748|CCCANBHF_00445,1,0.004608294930875576
5584,SAMN03859748|CCCANBHF_00511,6,0.027649769585253458
5585,SAMN03859748|CCCANBHF_00516,1,0.004608294930875576
5586,SAMN03859748|CCCANBHF_00525,38,0.17511520737327188
5587,SAMN03859748|CCCANBHF_00802,1,0.004608294930875576
5588,SAMN03859748|CCCANBHF_00882,4,0.018433179723502304
5589,SAMN03859748|CCCANBHF_01497,5,0.02304147465437788
5590,SAMN03859748|CCCANBHF_01657,1,0.004608294930875576
5591,SAMN03859748|CCCANBHF_01658,1,0.004608294930875576
5592,SAMN03859748|CCCANBHF_01763,2,0.009216589861751152
5593,SAMN03859748|CCCANBHF_02110,3,0.013824884792626729
5594,SAMN03859748|CCCANBHF_02111,1,0.004608294930875576
5595,SAMN03859748|CCCANBHF_02112,1,0.004608294930875576
5596,SAMN03859748|CCCANBHF_02113,1,0.004608294930875576
5597,SAMN03859748|CCCANBHF_02117,5,0.02304147465437788
5598,SAMN03859748|CCCANBHF_02118,3,0.013824884792626729
5599,SAMN03859748|CCCANBHF_02119,5,0.02304147465437788
5600,SAMN03859748|CCCANBHF_02164,3,0.013824884792626729
5601,SAMN03859748|CCCANBHF_02496,1,0.004608294930875576
5602,SAMN03859748|CCCANBHF_02498,2,0.009216589861751152
5603,SAMN03859752|DBCLMFEI_00013,3,0.013824884792626729
5604,SAMN03859752|DBCLMFEI_00093,1,0.004608294930875576
5605,SAMN03859752|DBCLMFEI_00110,2,0.009216589861751152
5606,SAMN03859752|DBCLMFEI_00116,33,0.15207373271889402
5607,SAMN03859752|DBCLMFEI_00132,1,0.004608294930875576
5608,SAMN03859752|DBCLMFEI_00160,1,0.004608294930875576
5609,SAMN03859752|DBCLMFEI_00168,1,0.004608294930875576
5610,SAMN03859752|DBCLMFEI_00176,84,0.3870967741935484
5611,SAMN03859752|DBCLMFEI_00262,1,0.004608294930875576
5612,SAMN03859752|DBCLMFEI_00263,1,0.004608294930875576
5613,SAMN03859752|DBCLMFEI_00265,1,0.004608294930875576
5614,SAMN03859752|DBCLMFEI_00405,2,0.009216589861751152
5615,SAMN03859752|DBCLMFEI_00426,71,0.3271889400921659
5616,SAMN03859752|DBCLMFEI_00447,2,0.009216589861751152
5617,SAMN03859752|DBCLMFEI_00496,1,0.004608294930875576
5618,SAMN03859752|DBCLMFEI_00497,1,0.004608294930875576
5619,SAMN03859752|DBCLMFEI_00508,1,0.004608294930875576
5620,SAMN03859752|DBCLMFEI_00509,3,0.013824884792626729
5621,SAMN03859752|DBCLMFEI_00538,3,0.013824884792626729
5622,SAMN03859752|DBCLMFEI_00539,2,0.009216589861751152
5623,SAMN03859752|DBCLMFEI_00547,2,0.009216589861751152
5624,SAMN03859752|DBCLMFEI_00548,2,0.009216589861751152
5625,SAMN03859752|DBCLMFEI_00549,2,0.009216589861751152
5626,SAMN03859752|DBCLMFEI_00550,2,0.009216589861751152
5627,SAMN03859752|DBCLMFEI_00618,4,0.018433179723502304
5628,SAMN03859752|DBCLMFEI_00647,1,0.004608294930875576
5629,SAMN03859752|DBCLMFEI_00683,2,0.009216589861751152
5630,SAMN03859752|DBCLMFEI_00684,6,0.027649769585253458
5631,SAMN03859752|DBCLMFEI_00701,209,0.9631336405529954
5632,SAMN03859752|DBCLMFEI_00721,199,0.9170506912442397
5633,SAMN03859752|DBCLMFEI_00737,2,0.009216589861751152
5634,SAMN03859752|DBCLMFEI_00925,213,0.9815668202764977
5635,SAMN03859752|DBCLMFEI_01092,217,1.0
5636,SAMN03859752|DBCLMFEI_01194,144,0.663594470046083
5637,SAMN03859752|DBCLMFEI_01199,217,1.0
5638,SAMN03859752|DBCLMFEI_01210,2,0.009216589861751152
5639,SAMN03859752|DBCLMFEI_01214,2,0.009216589861751152
5640,SAMN03859752|DBCLMFEI_01215,2,0.009216589861751152
5641,SAMN03859752|DBCLMFEI_01217,2,0.009216589861751152
5642,SAMN03859752|DBCLMFEI_01225,3,0.013824884792626729
5643,SAMN03859752|DBCLMFEI_01246,1,0.004608294930875576
5644,SAMN03859752|DBCLMFEI_01313,217,1.0
5645,SAMN03859752|DBCLMFEI_01335,4,0.018433179723502304
5646,SAMN03859752|DBCLMFEI_01349,2,0.009216589861751152
5647,SAMN03859752|DBCLMFEI_01410,55,0.2534562211981567
5648,SAMN03859752|DBCLMFEI_01431,5,0.02304147465437788
5649,SAMN03859752|DBCLMFEI_01447,215,0.9907834101382489
5650,SAMN03859752|DBCLMFEI_01460,5,0.02304147465437788
5651,SAMN03859752|DBCLMFEI_01471,3,0.013824884792626729
5652,SAMN03859752|DBCLMFEI_01472,3,0.013824884792626729
5653,SAMN03859752|DBCLMFEI_01481,2,0.009216589861751152
5654,SAMN03859752|DBCLMFEI_01486,4,0.018433179723502304
5655,SAMN03859752|DBCLMFEI_01487,1,0.004608294930875576
5656,SAMN03859752|DBCLMFEI_01548,3,0.013824884792626729
5657,SAMN03859752|DBCLMFEI_01569,1,0.004608294930875576
5658,SAMN03859752|DBCLMFEI_01589,4,0.018433179723502304
5659,SAMN03859752|DBCLMFEI_01658,1,0.004608294930875576
5660,SAMN03859752|DBCLMFEI_01667,1,0.004608294930875576
5661,SAMN03859752|DBCLMFEI_01725,217,1.0
5662,SAMN03859752|DBCLMFEI_01730,1,0.004608294930875576
5663,SAMN03859752|DBCLMFEI_01731,1,0.004608294930875576
5664,SAMN03859752|DBCLMFEI_01767,210,0.967741935483871
5665,SAMN03859752|DBCLMFEI_01800,3,0.013824884792626729
5666,SAMN03859752|DBCLMFEI_01823,4,0.018433179723502304
5667,SAMN03859752|DBCLMFEI_01836,1,0.004608294930875576
5668,SAMN03859752|DBCLMFEI_01839,4,0.018433179723502304
5669,SAMN03859752|DBCLMFEI_01840,4,0.018433179723502304
5670,SAMN03859752|DBCLMFEI_01848,216,0.9953917050691244
5671,SAMN03859752|DBCLMFEI_01857,2,0.009216589861751152
5672,SAMN03859752|DBCLMFEI_01906,1,0.004608294930875576
5673,SAMN03859752|DBCLMFEI_01919,212,0.9769585253456221
5674,SAMN03859752|DBCLMFEI_01921,2,0.009216589861751152
5675,SAMN03859752|DBCLMFEI_02061,1,0.004608294930875576
5676,SAMN03859752|DBCLMFEI_02068,215,0.9907834101382489
5677,SAMN03859752|DBCLMFEI_02077,11,0.05069124423963134
5678,SAMN03859752|DBCLMFEI_02087,14,0.06451612903225806
5679,SAMN03859752|DBCLMFEI_02096,2,0.009216589861751152
5680,SAMN03859752|DBCLMFEI_02163,6,0.027649769585253458
5681,SAMN03859752|DBCLMFEI_02166,3,0.013824884792626729
5682,SAMN03859752|DBCLMFEI_02168,3,0.013824884792626729
5683,SAMN03859752|DBCLMFEI_02178,1,0.004608294930875576
5684,SAMN03859752|DBCLMFEI_02181,5,0.02304147465437788
5685,SAMN03859752|DBCLMFEI_02198,2,0.009216589861751152
5686,SAMN03859752|DBCLMFEI_02199,1,0.004608294930875576
5687,SAMN03859752|DBCLMFEI_02213,6,0.027649769585253458
5688,SAMN03859752|DBCLMFEI_02222,14,0.06451612903225806
5689,SAMN03859752|DBCLMFEI_02227,108,0.4976958525345622
5690,SAMN03859752|DBCLMFEI_02231,2,0.009216589861751152
5691,SAMN03859752|DBCLMFEI_02291,3,0.013824884792626729
5692,SAMN03859752|DBCLMFEI_02296,1,0.004608294930875576
5693,SAMN03859752|DBCLMFEI_02337,217,1.0
5694,SAMN03859752|DBCLMFEI_02341,160,0.7373271889400922
5695,SAMN03859752|DBCLMFEI_02379,3,0.013824884792626729
5696,SAMN03859752|DBCLMFEI_02391,1,0.004608294930875576
5697,SAMN03859752|DBCLMFEI_02409,1,0.004608294930875576
5698,SAMN03859752|DBCLMFEI_02411,1,0.004608294930875576
5699,SAMN03859752|DBCLMFEI_02412,17,0.07834101382488479
5700,SAMN03859752|DBCLMFEI_02419,5,0.02304147465437788
5701,SAMN03859752|DBCLMFEI_02420,2,0.009216589861751152
5702,SAMN03859752|DBCLMFEI_02424,1,0.004608294930875576
5703,SAMN03859752|DBCLMFEI_02426,3,0.013824884792626729
5704,SAMN03859752|DBCLMFEI_02431,6,0.027649769585253458
5705,SAMN03859752|DBCLMFEI_02433,7,0.03225806451612903
5706,SAMN03859752|DBCLMFEI_02437,1,0.004608294930875576
5707,SAMN03859752|DBCLMFEI_02438,2,0.009216589861751152
5708,SAMN03859752|DBCLMFEI_02440,1,0.004608294930875576
5709,SAMN03859752|DBCLMFEI_02441,1,0.004608294930875576
5710,SAMN03859752|DBCLMFEI_02455,5,0.02304147465437788
5711,SAMN03859752|DBCLMFEI_02457,2,0.009216589861751152
5712,SAMN03859753|NJJIBKID_00264,216,0.9953917050691244
5713,SAMN03859753|NJJIBKID_00426,1,0.004608294930875576
5714,SAMN03859753|NJJIBKID_00427,1,0.004608294930875576
5715,SAMN03859753|NJJIBKID_00496,5,0.02304147465437788
5716,SAMN03859753|NJJIBKID_00497,3,0.013824884792626729
5717,SAMN03859753|NJJIBKID_00842,1,0.004608294930875576
5718,SAMN03859753|NJJIBKID_00843,1,0.004608294930875576
5719,SAMN03859753|NJJIBKID_01184,1,0.004608294930875576
5720,SAMN03859753|NJJIBKID_01215,2,0.009216589861751152
5721,SAMN03859753|NJJIBKID_01318,2,0.009216589861751152
5722,SAMN03859753|NJJIBKID_01421,2,0.009216589861751152
5723,SAMN03859753|NJJIBKID_01434,1,0.004608294930875576
5724,SAMN03859753|NJJIBKID_01435,46,0.2119815668202765
5725,SAMN03859753|NJJIBKID_01438,3,0.013824884792626729
5726,SAMN03859753|NJJIBKID_01774,8,0.03686635944700461
5727,SAMN03859753|NJJIBKID_01775,9,0.041474654377880185
5728,SAMN03859753|NJJIBKID_01788,78,0.35944700460829493
5729,SAMN03859753|NJJIBKID_01802,2,0.009216589861751152
5730,SAMN03859753|NJJIBKID_01852,2,0.009216589861751152
5731,SAMN03859753|NJJIBKID_01853,2,0.009216589861751152
5732,SAMN03859753|NJJIBKID_01858,1,0.004608294930875576
5733,SAMN03859753|NJJIBKID_01946,2,0.009216589861751152
5734,SAMN03859753|NJJIBKID_02175,1,0.004608294930875576
5735,SAMN03859753|NJJIBKID_02370,5,0.02304147465437788
5736,SAMN03859753|NJJIBKID_02495,1,0.004608294930875576
5737,SAMN03859753|NJJIBKID_02521,2,0.009216589861751152
5738,SAMN03859753|NJJIBKID_02527,7,0.03225806451612903
5739,SAMN03859755|OCHMNAJA_00001,1,0.004608294930875576
5740,SAMN03859755|OCHMNAJA_00184,12,0.055299539170506916
5741,SAMN03859755|OCHMNAJA_00715,6,0.027649769585253458
5742,SAMN03859755|OCHMNAJA_00918,2,0.009216589861751152
5743,SAMN03859755|OCHMNAJA_01129,3,0.013824884792626729
5744,SAMN03859755|OCHMNAJA_01142,214,0.9861751152073732
5745,SAMN03859755|OCHMNAJA_01207,2,0.009216589861751152
5746,SAMN03859755|OCHMNAJA_01224,1,0.004608294930875576
5747,SAMN03859755|OCHMNAJA_01257,1,0.004608294930875576
5748,SAMN03859755|OCHMNAJA_01273,2,0.009216589861751152
5749,SAMN03859755|OCHMNAJA_01441,217,1.0
5750,SAMN03859755|OCHMNAJA_01504,1,0.004608294930875576
5751,SAMN03859755|OCHMNAJA_01557,2,0.009216589861751152
5752,SAMN03859755|OCHMNAJA_01639,2,0.009216589861751152
5753,SAMN03859755|OCHMNAJA_01718,1,0.004608294930875576
5754,SAMN03859755|OCHMNAJA_01754,6,0.027649769585253458
5755,SAMN03859755|OCHMNAJA_01945,10,0.04608294930875576
5756,SAMN03859755|OCHMNAJA_01987,4,0.018433179723502304
5757,SAMN03859755|OCHMNAJA_02120,5,0.02304147465437788
5758,SAMN03859755|OCHMNAJA_02252,1,0.004608294930875576
5759,SAMN03859755|OCHMNAJA_02310,3,0.013824884792626729
5760,SAMN03859755|OCHMNAJA_02394,5,0.02304147465437788
5761,SAMN03859755|OCHMNAJA_02422,1,0.004608294930875576
5762,SAMN03859755|OCHMNAJA_02467,3,0.013824884792626729
5763,SAMN03859755|OCHMNAJA_02493,1,0.004608294930875576
5764,SAMN03859755|OCHMNAJA_02496,2,0.009216589861751152
5765,SAMN03859755|OCHMNAJA_02498,2,0.009216589861751152
5766,SAMN03859756|IHMOELHM_00003,2,0.009216589861751152
5767,SAMN03859756|IHMOELHM_00007,5,0.02304147465437788
5768,SAMN03859756|IHMOELHM_00008,9,0.041474654377880185
5769,SAMN03859756|IHMOELHM_00014,2,0.009216589861751152
5770,SAMN03859756|IHMOELHM_00016,2,0.009216589861751152
5771,SAMN03859756|IHMOELHM_00025,4,0.018433179723502304
5772,SAMN03859756|IHMOELHM_00035,215,0.9907834101382489
5773,SAMN03859756|IHMOELHM_00129,2,0.009216589861751152
5774,SAMN03859756|IHMOELHM_00162,2,0.009216589861751152
5775,SAMN03859756|IHMOELHM_00200,2,0.009216589861751152
5776,SAMN03859756|IHMOELHM_00218,2,0.009216589861751152
5777,SAMN03859756|IHMOELHM_00219,2,0.009216589861751152
5778,SAMN03859756|IHMOELHM_00228,2,0.009216589861751152
5779,SAMN03859756|IHMOELHM_00229,2,0.009216589861751152
5780,SAMN03859756|IHMOELHM_00253,2,0.009216589861751152
5781,SAMN03859756|IHMOELHM_00257,2,0.009216589861751152
5782,SAMN03859756|IHMOELHM_00258,2,0.009216589861751152
5783,SAMN03859756|IHMOELHM_00264,2,0.009216589861751152
5784,SAMN03859756|IHMOELHM_00303,215,0.9907834101382489
5785,SAMN03859756|IHMOELHM_00315,2,0.009216589861751152
5786,SAMN03859756|IHMOELHM_00352,2,0.009216589861751152
5787,SAMN03859756|IHMOELHM_00390,4,0.018433179723502304
5788,SAMN03859756|IHMOELHM_00393,5,0.02304147465437788
5789,SAMN03859756|IHMOELHM_00465,20,0.09216589861751152
5790,SAMN03859756|IHMOELHM_00552,4,0.018433179723502304
5791,SAMN03859756|IHMOELHM_00553,4,0.018433179723502304
5792,SAMN03859756|IHMOELHM_00597,2,0.009216589861751152
5793,SAMN03859756|IHMOELHM_00611,1,0.004608294930875576
5794,SAMN03859756|IHMOELHM_00613,5,0.02304147465437788
5795,SAMN03859756|IHMOELHM_00737,2,0.009216589861751152
5796,SAMN03859756|IHMOELHM_00738,2,0.009216589861751152
5797,SAMN03859756|IHMOELHM_00786,2,0.009216589861751152
5798,SAMN03859756|IHMOELHM_00810,15,0.06912442396313365
5799,SAMN03859756|IHMOELHM_00811,2,0.009216589861751152
5800,SAMN03859756|IHMOELHM_00904,11,0.05069124423963134
5801,SAMN03859756|IHMOELHM_00908,13,0.059907834101382486
5802,SAMN03859756|IHMOELHM_00909,6,0.027649769585253458
5803,SAMN03859756|IHMOELHM_00971,3,0.013824884792626729
5804,SAMN03859756|IHMOELHM_00994,2,0.009216589861751152
5805,SAMN03859756|IHMOELHM_00996,3,0.013824884792626729
5806,SAMN03859756|IHMOELHM_01050,2,0.009216589861751152
5807,SAMN03859756|IHMOELHM_01051,2,0.009216589861751152
5808,SAMN03859756|IHMOELHM_01052,2,0.009216589861751152
5809,SAMN03859756|IHMOELHM_01063,2,0.009216589861751152
5810,SAMN03859756|IHMOELHM_01064,2,0.009216589861751152
5811,SAMN03859756|IHMOELHM_01065,3,0.013824884792626729
5812,SAMN03859756|IHMOELHM_01066,3,0.013824884792626729
5813,SAMN03859756|IHMOELHM_01153,3,0.013824884792626729
5814,SAMN03859756|IHMOELHM_01157,44,0.20276497695852536
5815,SAMN03859756|IHMOELHM_01163,215,0.9907834101382489
5816,SAMN03859756|IHMOELHM_01185,2,0.009216589861751152
5817,SAMN03859756|IHMOELHM_01213,2,0.009216589861751152
5818,SAMN03859756|IHMOELHM_01221,3,0.013824884792626729
5819,SAMN03859756|IHMOELHM_01222,3,0.013824884792626729
5820,SAMN03859756|IHMOELHM_01346,2,0.009216589861751152
5821,SAMN03859756|IHMOELHM_01364,2,0.009216589861751152
5822,SAMN03859756|IHMOELHM_01365,3,0.013824884792626729
5823,SAMN03859756|IHMOELHM_01383,4,0.018433179723502304
5824,SAMN03859756|IHMOELHM_01391,8,0.03686635944700461
5825,SAMN03859756|IHMOELHM_01439,17,0.07834101382488479
5826,SAMN03859756|IHMOELHM_01474,3,0.013824884792626729
5827,SAMN03859756|IHMOELHM_01475,5,0.02304147465437788
5828,SAMN03859756|IHMOELHM_01515,3,0.013824884792626729
5829,SAMN03859756|IHMOELHM_01517,2,0.009216589861751152
5830,SAMN03859756|IHMOELHM_01525,3,0.013824884792626729
5831,SAMN03859756|IHMOELHM_01539,3,0.013824884792626729
5832,SAMN03859756|IHMOELHM_01575,2,0.009216589861751152
5833,SAMN03859756|IHMOELHM_01595,3,0.013824884792626729
5834,SAMN03859756|IHMOELHM_01596,3,0.013824884792626729
5835,SAMN03859756|IHMOELHM_01597,3,0.013824884792626729
5836,SAMN03859756|IHMOELHM_01598,3,0.013824884792626729
5837,SAMN03859756|IHMOELHM_01599,3,0.013824884792626729
5838,SAMN03859756|IHMOELHM_01600,3,0.013824884792626729
5839,SAMN03859756|IHMOELHM_01601,3,0.013824884792626729
5840,SAMN03859756|IHMOELHM_01637,14,0.06451612903225806
5841,SAMN03859756|IHMOELHM_01702,7,0.03225806451612903
5842,SAMN03859756|IHMOELHM_01703,7,0.03225806451612903
5843,SAMN03859756|IHMOELHM_01704,3,0.013824884792626729
5844,SAMN03859756|IHMOELHM_01782,2,0.009216589861751152
5845,SAMN03859756|IHMOELHM_01783,2,0.009216589861751152
5846,SAMN03859756|IHMOELHM_01784,216,0.9953917050691244
5847,SAMN03859756|IHMOELHM_01808,6,0.027649769585253458
5848,SAMN03859756|IHMOELHM_01847,2,0.009216589861751152
5849,SAMN03859756|IHMOELHM_01878,2,0.009216589861751152
5850,SAMN03859756|IHMOELHM_01879,4,0.018433179723502304
5851,SAMN03859756|IHMOELHM_01888,12,0.055299539170506916
5852,SAMN03859756|IHMOELHM_02003,10,0.04608294930875576
5853,SAMN03859756|IHMOELHM_02106,215,0.9907834101382489
5854,SAMN03859756|IHMOELHM_02146,2,0.009216589861751152
5855,SAMN03859756|IHMOELHM_02147,3,0.013824884792626729
5856,SAMN03859756|IHMOELHM_02198,3,0.013824884792626729
5857,SAMN03859756|IHMOELHM_02263,2,0.009216589861751152
5858,SAMN03859756|IHMOELHM_02264,2,0.009216589861751152
5859,SAMN03859756|IHMOELHM_02265,2,0.009216589861751152
5860,SAMN03859756|IHMOELHM_02266,2,0.009216589861751152
5861,SAMN03859756|IHMOELHM_02267,2,0.009216589861751152
5862,SAMN03859756|IHMOELHM_02268,2,0.009216589861751152
5863,SAMN03859756|IHMOELHM_02269,1,0.004608294930875576
5864,SAMN03859756|IHMOELHM_02273,2,0.009216589861751152
5865,SAMN03859756|IHMOELHM_02280,2,0.009216589861751152
5866,SAMN03859756|IHMOELHM_02281,2,0.009216589861751152
5867,SAMN03859756|IHMOELHM_02282,3,0.013824884792626729
5868,SAMN03859756|IHMOELHM_02283,3,0.013824884792626729
5869,SAMN03859756|IHMOELHM_02284,3,0.013824884792626729
5870,SAMN03859756|IHMOELHM_02285,3,0.013824884792626729
5871,SAMN03859756|IHMOELHM_02286,3,0.013824884792626729
5872,SAMN03859756|IHMOELHM_02287,3,0.013824884792626729
5873,SAMN03859756|IHMOELHM_02288,3,0.013824884792626729
5874,SAMN03859756|IHMOELHM_02289,3,0.013824884792626729
5875,SAMN03859756|IHMOELHM_02295,125,0.576036866359447
5876,SAMN03859756|IHMOELHM_02301,2,0.009216589861751152
5877,SAMN03859756|IHMOELHM_02305,1,0.004608294930875576
5878,SAMN03859756|IHMOELHM_02363,2,0.009216589861751152
5879,SAMN03859756|IHMOELHM_02377,128,0.5898617511520737
5880,SAMN03859756|IHMOELHM_02380,2,0.009216589861751152
5881,SAMN03859756|IHMOELHM_02410,2,0.009216589861751152
5882,SAMN03859756|IHMOELHM_02415,4,0.018433179723502304
5883,SAMN03859756|IHMOELHM_02444,5,0.02304147465437788
5884,SAMN03859756|IHMOELHM_02445,2,0.009216589861751152
5885,SAMN03859756|IHMOELHM_02447,8,0.03686635944700461
5886,SAMN03859756|IHMOELHM_02469,1,0.004608294930875576
5887,SAMN03859756|IHMOELHM_02470,2,0.009216589861751152
5888,SAMN03859756|IHMOELHM_02471,1,0.004608294930875576
5889,SAMN03859756|IHMOELHM_02472,1,0.004608294930875576
5890,SAMN03859756|IHMOELHM_02491,1,0.004608294930875576
5891,SAMN03859756|IHMOELHM_02509,1,0.004608294930875576
5892,SAMN03859756|IHMOELHM_02510,2,0.009216589861751152
5893,SAMN03859756|IHMOELHM_02511,2,0.009216589861751152
5894,SAMN03859756|IHMOELHM_02536,5,0.02304147465437788
5895,SAMN03859756|IHMOELHM_02537,5,0.02304147465437788
5896,SAMN03859756|IHMOELHM_02538,4,0.018433179723502304
5897,SAMN03859756|IHMOELHM_02549,2,0.009216589861751152
5898,SAMN03859756|IHMOELHM_02567,5,0.02304147465437788
5899,SAMN03859756|IHMOELHM_02578,2,0.009216589861751152
5900,SAMN03859756|IHMOELHM_02579,3,0.013824884792626729
5901,SAMN03859756|IHMOELHM_02584,6,0.027649769585253458
5902,SAMN03859756|IHMOELHM_02585,6,0.027649769585253458
5903,SAMN03859756|IHMOELHM_02608,6,0.027649769585253458
5904,SAMN03859756|IHMOELHM_02629,2,0.009216589861751152
5905,SAMN03859756|IHMOELHM_02631,2,0.009216589861751152
5906,SAMN03859756|IHMOELHM_02632,3,0.013824884792626729
5907,SAMN03859756|IHMOELHM_02633,5,0.02304147465437788
5908,SAMN03859756|IHMOELHM_02642,1,0.004608294930875576
5909,SAMN03859756|IHMOELHM_02659,2,0.009216589861751152
5910,SAMN03859756|IHMOELHM_02662,2,0.009216589861751152
5911,SAMN03859756|IHMOELHM_02663,2,0.009216589861751152
5912,SAMN03859756|IHMOELHM_02667,2,0.009216589861751152
5913,SAMN03859757|EHNPKOOF_00649,1,0.004608294930875576
5914,SAMN03859757|EHNPKOOF_01195,5,0.02304147465437788
5915,SAMN03859757|EHNPKOOF_01249,1,0.004608294930875576
5916,SAMN03859757|EHNPKOOF_01253,3,0.013824884792626729
5917,SAMN03859757|EHNPKOOF_01370,15,0.06912442396313365
5918,SAMN03859757|EHNPKOOF_01458,1,0.004608294930875576
5919,SAMN03859757|EHNPKOOF_01459,1,0.004608294930875576
5920,SAMN03859757|EHNPKOOF_01486,2,0.009216589861751152
5921,SAMN03859757|EHNPKOOF_01653,5,0.02304147465437788
5922,SAMN03859757|EHNPKOOF_01680,1,0.004608294930875576
5923,SAMN03859757|EHNPKOOF_01910,79,0.3640552995391705
5924,SAMN03859757|EHNPKOOF_02025,4,0.018433179723502304
5925,SAMN03859757|EHNPKOOF_02026,4,0.018433179723502304
5926,SAMN03859757|EHNPKOOF_02090,3,0.013824884792626729
5927,SAMN03859757|EHNPKOOF_02091,3,0.013824884792626729
5928,SAMN03859757|EHNPKOOF_02206,1,0.004608294930875576
5929,SAMN03859757|EHNPKOOF_02248,2,0.009216589861751152
5930,SAMN03859757|EHNPKOOF_02370,3,0.013824884792626729
5931,SAMN03859757|EHNPKOOF_02372,4,0.018433179723502304
5932,SAMN03859757|EHNPKOOF_02377,24,0.11059907834101383
5933,SAMN03859757|EHNPKOOF_02387,6,0.027649769585253458
5934,SAMN03859757|EHNPKOOF_02395,4,0.018433179723502304
5935,SAMN03859757|EHNPKOOF_02486,2,0.009216589861751152
5936,SAMN03859757|EHNPKOOF_02526,3,0.013824884792626729
5937,SAMN03859758|LJPNBLBB_00373,1,0.004608294930875576
5938,SAMN03859758|LJPNBLBB_01602,2,0.009216589861751152
5939,SAMN03859758|LJPNBLBB_01604,1,0.004608294930875576
5940,SAMN03859758|LJPNBLBB_01613,1,0.004608294930875576
5941,SAMN03859758|LJPNBLBB_01692,1,0.004608294930875576
5942,SAMN03859758|LJPNBLBB_01798,4,0.018433179723502304
5943,SAMN03859758|LJPNBLBB_01836,171,0.7880184331797235
5944,SAMN03859758|LJPNBLBB_01866,1,0.004608294930875576
5945,SAMN03859758|LJPNBLBB_02000,4,0.018433179723502304
5946,SAMN03859758|LJPNBLBB_02176,2,0.009216589861751152
5947,SAMN03859758|LJPNBLBB_02220,1,0.004608294930875576
5948,SAMN03859758|LJPNBLBB_02255,2,0.009216589861751152
5949,SAMN03859758|LJPNBLBB_02317,1,0.004608294930875576
5950,SAMN03859758|LJPNBLBB_02329,5,0.02304147465437788
5951,SAMN03859758|LJPNBLBB_02442,1,0.004608294930875576
5952,SAMN03859758|LJPNBLBB_02479,1,0.004608294930875576
5953,SAMN03859758|LJPNBLBB_02498,11,0.05069124423963134
5954,SAMN03859758|LJPNBLBB_02533,3,0.013824884792626729
5955,SAMN03859758|LJPNBLBB_02536,1,0.004608294930875576
5956,SAMN03859758|LJPNBLBB_02566,6,0.027649769585253458
5957,SAMN03859759|EEPAPHAF_00005,217,1.0
5958,SAMN03859759|EEPAPHAF_00117,2,0.009216589861751152
5959,SAMN03859759|EEPAPHAF_00118,1,0.004608294930875576
5960,SAMN03859759|EEPAPHAF_00150,4,0.018433179723502304
5961,SAMN03859759|EEPAPHAF_00267,1,0.004608294930875576
5962,SAMN03859759|EEPAPHAF_00331,2,0.009216589861751152
5963,SAMN03859759|EEPAPHAF_00332,13,0.059907834101382486
5964,SAMN03859759|EEPAPHAF_00340,1,0.004608294930875576
5965,SAMN03859759|EEPAPHAF_00341,1,0.004608294930875576
5966,SAMN03859759|EEPAPHAF_00378,5,0.02304147465437788
5967,SAMN03859759|EEPAPHAF_00400,6,0.027649769585253458
5968,SAMN03859759|EEPAPHAF_00401,3,0.013824884792626729
5969,SAMN03859759|EEPAPHAF_00501,52,0.23963133640552994
5970,SAMN03859759|EEPAPHAF_00502,65,0.2995391705069124
5971,SAMN03859759|EEPAPHAF_00505,14,0.06451612903225806
5972,SAMN03859759|EEPAPHAF_00506,4,0.018433179723502304
5973,SAMN03859759|EEPAPHAF_00508,205,0.9447004608294931
5974,SAMN03859759|EEPAPHAF_00518,4,0.018433179723502304
5975,SAMN03859759|EEPAPHAF_00522,4,0.018433179723502304
5976,SAMN03859759|EEPAPHAF_00551,1,0.004608294930875576
5977,SAMN03859759|EEPAPHAF_00552,1,0.004608294930875576
5978,SAMN03859759|EEPAPHAF_00656,2,0.009216589861751152
5979,SAMN03859759|EEPAPHAF_00657,2,0.009216589861751152
5980,SAMN03859759|EEPAPHAF_00701,6,0.027649769585253458
5981,SAMN03859759|EEPAPHAF_00885,216,0.9953917050691244
5982,SAMN03859759|EEPAPHAF_00922,2,0.009216589861751152
5983,SAMN03859759|EEPAPHAF_01136,217,1.0
5984,SAMN03859759|EEPAPHAF_01199,2,0.009216589861751152
5985,SAMN03859759|EEPAPHAF_01200,2,0.009216589861751152
5986,SAMN03859759|EEPAPHAF_01235,214,0.9861751152073732
5987,SAMN03859759|EEPAPHAF_01268,1,0.004608294930875576
5988,SAMN03859759|EEPAPHAF_01371,1,0.004608294930875576
5989,SAMN03859759|EEPAPHAF_01436,1,0.004608294930875576
5990,SAMN03859759|EEPAPHAF_01482,1,0.004608294930875576
5991,SAMN03859759|EEPAPHAF_01510,216,0.9953917050691244
5992,SAMN03859759|EEPAPHAF_01520,4,0.018433179723502304
5993,SAMN03859759|EEPAPHAF_01577,6,0.027649769585253458
5994,SAMN03859759|EEPAPHAF_01622,47,0.21658986175115208
5995,SAMN03859759|EEPAPHAF_01631,215,0.9907834101382489
5996,SAMN03859759|EEPAPHAF_01667,1,0.004608294930875576
5997,SAMN03859759|EEPAPHAF_01708,215,0.9907834101382489
5998,SAMN03859759|EEPAPHAF_01796,3,0.013824884792626729
5999,SAMN03859759|EEPAPHAF_01808,6,0.027649769585253458
6000,SAMN03859759|EEPAPHAF_01882,4,0.018433179723502304
6001,SAMN03859759|EEPAPHAF_01958,8,0.03686635944700461
6002,SAMN03859759|EEPAPHAF_02004,214,0.9861751152073732
6003,SAMN03859759|EEPAPHAF_02123,7,0.03225806451612903
6004,SAMN03859759|EEPAPHAF_02164,197,0.9078341013824884
6005,SAMN03859759|EEPAPHAF_02187,196,0.9032258064516129
6006,SAMN03859759|EEPAPHAF_02195,1,0.004608294930875576
6007,SAMN03859759|EEPAPHAF_02234,25,0.1152073732718894
6008,SAMN03859759|EEPAPHAF_02263,1,0.004608294930875576
6009,SAMN03859759|EEPAPHAF_02273,10,0.04608294930875576
6010,SAMN03859759|EEPAPHAF_02295,1,0.004608294930875576
6011,SAMN03859759|EEPAPHAF_02300,1,0.004608294930875576
6012,SAMN03859759|EEPAPHAF_02301,5,0.02304147465437788
6013,SAMN03859759|EEPAPHAF_02307,2,0.009216589861751152
6014,SAMN03859759|EEPAPHAF_02364,1,0.004608294930875576
6015,SAMN03859759|EEPAPHAF_02389,1,0.004608294930875576
6016,SAMN03859759|EEPAPHAF_02423,1,0.004608294930875576
6017,SAMN03859759|EEPAPHAF_02425,97,0.4470046082949309
6018,SAMN03859759|EEPAPHAF_02496,4,0.018433179723502304
6019,SAMN03859759|EEPAPHAF_02497,2,0.009216589861751152
6020,SAMN03859759|EEPAPHAF_02505,6,0.027649769585253458
6021,SAMN03859759|EEPAPHAF_02509,3,0.013824884792626729
6022,SAMN03859759|EEPAPHAF_02510,4,0.018433179723502304
6023,SAMN03859759|EEPAPHAF_02517,1,0.004608294930875576
6024,SAMN03859759|EEPAPHAF_02520,4,0.018433179723502304
6025,SAMN03859759|EEPAPHAF_02521,5,0.02304147465437788
6026,SAMN03859759|EEPAPHAF_02526,1,0.004608294930875576
6027,SAMN03859759|EEPAPHAF_02536,1,0.004608294930875576
6028,SAMN03859759|EEPAPHAF_02548,1,0.004608294930875576
6029,SAMN03859759|EEPAPHAF_02554,1,0.004608294930875576
6030,SAMN03859759|EEPAPHAF_02571,1,0.004608294930875576
6031,SAMN03859759|EEPAPHAF_02577,1,0.004608294930875576
6032,SAMN03859759|EEPAPHAF_02582,1,0.004608294930875576
6033,SAMN03859759|EEPAPHAF_02585,1,0.004608294930875576
6034,SAMN03859759|EEPAPHAF_02587,1,0.004608294930875576
6035,SAMN03859759|EEPAPHAF_02591,1,0.004608294930875576
6036,SAMN03859759|EEPAPHAF_02602,1,0.004608294930875576
6037,SAMN03859759|EEPAPHAF_02605,1,0.004608294930875576
6038,SAMN03859759|EEPAPHAF_02606,1,0.004608294930875576
6039,SAMN03859760|HOANMLGB_00070,3,0.013824884792626729
6040,SAMN03859760|HOANMLGB_00159,4,0.018433179723502304
6041,SAMN03859760|HOANMLGB_00307,1,0.004608294930875576
6042,SAMN03859760|HOANMLGB_00448,1,0.004608294930875576
6043,SAMN03859760|HOANMLGB_00511,25,0.1152073732718894
6044,SAMN03859760|HOANMLGB_00567,8,0.03686635944700461
6045,SAMN03859760|HOANMLGB_00600,6,0.027649769585253458
6046,SAMN03859760|HOANMLGB_00988,1,0.004608294930875576
6047,SAMN03859760|HOANMLGB_01130,2,0.009216589861751152
6048,SAMN03859760|HOANMLGB_01269,2,0.009216589861751152
6049,SAMN03859760|HOANMLGB_01452,2,0.009216589861751152
6050,SAMN03859760|HOANMLGB_01453,4,0.018433179723502304
6051,SAMN03859760|HOANMLGB_01722,2,0.009216589861751152
6052,SAMN03859760|HOANMLGB_01744,73,0.33640552995391704
6053,SAMN03859760|HOANMLGB_01757,1,0.004608294930875576
6054,SAMN03859760|HOANMLGB_01810,1,0.004608294930875576
6055,SAMN03859760|HOANMLGB_01846,1,0.004608294930875576
6056,SAMN03859760|HOANMLGB_01861,6,0.027649769585253458
6057,SAMN03859760|HOANMLGB_01904,1,0.004608294930875576
6058,SAMN03859760|HOANMLGB_01979,2,0.009216589861751152
6059,SAMN03859760|HOANMLGB_01988,1,0.004608294930875576
6060,SAMN03859760|HOANMLGB_02041,1,0.004608294930875576
6061,SAMN03859760|HOANMLGB_02053,13,0.059907834101382486
6062,SAMN03859760|HOANMLGB_02063,9,0.041474654377880185
6063,SAMN03859760|HOANMLGB_02169,5,0.02304147465437788
6064,SAMN03859760|HOANMLGB_02194,2,0.009216589861751152
6065,SAMN03859760|HOANMLGB_02248,13,0.059907834101382486
6066,SAMN03859760|HOANMLGB_02345,1,0.004608294930875576
6067,SAMN03859760|HOANMLGB_02349,1,0.004608294930875576
6068,SAMN03859760|HOANMLGB_02391,2,0.009216589861751152
6069,SAMN03859760|HOANMLGB_02429,6,0.027649769585253458
6070,SAMN03859760|HOANMLGB_02438,24,0.11059907834101383
6071,SAMN03859760|HOANMLGB_02461,9,0.041474654377880185
6072,SAMN03859760|HOANMLGB_02479,6,0.027649769585253458
6073,SAMN03859760|HOANMLGB_02491,2,0.009216589861751152
6074,SAMN03859760|HOANMLGB_02516,4,0.018433179723502304
6075,SAMN03859760|HOANMLGB_02527,5,0.02304147465437788
6076,SAMN03859760|HOANMLGB_02528,1,0.004608294930875576
6077,SAMN03859760|HOANMLGB_02542,59,0.271889400921659
6078,SAMN03859760|HOANMLGB_02548,3,0.013824884792626729
6079,SAMN03859760|HOANMLGB_02552,2,0.009216589861751152
6080,SAMN03859761|AILMMJMH_00161,1,0.004608294930875576
6081,SAMN03859761|AILMMJMH_00162,1,0.004608294930875576
6082,SAMN03859761|AILMMJMH_00245,1,0.004608294930875576
6083,SAMN03859761|AILMMJMH_00979,3,0.013824884792626729
6084,SAMN03859761|AILMMJMH_00991,1,0.004608294930875576
6085,SAMN03859761|AILMMJMH_00992,1,0.004608294930875576
6086,SAMN03859761|AILMMJMH_01358,1,0.004608294930875576
6087,SAMN03859761|AILMMJMH_01416,4,0.018433179723502304
6088,SAMN03859761|AILMMJMH_01548,1,0.004608294930875576
6089,SAMN03859761|AILMMJMH_01549,1,0.004608294930875576
6090,SAMN03859761|AILMMJMH_01573,1,0.004608294930875576
6091,SAMN03859761|AILMMJMH_01574,1,0.004608294930875576
6092,SAMN03859761|AILMMJMH_01694,21,0.0967741935483871
6093,SAMN03859761|AILMMJMH_01797,1,0.004608294930875576
6094,SAMN03859761|AILMMJMH_01913,2,0.009216589861751152
6095,SAMN03859761|AILMMJMH_01947,1,0.004608294930875576
6096,SAMN03859761|AILMMJMH_02004,2,0.009216589861751152
6097,SAMN03859761|AILMMJMH_02054,1,0.004608294930875576
6098,SAMN03859761|AILMMJMH_02142,1,0.004608294930875576
6099,SAMN03859761|AILMMJMH_02147,10,0.04608294930875576
6100,SAMN03859761|AILMMJMH_02212,11,0.05069124423963134
6101,SAMN03859761|AILMMJMH_02235,4,0.018433179723502304
6102,SAMN03859761|AILMMJMH_02418,5,0.02304147465437788
6103,SAMN03859761|AILMMJMH_02421,6,0.027649769585253458
6104,SAMN03859761|AILMMJMH_02491,2,0.009216589861751152
6105,SAMN03859761|AILMMJMH_02498,2,0.009216589861751152
6106,SAMN03859761|AILMMJMH_02507,1,0.004608294930875576
6107,SAMN03859761|AILMMJMH_02549,1,0.004608294930875576
6108,SAMN03859761|AILMMJMH_02553,2,0.009216589861751152
6109,SAMN03859761|AILMMJMH_02572,1,0.004608294930875576
6110,SAMN03859761|AILMMJMH_02594,1,0.004608294930875576
6111,SAMN03859761|AILMMJMH_02610,1,0.004608294930875576
6112,SAMN03859761|AILMMJMH_02612,3,0.013824884792626729
6113,SAMN03859761|AILMMJMH_02614,12,0.055299539170506916
6114,SAMN03859761|AILMMJMH_02629,1,0.004608294930875576
6115,SAMN03859761|AILMMJMH_02630,4,0.018433179723502304
6116,SAMN03859761|AILMMJMH_02632,2,0.009216589861751152
6117,SAMN03859761|AILMMJMH_02643,1,0.004608294930875576
6118,SAMN03859761|AILMMJMH_02646,1,0.004608294930875576
6119,SAMN03859762|PLOCIFPL_00179,2,0.009216589861751152
6120,SAMN03859762|PLOCIFPL_00407,6,0.027649769585253458
6121,SAMN03859762|PLOCIFPL_00538,2,0.009216589861751152
6122,SAMN03859762|PLOCIFPL_00575,215,0.9907834101382489
6123,SAMN03859762|PLOCIFPL_00576,2,0.009216589861751152
6124,SAMN03859762|PLOCIFPL_00620,1,0.004608294930875576
6125,SAMN03859762|PLOCIFPL_00621,8,0.03686635944700461
6126,SAMN03859762|PLOCIFPL_00939,4,0.018433179723502304
6127,SAMN03859762|PLOCIFPL_01069,1,0.004608294930875576
6128,SAMN03859762|PLOCIFPL_01103,3,0.013824884792626729
6129,SAMN03859762|PLOCIFPL_01257,206,0.9493087557603687
6130,SAMN03859762|PLOCIFPL_01371,1,0.004608294930875576
6131,SAMN03859762|PLOCIFPL_01472,1,0.004608294930875576
6132,SAMN03859762|PLOCIFPL_01566,157,0.7235023041474654
6133,SAMN03859762|PLOCIFPL_01582,2,0.009216589861751152
6134,SAMN03859762|PLOCIFPL_01583,33,0.15207373271889402
6135,SAMN03859762|PLOCIFPL_01876,1,0.004608294930875576
6136,SAMN03859762|PLOCIFPL_01958,2,0.009216589861751152
6137,SAMN03859762|PLOCIFPL_02013,5,0.02304147465437788
6138,SAMN03859762|PLOCIFPL_02143,4,0.018433179723502304
6139,SAMN03859762|PLOCIFPL_02144,4,0.018433179723502304
6140,SAMN03859762|PLOCIFPL_02239,5,0.02304147465437788
6141,SAMN03859762|PLOCIFPL_02240,5,0.02304147465437788
6142,SAMN03859762|PLOCIFPL_02241,4,0.018433179723502304
6143,SAMN03859762|PLOCIFPL_02242,2,0.009216589861751152
6144,SAMN03859762|PLOCIFPL_02243,5,0.02304147465437788
6145,SAMN03859762|PLOCIFPL_02347,2,0.009216589861751152
6146,SAMN03859762|PLOCIFPL_02348,3,0.013824884792626729
6147,SAMN03859762|PLOCIFPL_02430,3,0.013824884792626729
6148,SAMN03859762|PLOCIFPL_02456,4,0.018433179723502304
6149,SAMN03859762|PLOCIFPL_02457,3,0.013824884792626729
6150,SAMN03859762|PLOCIFPL_02461,1,0.004608294930875576
6151,SAMN03859762|PLOCIFPL_02517,2,0.009216589861751152
6152,SAMN03859762|PLOCIFPL_02518,1,0.004608294930875576
6153,SAMN03859762|PLOCIFPL_02519,164,0.7557603686635944
6154,SAMN03859762|PLOCIFPL_02520,4,0.018433179723502304
6155,SAMN03859762|PLOCIFPL_02521,4,0.018433179723502304
6156,SAMN03859762|PLOCIFPL_02543,204,0.9400921658986175
6157,SAMN03859762|PLOCIFPL_02560,2,0.009216589861751152
6158,SAMN03859763|ABJFHMLK_00028,1,0.004608294930875576
6159,SAMN03859763|ABJFHMLK_00029,1,0.004608294930875576
6160,SAMN03859763|ABJFHMLK_00060,1,0.004608294930875576
6161,SAMN03859763|ABJFHMLK_00063,1,0.004608294930875576
6162,SAMN03859763|ABJFHMLK_00080,1,0.004608294930875576
6163,SAMN03859763|ABJFHMLK_00245,4,0.018433179723502304
6164,SAMN03859763|ABJFHMLK_00425,3,0.013824884792626729
6165,SAMN03859763|ABJFHMLK_00435,1,0.004608294930875576
6166,SAMN03859763|ABJFHMLK_00770,1,0.004608294930875576
6167,SAMN03859763|ABJFHMLK_00859,1,0.004608294930875576
6168,SAMN03859763|ABJFHMLK_00900,2,0.009216589861751152
6169,SAMN03859763|ABJFHMLK_00901,1,0.004608294930875576
6170,SAMN03859763|ABJFHMLK_01242,1,0.004608294930875576
6171,SAMN03859763|ABJFHMLK_01327,200,0.9216589861751152
6172,SAMN03859763|ABJFHMLK_01376,1,0.004608294930875576
6173,SAMN03859763|ABJFHMLK_01606,5,0.02304147465437788
6174,SAMN03859763|ABJFHMLK_01693,5,0.02304147465437788
6175,SAMN03859763|ABJFHMLK_01715,1,0.004608294930875576
6176,SAMN03859763|ABJFHMLK_01716,1,0.004608294930875576
6177,SAMN03859763|ABJFHMLK_01719,1,0.004608294930875576
6178,SAMN03859763|ABJFHMLK_01720,2,0.009216589861751152
6179,SAMN03859763|ABJFHMLK_01804,6,0.027649769585253458
6180,SAMN03859763|ABJFHMLK_01945,2,0.009216589861751152
6181,SAMN03859763|ABJFHMLK_02034,1,0.004608294930875576
6182,SAMN03859763|ABJFHMLK_02086,8,0.03686635944700461
6183,SAMN03859763|ABJFHMLK_02150,1,0.004608294930875576
6184,SAMN03859763|ABJFHMLK_02358,1,0.004608294930875576
6185,SAMN03859763|ABJFHMLK_02359,1,0.004608294930875576
6186,SAMN03859763|ABJFHMLK_02399,52,0.23963133640552994
6187,SAMN03859763|ABJFHMLK_02408,2,0.009216589861751152
6188,SAMN03859763|ABJFHMLK_02469,87,0.4009216589861751
6189,SAMN03859763|ABJFHMLK_02481,7,0.03225806451612903
6190,SAMN03859763|ABJFHMLK_02538,3,0.013824884792626729
6191,SAMN03859763|ABJFHMLK_02546,1,0.004608294930875576
6192,SAMN03859763|ABJFHMLK_02552,1,0.004608294930875576
6193,SAMN03859765|KKOGEBLO_00060,140,0.6451612903225806
6194,SAMN03859765|KKOGEBLO_00069,38,0.17511520737327188
6195,SAMN03859765|KKOGEBLO_00284,2,0.009216589861751152
6196,SAMN03859765|KKOGEBLO_00584,1,0.004608294930875576
6197,SAMN03859765|KKOGEBLO_00585,2,0.009216589861751152
6198,SAMN03859765|KKOGEBLO_00945,2,0.009216589861751152
6199,SAMN03859765|KKOGEBLO_01000,1,0.004608294930875576
6200,SAMN03859765|KKOGEBLO_01181,3,0.013824884792626729
6201,SAMN03859765|KKOGEBLO_01182,3,0.013824884792626729
6202,SAMN03859765|KKOGEBLO_01522,1,0.004608294930875576
6203,SAMN03859765|KKOGEBLO_01639,9,0.041474654377880185
6204,SAMN03859765|KKOGEBLO_01766,1,0.004608294930875576
6205,SAMN03859765|KKOGEBLO_01767,1,0.004608294930875576
6206,SAMN03859765|KKOGEBLO_01894,6,0.027649769585253458
6207,SAMN03859765|KKOGEBLO_01895,6,0.027649769585253458
6208,SAMN03859765|KKOGEBLO_01932,1,0.004608294930875576
6209,SAMN03859765|KKOGEBLO_02054,2,0.009216589861751152
6210,SAMN03859765|KKOGEBLO_02146,2,0.009216589861751152
6211,SAMN03859765|KKOGEBLO_02182,1,0.004608294930875576
6212,SAMN03859765|KKOGEBLO_02201,1,0.004608294930875576
6213,SAMN03859765|KKOGEBLO_02213,1,0.004608294930875576
6214,SAMN03859765|KKOGEBLO_02320,1,0.004608294930875576
6215,SAMN03859765|KKOGEBLO_02353,1,0.004608294930875576
6216,SAMN03859765|KKOGEBLO_02357,1,0.004608294930875576
6217,SAMN03859765|KKOGEBLO_02469,3,0.013824884792626729
6218,SAMN03859765|KKOGEBLO_02471,1,0.004608294930875576
6219,SAMN03859765|KKOGEBLO_02492,1,0.004608294930875576
6220,SAMN03859765|KKOGEBLO_02493,1,0.004608294930875576
6221,SAMN03859765|KKOGEBLO_02494,1,0.004608294930875576
6222,SAMN03859765|KKOGEBLO_02504,1,0.004608294930875576
6223,SAMN03859765|KKOGEBLO_02508,3,0.013824884792626729
6224,SAMN03859765|KKOGEBLO_02512,2,0.009216589861751152
6225,SAMN03859765|KKOGEBLO_02519,2,0.009216589861751152
6226,SAMN03859765|KKOGEBLO_02529,5,0.02304147465437788
6227,SAMN03859766|EACHCFHN_00014,1,0.004608294930875576
6228,SAMN03859766|EACHCFHN_00143,1,0.004608294930875576
6229,SAMN03859766|EACHCFHN_00144,1,0.004608294930875576
6230,SAMN03859766|EACHCFHN_00161,1,0.004608294930875576
6231,SAMN03859766|EACHCFHN_00162,1,0.004608294930875576
6232,SAMN03859766|EACHCFHN_00324,1,0.004608294930875576
6233,SAMN03859766|EACHCFHN_00325,1,0.004608294930875576
6234,SAMN03859766|EACHCFHN_00435,2,0.009216589861751152
6235,SAMN03859766|EACHCFHN_00436,1,0.004608294930875576
6236,SAMN03859766|EACHCFHN_00830,1,0.004608294930875576
6237,SAMN03859766|EACHCFHN_00909,1,0.004608294930875576
6238,SAMN03859766|EACHCFHN_00917,1,0.004608294930875576
6239,SAMN03859766|EACHCFHN_01051,216,0.9953917050691244
6240,SAMN03859766|EACHCFHN_01112,4,0.018433179723502304
6241,SAMN03859766|EACHCFHN_01160,1,0.004608294930875576
6242,SAMN03859766|EACHCFHN_01205,3,0.013824884792626729
6243,SAMN03859766|EACHCFHN_01293,217,1.0
6244,SAMN03859766|EACHCFHN_01397,1,0.004608294930875576
6245,SAMN03859766|EACHCFHN_01513,1,0.004608294930875576
6246,SAMN03859766|EACHCFHN_01574,1,0.004608294930875576
6247,SAMN03859766|EACHCFHN_01616,2,0.009216589861751152
6248,SAMN03859766|EACHCFHN_01662,5,0.02304147465437788
6249,SAMN03859766|EACHCFHN_01692,1,0.004608294930875576
6250,SAMN03859766|EACHCFHN_01699,1,0.004608294930875576
6251,SAMN03859766|EACHCFHN_01842,1,0.004608294930875576
6252,SAMN03859766|EACHCFHN_01843,1,0.004608294930875576
6253,SAMN03859766|EACHCFHN_01864,1,0.004608294930875576
6254,SAMN03859766|EACHCFHN_02154,4,0.018433179723502304
6255,SAMN03859766|EACHCFHN_02155,1,0.004608294930875576
6256,SAMN03859766|EACHCFHN_02156,1,0.004608294930875576
6257,SAMN03859766|EACHCFHN_02213,1,0.004608294930875576
6258,SAMN03859766|EACHCFHN_02214,1,0.004608294930875576
6259,SAMN03859766|EACHCFHN_02253,8,0.03686635944700461
6260,SAMN03859766|EACHCFHN_02260,1,0.004608294930875576
6261,SAMN03859766|EACHCFHN_02269,1,0.004608294930875576
6262,SAMN03859766|EACHCFHN_02270,2,0.009216589861751152
6263,SAMN03859766|EACHCFHN_02275,3,0.013824884792626729
6264,SAMN03859766|EACHCFHN_02276,1,0.004608294930875576
6265,SAMN03859766|EACHCFHN_02300,2,0.009216589861751152
6266,SAMN03859766|EACHCFHN_02309,2,0.009216589861751152
6267,SAMN03859766|EACHCFHN_02392,96,0.4423963133640553
6268,SAMN03859766|EACHCFHN_02401,1,0.004608294930875576
6269,SAMN03859766|EACHCFHN_02402,1,0.004608294930875576
6270,SAMN03859766|EACHCFHN_02403,1,0.004608294930875576
6271,SAMN03859766|EACHCFHN_02404,1,0.004608294930875576
6272,SAMN03859766|EACHCFHN_02452,1,0.004608294930875576
6273,SAMN03859766|EACHCFHN_02517,1,0.004608294930875576
6274,SAMN03859766|EACHCFHN_02518,1,0.004608294930875576
6275,SAMN03859766|EACHCFHN_02532,8,0.03686635944700461
6276,SAMN03859766|EACHCFHN_02535,206,0.9493087557603687
6277,SAMN03859766|EACHCFHN_02537,1,0.004608294930875576
6278,SAMN03859766|EACHCFHN_02551,3,0.013824884792626729
6279,SAMN03859766|EACHCFHN_02555,1,0.004608294930875576
6280,SAMN03859766|EACHCFHN_02556,5,0.02304147465437788
6281,SAMN03859766|EACHCFHN_02577,210,0.967741935483871
6282,SAMN03859766|EACHCFHN_02617,4,0.018433179723502304
6283,SAMN03859766|EACHCFHN_02641,1,0.004608294930875576
6284,SAMN03859766|EACHCFHN_02647,1,0.004608294930875576
6285,SAMN03859766|EACHCFHN_02666,1,0.004608294930875576
6286,SAMN03859766|EACHCFHN_02671,2,0.009216589861751152
6287,SAMN03859766|EACHCFHN_02684,6,0.027649769585253458
6288,SAMN03859766|EACHCFHN_02697,1,0.004608294930875576
6289,SAMN03859766|EACHCFHN_02700,1,0.004608294930875576
6290,SAMN03859766|EACHCFHN_02701,1,0.004608294930875576
6291,SAMN03859766|EACHCFHN_02703,1,0.004608294930875576
6292,SAMN03859767|NNEIICGO_00050,3,0.013824884792626729
6293,SAMN03859767|NNEIICGO_00268,1,0.004608294930875576
6294,SAMN03859767|NNEIICGO_00723,1,0.004608294930875576
6295,SAMN03859767|NNEIICGO_00802,1,0.004608294930875576
6296,SAMN03859767|NNEIICGO_00820,1,0.004608294930875576
6297,SAMN03859767|NNEIICGO_00954,5,0.02304147465437788
6298,SAMN03859767|NNEIICGO_01231,4,0.018433179723502304
6299,SAMN03859767|NNEIICGO_01279,6,0.027649769585253458
6300,SAMN03859767|NNEIICGO_01374,212,0.9769585253456221
6301,SAMN03859767|NNEIICGO_01597,1,0.004608294930875576
6302,SAMN03859767|NNEIICGO_01650,1,0.004608294930875576
6303,SAMN03859767|NNEIICGO_01760,2,0.009216589861751152
6304,SAMN03859767|NNEIICGO_02067,2,0.009216589861751152
6305,SAMN03859767|NNEIICGO_02075,4,0.018433179723502304
6306,SAMN03859767|NNEIICGO_02089,1,0.004608294930875576
6307,SAMN03859767|NNEIICGO_02128,2,0.009216589861751152
6308,SAMN03859767|NNEIICGO_02129,6,0.027649769585253458
6309,SAMN03859767|NNEIICGO_02180,1,0.004608294930875576
6310,SAMN03859767|NNEIICGO_02288,1,0.004608294930875576
6311,SAMN03859767|NNEIICGO_02347,2,0.009216589861751152
6312,SAMN03859767|NNEIICGO_02363,3,0.013824884792626729
6313,SAMN03859767|NNEIICGO_02384,2,0.009216589861751152
6314,SAMN03859767|NNEIICGO_02396,3,0.013824884792626729
6315,SAMN03859767|NNEIICGO_02397,4,0.018433179723502304
6316,SAMN03859767|NNEIICGO_02402,2,0.009216589861751152
6317,SAMN03859767|NNEIICGO_02407,3,0.013824884792626729
6318,SAMN03859767|NNEIICGO_02423,217,1.0
6319,SAMN03859767|NNEIICGO_02425,1,0.004608294930875576
6320,SAMN03859767|NNEIICGO_02431,1,0.004608294930875576
6321,SAMN03859767|NNEIICGO_02446,2,0.009216589861751152
6322,SAMN03859767|NNEIICGO_02492,1,0.004608294930875576
6323,SAMN03859767|NNEIICGO_02523,1,0.004608294930875576
6324,SAMN03859767|NNEIICGO_02529,2,0.009216589861751152
6325,SAMN03859767|NNEIICGO_02572,1,0.004608294930875576
6326,SAMN03859767|NNEIICGO_02584,3,0.013824884792626729
6327,SAMN03859767|NNEIICGO_02586,1,0.004608294930875576
6328,SAMN03859767|NNEIICGO_02599,1,0.004608294930875576
6329,SAMN03859767|NNEIICGO_02604,2,0.009216589861751152
6330,SAMN03859767|NNEIICGO_02605,1,0.004608294930875576
6331,SAMN03859767|NNEIICGO_02607,1,0.004608294930875576
6332,SAMN03859767|NNEIICGO_02609,2,0.009216589861751152
6333,SAMN03859769|NCCOKKGE_00001,1,0.004608294930875576
6334,SAMN03859769|NCCOKKGE_00357,3,0.013824884792626729
6335,SAMN03859769|NCCOKKGE_00369,1,0.004608294930875576
6336,SAMN03859769|NCCOKKGE_00370,1,0.004608294930875576
6337,SAMN03859769|NCCOKKGE_00437,1,0.004608294930875576
6338,SAMN03859769|NCCOKKGE_00438,1,0.004608294930875576
6339,SAMN03859769|NCCOKKGE_00488,1,0.004608294930875576
6340,SAMN03859769|NCCOKKGE_00502,2,0.009216589861751152
6341,SAMN03859769|NCCOKKGE_00558,2,0.009216589861751152
6342,SAMN03859769|NCCOKKGE_00670,1,0.004608294930875576
6343,SAMN03859769|NCCOKKGE_01297,1,0.004608294930875576
6344,SAMN03859769|NCCOKKGE_01298,1,0.004608294930875576
6345,SAMN03859769|NCCOKKGE_01438,1,0.004608294930875576
6346,SAMN03859769|NCCOKKGE_01870,1,0.004608294930875576
6347,SAMN03859769|NCCOKKGE_01978,1,0.004608294930875576
6348,SAMN03859769|NCCOKKGE_01979,18,0.08294930875576037
6349,SAMN03859769|NCCOKKGE_02334,26,0.11981566820276497
6350,SAMN03859769|NCCOKKGE_02337,2,0.009216589861751152
6351,SAMN03859769|NCCOKKGE_02338,2,0.009216589861751152
6352,SAMN03859769|NCCOKKGE_02367,1,0.004608294930875576
6353,SAMN03859769|NCCOKKGE_02515,7,0.03225806451612903
6354,SAMN03859769|NCCOKKGE_02519,1,0.004608294930875576
6355,SAMN03859770|KONPBOMF_00017,1,0.004608294930875576
6356,SAMN03859770|KONPBOMF_00170,2,0.009216589861751152
6357,SAMN03859770|KONPBOMF_00271,2,0.009216589861751152
6358,SAMN03859770|KONPBOMF_00619,1,0.004608294930875576
6359,SAMN03859770|KONPBOMF_00620,1,0.004608294930875576
6360,SAMN03859770|KONPBOMF_00741,1,0.004608294930875576
6361,SAMN03859770|KONPBOMF_01293,74,0.34101382488479265
6362,SAMN03859770|KONPBOMF_01877,211,0.9723502304147466
6363,SAMN03859770|KONPBOMF_02267,3,0.013824884792626729
6364,SAMN03859770|KONPBOMF_02588,1,0.004608294930875576
6365,SAMN03859770|KONPBOMF_02589,1,0.004608294930875576
6366,SAMN03859770|KONPBOMF_02678,1,0.004608294930875576
6367,SAMN03859770|KONPBOMF_02686,1,0.004608294930875576
6368,SAMN03859770|KONPBOMF_02699,1,0.004608294930875576
6369,SAMN03859770|KONPBOMF_02706,2,0.009216589861751152
6370,SAMN03859770|KONPBOMF_02708,1,0.004608294930875576
6371,SAMN03859774|KLJJDLCA_00199,1,0.004608294930875576
6372,SAMN03859774|KLJJDLCA_00200,1,0.004608294930875576
6373,SAMN03859774|KLJJDLCA_00233,1,0.004608294930875576
6374,SAMN03859774|KLJJDLCA_00238,2,0.009216589861751152
6375,SAMN03859774|KLJJDLCA_00249,3,0.013824884792626729
6376,SAMN03859774|KLJJDLCA_00250,3,0.013824884792626729
6377,SAMN03859774|KLJJDLCA_00260,1,0.004608294930875576
6378,SAMN03859774|KLJJDLCA_00262,1,0.004608294930875576
6379,SAMN03859774|KLJJDLCA_00263,1,0.004608294930875576
6380,SAMN03859774|KLJJDLCA_00264,2,0.009216589861751152
6381,SAMN03859774|KLJJDLCA_00265,2,0.009216589861751152
6382,SAMN03859774|KLJJDLCA_00269,1,0.004608294930875576
6383,SAMN03859774|KLJJDLCA_01201,1,0.004608294930875576
6384,SAMN03859774|KLJJDLCA_01539,1,0.004608294930875576
6385,SAMN03859774|KLJJDLCA_01552,1,0.004608294930875576
6386,SAMN03859774|KLJJDLCA_01610,3,0.013824884792626729
6387,SAMN03859774|KLJJDLCA_01821,1,0.004608294930875576
6388,SAMN03859774|KLJJDLCA_01964,1,0.004608294930875576
6389,SAMN03859774|KLJJDLCA_01991,1,0.004608294930875576
6390,SAMN03859774|KLJJDLCA_02110,6,0.027649769585253458
6391,SAMN03859774|KLJJDLCA_02142,3,0.013824884792626729
6392,SAMN03859774|KLJJDLCA_02475,1,0.004608294930875576
6393,SAMN03859774|KLJJDLCA_02503,2,0.009216589861751152
6394,SAMN03859774|KLJJDLCA_02510,3,0.013824884792626729
6395,SAMN03859774|KLJJDLCA_02512,1,0.004608294930875576
6396,SAMN03859775|CECPPOMA_00021,10,0.04608294930875576
6397,SAMN03859775|CECPPOMA_00074,14,0.06451612903225806
6398,SAMN03859775|CECPPOMA_00150,2,0.009216589861751152
6399,SAMN03859775|CECPPOMA_00230,9,0.041474654377880185
6400,SAMN03859775|CECPPOMA_00231,9,0.041474654377880185
6401,SAMN03859775|CECPPOMA_00264,2,0.009216589861751152
6402,SAMN03859775|CECPPOMA_00290,9,0.041474654377880185
6403,SAMN03859775|CECPPOMA_00291,9,0.041474654377880185
6404,SAMN03859775|CECPPOMA_00312,1,0.004608294930875576
6405,SAMN03859775|CECPPOMA_00399,6,0.027649769585253458
6406,SAMN03859775|CECPPOMA_00456,9,0.041474654377880185
6407,SAMN03859775|CECPPOMA_00457,10,0.04608294930875576
6408,SAMN03859775|CECPPOMA_00560,9,0.041474654377880185
6409,SAMN03859775|CECPPOMA_00561,1,0.004608294930875576
6410,SAMN03859775|CECPPOMA_00629,1,0.004608294930875576
6411,SAMN03859775|CECPPOMA_00639,21,0.0967741935483871
6412,SAMN03859775|CECPPOMA_00726,12,0.055299539170506916
6413,SAMN03859775|CECPPOMA_00749,26,0.11981566820276497
6414,SAMN03859775|CECPPOMA_00758,4,0.018433179723502304
6415,SAMN03859775|CECPPOMA_00759,1,0.004608294930875576
6416,SAMN03859775|CECPPOMA_00760,3,0.013824884792626729
6417,SAMN03859775|CECPPOMA_00761,3,0.013824884792626729
6418,SAMN03859775|CECPPOMA_00762,3,0.013824884792626729
6419,SAMN03859775|CECPPOMA_00764,3,0.013824884792626729
6420,SAMN03859775|CECPPOMA_00765,3,0.013824884792626729
6421,SAMN03859775|CECPPOMA_00768,1,0.004608294930875576
6422,SAMN03859775|CECPPOMA_00769,1,0.004608294930875576
6423,SAMN03859775|CECPPOMA_00770,1,0.004608294930875576
6424,SAMN03859775|CECPPOMA_00782,4,0.018433179723502304
6425,SAMN03859775|CECPPOMA_00785,1,0.004608294930875576
6426,SAMN03859775|CECPPOMA_00789,1,0.004608294930875576
6427,SAMN03859775|CECPPOMA_00792,1,0.004608294930875576
6428,SAMN03859775|CECPPOMA_00827,34,0.15668202764976957
6429,SAMN03859775|CECPPOMA_00964,2,0.009216589861751152
6430,SAMN03859775|CECPPOMA_01035,6,0.027649769585253458
6431,SAMN03859775|CECPPOMA_01040,13,0.059907834101382486
6432,SAMN03859775|CECPPOMA_01047,1,0.004608294930875576
6433,SAMN03859775|CECPPOMA_01081,2,0.009216589861751152
6434,SAMN03859775|CECPPOMA_01085,6,0.027649769585253458
6435,SAMN03859775|CECPPOMA_01208,1,0.004608294930875576
6436,SAMN03859775|CECPPOMA_01209,1,0.004608294930875576
6437,SAMN03859775|CECPPOMA_01237,2,0.009216589861751152
6438,SAMN03859775|CECPPOMA_01346,2,0.009216589861751152
6439,SAMN03859775|CECPPOMA_01431,2,0.009216589861751152
6440,SAMN03859775|CECPPOMA_01554,6,0.027649769585253458
6441,SAMN03859775|CECPPOMA_01616,6,0.027649769585253458
6442,SAMN03859775|CECPPOMA_01617,1,0.004608294930875576
6443,SAMN03859775|CECPPOMA_01619,5,0.02304147465437788
6444,SAMN03859775|CECPPOMA_01620,8,0.03686635944700461
6445,SAMN03859775|CECPPOMA_01621,10,0.04608294930875576
6446,SAMN03859775|CECPPOMA_01622,9,0.041474654377880185
6447,SAMN03859775|CECPPOMA_01623,10,0.04608294930875576
6448,SAMN03859775|CECPPOMA_01624,9,0.041474654377880185
6449,SAMN03859775|CECPPOMA_01625,8,0.03686635944700461
6450,SAMN03859775|CECPPOMA_01626,10,0.04608294930875576
6451,SAMN03859775|CECPPOMA_01627,10,0.04608294930875576
6452,SAMN03859775|CECPPOMA_01628,10,0.04608294930875576
6453,SAMN03859775|CECPPOMA_01629,1,0.004608294930875576
6454,SAMN03859775|CECPPOMA_01630,1,0.004608294930875576
6455,SAMN03859775|CECPPOMA_01631,10,0.04608294930875576
6456,SAMN03859775|CECPPOMA_01632,1,0.004608294930875576
6457,SAMN03859775|CECPPOMA_01639,9,0.041474654377880185
6458,SAMN03859775|CECPPOMA_01641,10,0.04608294930875576
6459,SAMN03859775|CECPPOMA_01709,8,0.03686635944700461
6460,SAMN03859775|CECPPOMA_01753,2,0.009216589861751152
6461,SAMN03859775|CECPPOMA_01923,1,0.004608294930875576
6462,SAMN03859775|CECPPOMA_01935,217,1.0
6463,SAMN03859775|CECPPOMA_01957,1,0.004608294930875576
6464,SAMN03859775|CECPPOMA_01984,8,0.03686635944700461
6465,SAMN03859775|CECPPOMA_02127,1,0.004608294930875576
6466,SAMN03859775|CECPPOMA_02147,1,0.004608294930875576
6467,SAMN03859775|CECPPOMA_02148,7,0.03225806451612903
6468,SAMN03859775|CECPPOMA_02149,7,0.03225806451612903
6469,SAMN03859775|CECPPOMA_02151,7,0.03225806451612903
6470,SAMN03859775|CECPPOMA_02152,6,0.027649769585253458
6471,SAMN03859775|CECPPOMA_02153,10,0.04608294930875576
6472,SAMN03859775|CECPPOMA_02215,7,0.03225806451612903
6473,SAMN03859775|CECPPOMA_02216,6,0.027649769585253458
6474,SAMN03859775|CECPPOMA_02217,8,0.03686635944700461
6475,SAMN03859775|CECPPOMA_02218,9,0.041474654377880185
6476,SAMN03859775|CECPPOMA_02304,9,0.041474654377880185
6477,SAMN03859775|CECPPOMA_02305,10,0.04608294930875576
6478,SAMN03859775|CECPPOMA_02306,9,0.041474654377880185
6479,SAMN03859775|CECPPOMA_02307,8,0.03686635944700461
6480,SAMN03859775|CECPPOMA_02308,1,0.004608294930875576
6481,SAMN03859775|CECPPOMA_02325,3,0.013824884792626729
6482,SAMN03859775|CECPPOMA_02330,1,0.004608294930875576
6483,SAMN03859775|CECPPOMA_02345,77,0.3548387096774194
6484,SAMN03859775|CECPPOMA_02428,1,0.004608294930875576
6485,SAMN03859775|CECPPOMA_02433,2,0.009216589861751152
6486,SAMN03859775|CECPPOMA_02446,3,0.013824884792626729
6487,SAMN03859775|CECPPOMA_02456,1,0.004608294930875576
6488,SAMN03859775|CECPPOMA_02555,3,0.013824884792626729
6489,SAMN03859775|CECPPOMA_02562,6,0.027649769585253458
6490,SAMN03859775|CECPPOMA_02568,2,0.009216589861751152
6491,SAMN03859775|CECPPOMA_02571,7,0.03225806451612903
6492,SAMN03859775|CECPPOMA_02577,7,0.03225806451612903
6493,SAMN03859775|CECPPOMA_02579,2,0.009216589861751152
6494,SAMN03859775|CECPPOMA_02581,2,0.009216589861751152
6495,SAMN03859775|CECPPOMA_02597,2,0.009216589861751152
6496,SAMN03859775|CECPPOMA_02602,8,0.03686635944700461
6497,SAMN03859775|CECPPOMA_02616,1,0.004608294930875576
6498,SAMN03859775|CECPPOMA_02619,3,0.013824884792626729
6499,SAMN03859775|CECPPOMA_02620,6,0.027649769585253458
6500,SAMN03859775|CECPPOMA_02621,9,0.041474654377880185
6501,SAMN03859775|CECPPOMA_02625,6,0.027649769585253458
6502,SAMN03859776|CGFMALKG_00176,1,0.004608294930875576
6503,SAMN03859776|CGFMALKG_00179,57,0.2626728110599078
6504,SAMN03859776|CGFMALKG_00197,1,0.004608294930875576
6505,SAMN03859776|CGFMALKG_00743,1,0.004608294930875576
6506,SAMN03859776|CGFMALKG_00744,3,0.013824884792626729
6507,SAMN03859776|CGFMALKG_01590,213,0.9815668202764977
6508,SAMN03859776|CGFMALKG_01612,1,0.004608294930875576
6509,SAMN03859776|CGFMALKG_01895,8,0.03686635944700461
6510,SAMN03859776|CGFMALKG_01951,1,0.004608294930875576
6511,SAMN03859776|CGFMALKG_02056,1,0.004608294930875576
6512,SAMN03859776|CGFMALKG_02176,1,0.004608294930875576
6513,SAMN03859776|CGFMALKG_02353,2,0.009216589861751152
6514,SAMN03859776|CGFMALKG_02462,5,0.02304147465437788
6515,SAMN03859776|CGFMALKG_02463,3,0.013824884792626729
6516,SAMN03859776|CGFMALKG_02494,3,0.013824884792626729
6517,SAMN03859776|CGFMALKG_02495,1,0.004608294930875576
6518,SAMN03859776|CGFMALKG_02497,1,0.004608294930875576
6519,SAMN03859776|CGFMALKG_02498,1,0.004608294930875576
6520,SAMN03859776|CGFMALKG_02499,1,0.004608294930875576
6521,SAMN03859776|CGFMALKG_02510,4,0.018433179723502304
6522,SAMN03859776|CGFMALKG_02561,1,0.004608294930875576
6523,SAMN03859776|CGFMALKG_02566,2,0.009216589861751152
6524,SAMN03859777|JIKIOJJN_00242,1,0.004608294930875576
6525,SAMN03859777|JIKIOJJN_00243,1,0.004608294930875576
6526,SAMN03859777|JIKIOJJN_00295,1,0.004608294930875576
6527,SAMN03859777|JIKIOJJN_00296,1,0.004608294930875576
6528,SAMN03859777|JIKIOJJN_00302,1,0.004608294930875576
6529,SAMN03859777|JIKIOJJN_00414,2,0.009216589861751152
6530,SAMN03859777|JIKIOJJN_00547,1,0.004608294930875576
6531,SAMN03859777|JIKIOJJN_00548,1,0.004608294930875576
6532,SAMN03859777|JIKIOJJN_00896,1,0.004608294930875576
6533,SAMN03859777|JIKIOJJN_01023,2,0.009216589861751152
6534,SAMN03859777|JIKIOJJN_01166,1,0.004608294930875576
6535,SAMN03859777|JIKIOJJN_01168,1,0.004608294930875576
6536,SAMN03859777|JIKIOJJN_01216,4,0.018433179723502304
6537,SAMN03859777|JIKIOJJN_01320,216,0.9953917050691244
6538,SAMN03859777|JIKIOJJN_01407,1,0.004608294930875576
6539,SAMN03859777|JIKIOJJN_01598,2,0.009216589861751152
6540,SAMN03859777|JIKIOJJN_01670,1,0.004608294930875576
6541,SAMN03859777|JIKIOJJN_01701,2,0.009216589861751152
6542,SAMN03859777|JIKIOJJN_01991,1,0.004608294930875576
6543,SAMN03859777|JIKIOJJN_02042,1,0.004608294930875576
6544,SAMN03859777|JIKIOJJN_02043,1,0.004608294930875576
6545,SAMN03859777|JIKIOJJN_02057,1,0.004608294930875576
6546,SAMN03859777|JIKIOJJN_02161,3,0.013824884792626729
6547,SAMN03859777|JIKIOJJN_02236,2,0.009216589861751152
6548,SAMN03859777|JIKIOJJN_02255,1,0.004608294930875576
6549,SAMN03859777|JIKIOJJN_02265,1,0.004608294930875576
6550,SAMN03859777|JIKIOJJN_02280,1,0.004608294930875576
6551,SAMN03859777|JIKIOJJN_02306,2,0.009216589861751152
6552,SAMN03859777|JIKIOJJN_02314,1,0.004608294930875576
6553,SAMN03859777|JIKIOJJN_02456,3,0.013824884792626729
6554,SAMN03859777|JIKIOJJN_02509,1,0.004608294930875576
6555,SAMN03859777|JIKIOJJN_02517,2,0.009216589861751152
6556,SAMN03859778|NLCICDEC_00283,2,0.009216589861751152
6557,SAMN03859778|NLCICDEC_00409,1,0.004608294930875576
6558,SAMN03859778|NLCICDEC_00563,1,0.004608294930875576
6559,SAMN03859778|NLCICDEC_00821,205,0.9447004608294931
6560,SAMN03859778|NLCICDEC_00826,3,0.013824884792626729
6561,SAMN03859778|NLCICDEC_00827,3,0.013824884792626729
6562,SAMN03859778|NLCICDEC_00917,1,0.004608294930875576
6563,SAMN03859778|NLCICDEC_01101,2,0.009216589861751152
6564,SAMN03859778|NLCICDEC_01160,2,0.009216589861751152
6565,SAMN03859778|NLCICDEC_01192,1,0.004608294930875576
6566,SAMN03859778|NLCICDEC_01311,1,0.004608294930875576
6567,SAMN03859778|NLCICDEC_01312,1,0.004608294930875576
6568,SAMN03859778|NLCICDEC_01398,3,0.013824884792626729
6569,SAMN03859778|NLCICDEC_01417,1,0.004608294930875576
6570,SAMN03859778|NLCICDEC_01497,1,0.004608294930875576
6571,SAMN03859778|NLCICDEC_01659,1,0.004608294930875576
6572,SAMN03859778|NLCICDEC_01660,3,0.013824884792626729
6573,SAMN03859778|NLCICDEC_01685,1,0.004608294930875576
6574,SAMN03859778|NLCICDEC_01813,3,0.013824884792626729
6575,SAMN03859778|NLCICDEC_01867,1,0.004608294930875576
6576,SAMN03859778|NLCICDEC_01868,3,0.013824884792626729
6577,SAMN03859778|NLCICDEC_01887,1,0.004608294930875576
6578,SAMN03859778|NLCICDEC_01888,1,0.004608294930875576
6579,SAMN03859778|NLCICDEC_01910,1,0.004608294930875576
6580,SAMN03859778|NLCICDEC_01911,5,0.02304147465437788
6581,SAMN03859778|NLCICDEC_01923,217,1.0
6582,SAMN03859778|NLCICDEC_02072,3,0.013824884792626729
6583,SAMN03859778|NLCICDEC_02249,1,0.004608294930875576
6584,SAMN03859778|NLCICDEC_02250,1,0.004608294930875576
6585,SAMN03859778|NLCICDEC_02283,1,0.004608294930875576
6586,SAMN03859778|NLCICDEC_02284,3,0.013824884792626729
6587,SAMN03859778|NLCICDEC_02305,5,0.02304147465437788
6588,SAMN03859778|NLCICDEC_02335,5,0.02304147465437788
6589,SAMN03859778|NLCICDEC_02426,4,0.018433179723502304
6590,SAMN03859778|NLCICDEC_02437,2,0.009216589861751152
6591,SAMN03859778|NLCICDEC_02443,6,0.027649769585253458
6592,SAMN03859778|NLCICDEC_02477,1,0.004608294930875576
6593,SAMN03859778|NLCICDEC_02487,10,0.04608294930875576
6594,SAMN03859778|NLCICDEC_02589,1,0.004608294930875576
6595,SAMN03859778|NLCICDEC_02632,2,0.009216589861751152
6596,SAMN03859778|NLCICDEC_02640,16,0.07373271889400922
6597,SAMN03859778|NLCICDEC_02645,3,0.013824884792626729
6598,SAMN03859778|NLCICDEC_02661,1,0.004608294930875576
6599,SAMN03859778|NLCICDEC_02662,1,0.004608294930875576
6600,SAMN03859778|NLCICDEC_02669,1,0.004608294930875576
6601,SAMN03859778|NLCICDEC_02686,4,0.018433179723502304
6602,SAMN03859778|NLCICDEC_02688,1,0.004608294930875576
6603,SAMN03859783|KEJKAPOI_00851,5,0.02304147465437788
6604,SAMN03859783|KEJKAPOI_01705,1,0.004608294930875576
6605,SAMN03859783|KEJKAPOI_02011,2,0.009216589861751152
6606,SAMN03859783|KEJKAPOI_02099,2,0.009216589861751152
6607,SAMN03859783|KEJKAPOI_02100,1,0.004608294930875576
6608,SAMN03859783|KEJKAPOI_02175,2,0.009216589861751152
6609,SAMN03859783|KEJKAPOI_02220,1,0.004608294930875576
6610,SAMN03859783|KEJKAPOI_02250,3,0.013824884792626729
6611,SAMN03859783|KEJKAPOI_02307,3,0.013824884792626729
6612,SAMN03859783|KEJKAPOI_02378,1,0.004608294930875576
6613,SAMN03859783|KEJKAPOI_02388,1,0.004608294930875576
6614,SAMN03859783|KEJKAPOI_02412,3,0.013824884792626729
6615,SAMN03859783|KEJKAPOI_02445,3,0.013824884792626729
6616,SAMN03859783|KEJKAPOI_02497,1,0.004608294930875576
6617,SAMN03859783|KEJKAPOI_02560,2,0.009216589861751152
6618,SAMN03859783|KEJKAPOI_02578,2,0.009216589861751152
6619,SAMN03859784|JKNEDGPL_00211,1,0.004608294930875576
6620,SAMN03859784|JKNEDGPL_00256,1,0.004608294930875576
6621,SAMN03859784|JKNEDGPL_00258,1,0.004608294930875576
6622,SAMN03859784|JKNEDGPL_00259,82,0.3778801843317972
6623,SAMN03859784|JKNEDGPL_00267,49,0.22580645161290322
6624,SAMN03859784|JKNEDGPL_00273,2,0.009216589861751152
6625,SAMN03859784|JKNEDGPL_00286,1,0.004608294930875576
6626,SAMN03859784|JKNEDGPL_00287,2,0.009216589861751152
6627,SAMN03859784|JKNEDGPL_00289,1,0.004608294930875576
6628,SAMN03859784|JKNEDGPL_00293,103,0.47465437788018433
6629,SAMN03859784|JKNEDGPL_00318,1,0.004608294930875576
6630,SAMN03859784|JKNEDGPL_00319,1,0.004608294930875576
6631,SAMN03859784|JKNEDGPL_00320,1,0.004608294930875576
6632,SAMN03859784|JKNEDGPL_00356,7,0.03225806451612903
6633,SAMN03859784|JKNEDGPL_00394,3,0.013824884792626729
6634,SAMN03859784|JKNEDGPL_00395,1,0.004608294930875576
6635,SAMN03859784|JKNEDGPL_00433,1,0.004608294930875576
6636,SAMN03859784|JKNEDGPL_00460,1,0.004608294930875576
6637,SAMN03859784|JKNEDGPL_00594,214,0.9861751152073732
6638,SAMN03859784|JKNEDGPL_00639,1,0.004608294930875576
6639,SAMN03859784|JKNEDGPL_00640,1,0.004608294930875576
6640,SAMN03859784|JKNEDGPL_00713,1,0.004608294930875576
6641,SAMN03859784|JKNEDGPL_00795,1,0.004608294930875576
6642,SAMN03859784|JKNEDGPL_00810,1,0.004608294930875576
6643,SAMN03859784|JKNEDGPL_00909,4,0.018433179723502304
6644,SAMN03859784|JKNEDGPL_00964,217,1.0
6645,SAMN03859784|JKNEDGPL_01061,3,0.013824884792626729
6646,SAMN03859784|JKNEDGPL_01084,2,0.009216589861751152
6647,SAMN03859784|JKNEDGPL_01085,1,0.004608294930875576
6648,SAMN03859784|JKNEDGPL_01091,22,0.10138248847926268
6649,SAMN03859784|JKNEDGPL_01243,2,0.009216589861751152
6650,SAMN03859784|JKNEDGPL_01351,1,0.004608294930875576
6651,SAMN03859784|JKNEDGPL_01352,1,0.004608294930875576
6652,SAMN03859784|JKNEDGPL_01391,2,0.009216589861751152
6653,SAMN03859784|JKNEDGPL_01410,10,0.04608294930875576
6654,SAMN03859784|JKNEDGPL_01515,6,0.027649769585253458
6655,SAMN03859784|JKNEDGPL_01553,1,0.004608294930875576
6656,SAMN03859784|JKNEDGPL_01621,9,0.041474654377880185
6657,SAMN03859784|JKNEDGPL_01640,217,1.0
6658,SAMN03859784|JKNEDGPL_01694,1,0.004608294930875576
6659,SAMN03859784|JKNEDGPL_01889,1,0.004608294930875576
6660,SAMN03859784|JKNEDGPL_01890,1,0.004608294930875576
6661,SAMN03859784|JKNEDGPL_01902,1,0.004608294930875576
6662,SAMN03859784|JKNEDGPL_01903,211,0.9723502304147466
6663,SAMN03859784|JKNEDGPL_01904,2,0.009216589861751152
6664,SAMN03859784|JKNEDGPL_01936,1,0.004608294930875576
6665,SAMN03859784|JKNEDGPL_02041,1,0.004608294930875576
6666,SAMN03859784|JKNEDGPL_02066,1,0.004608294930875576
6667,SAMN03859784|JKNEDGPL_02067,1,0.004608294930875576
6668,SAMN03859784|JKNEDGPL_02068,1,0.004608294930875576
6669,SAMN03859784|JKNEDGPL_02069,1,0.004608294930875576
6670,SAMN03859784|JKNEDGPL_02070,1,0.004608294930875576
6671,SAMN03859784|JKNEDGPL_02071,1,0.004608294930875576
6672,SAMN03859784|JKNEDGPL_02072,1,0.004608294930875576
6673,SAMN03859784|JKNEDGPL_02073,1,0.004608294930875576
6674,SAMN03859784|JKNEDGPL_02074,1,0.004608294930875576
6675,SAMN03859784|JKNEDGPL_02075,1,0.004608294930875576
6676,SAMN03859784|JKNEDGPL_02121,1,0.004608294930875576
6677,SAMN03859784|JKNEDGPL_02122,1,0.004608294930875576
6678,SAMN03859784|JKNEDGPL_02123,1,0.004608294930875576
6679,SAMN03859784|JKNEDGPL_02124,1,0.004608294930875576
6680,SAMN03859784|JKNEDGPL_02125,1,0.004608294930875576
6681,SAMN03859784|JKNEDGPL_02126,1,0.004608294930875576
6682,SAMN03859784|JKNEDGPL_02127,1,0.004608294930875576
6683,SAMN03859784|JKNEDGPL_02128,1,0.004608294930875576
6684,SAMN03859784|JKNEDGPL_02129,1,0.004608294930875576
6685,SAMN03859784|JKNEDGPL_02130,1,0.004608294930875576
6686,SAMN03859784|JKNEDGPL_02131,1,0.004608294930875576
6687,SAMN03859784|JKNEDGPL_02132,1,0.004608294930875576
6688,SAMN03859784|JKNEDGPL_02134,1,0.004608294930875576
6689,SAMN03859784|JKNEDGPL_02147,1,0.004608294930875576
6690,SAMN03859784|JKNEDGPL_02156,1,0.004608294930875576
6691,SAMN03859784|JKNEDGPL_02243,1,0.004608294930875576
6692,SAMN03859784|JKNEDGPL_02244,1,0.004608294930875576
6693,SAMN03859784|JKNEDGPL_02253,1,0.004608294930875576
6694,SAMN03859784|JKNEDGPL_02254,32,0.14746543778801843
6695,SAMN03859784|JKNEDGPL_02287,1,0.004608294930875576
6696,SAMN03859784|JKNEDGPL_02288,2,0.009216589861751152
6697,SAMN03859784|JKNEDGPL_02293,1,0.004608294930875576
6698,SAMN03859784|JKNEDGPL_02295,7,0.03225806451612903
6699,SAMN03859784|JKNEDGPL_02306,7,0.03225806451612903
6700,SAMN03859784|JKNEDGPL_02308,6,0.027649769585253458
6701,SAMN03859784|JKNEDGPL_02309,1,0.004608294930875576
6702,SAMN03859784|JKNEDGPL_02310,15,0.06912442396313365
6703,SAMN03859784|JKNEDGPL_02361,1,0.004608294930875576
6704,SAMN03859784|JKNEDGPL_02413,1,0.004608294930875576
6705,SAMN03859784|JKNEDGPL_02415,1,0.004608294930875576
6706,SAMN03859784|JKNEDGPL_02416,1,0.004608294930875576
6707,SAMN03859784|JKNEDGPL_02417,1,0.004608294930875576
6708,SAMN03859784|JKNEDGPL_02418,1,0.004608294930875576
6709,SAMN03859784|JKNEDGPL_02419,1,0.004608294930875576
6710,SAMN03859784|JKNEDGPL_02420,1,0.004608294930875576
6711,SAMN03859784|JKNEDGPL_02421,1,0.004608294930875576
6712,SAMN03859784|JKNEDGPL_02440,1,0.004608294930875576
6713,SAMN03859784|JKNEDGPL_02441,1,0.004608294930875576
6714,SAMN03859784|JKNEDGPL_02442,1,0.004608294930875576
6715,SAMN03859784|JKNEDGPL_02445,1,0.004608294930875576
6716,SAMN03859784|JKNEDGPL_02446,1,0.004608294930875576
6717,SAMN03859784|JKNEDGPL_02448,2,0.009216589861751152
6718,SAMN03859784|JKNEDGPL_02449,2,0.009216589861751152
6719,SAMN03859784|JKNEDGPL_02454,1,0.004608294930875576
6720,SAMN03859784|JKNEDGPL_02455,1,0.004608294930875576
6721,SAMN03859784|JKNEDGPL_02459,1,0.004608294930875576
6722,SAMN03859784|JKNEDGPL_02461,1,0.004608294930875576
6723,SAMN03859784|JKNEDGPL_02480,1,0.004608294930875576
6724,SAMN03859784|JKNEDGPL_02481,1,0.004608294930875576
6725,SAMN03859784|JKNEDGPL_02482,1,0.004608294930875576
6726,SAMN03859784|JKNEDGPL_02511,1,0.004608294930875576
6727,SAMN03859784|JKNEDGPL_02512,1,0.004608294930875576
6728,SAMN03859784|JKNEDGPL_02541,1,0.004608294930875576
6729,SAMN03859784|JKNEDGPL_02558,1,0.004608294930875576
6730,SAMN03859784|JKNEDGPL_02559,1,0.004608294930875576
6731,SAMN03859784|JKNEDGPL_02560,1,0.004608294930875576
6732,SAMN03859784|JKNEDGPL_02564,1,0.004608294930875576
6733,SAMN03859784|JKNEDGPL_02565,1,0.004608294930875576
6734,SAMN03859784|JKNEDGPL_02575,9,0.041474654377880185
6735,SAMN03859784|JKNEDGPL_02578,1,0.004608294930875576
6736,SAMN03859784|JKNEDGPL_02583,1,0.004608294930875576
6737,SAMN03859784|JKNEDGPL_02584,1,0.004608294930875576
6738,SAMN03859784|JKNEDGPL_02585,2,0.009216589861751152
6739,SAMN03859784|JKNEDGPL_02593,1,0.004608294930875576
6740,SAMN03859784|JKNEDGPL_02594,1,0.004608294930875576
6741,SAMN03859784|JKNEDGPL_02595,2,0.009216589861751152
6742,SAMN03859784|JKNEDGPL_02597,1,0.004608294930875576
6743,SAMN03859784|JKNEDGPL_02598,1,0.004608294930875576
6744,SAMN03859784|JKNEDGPL_02599,1,0.004608294930875576
6745,SAMN03859784|JKNEDGPL_02601,1,0.004608294930875576
6746,SAMN03859784|JKNEDGPL_02605,7,0.03225806451612903
6747,SAMN03859784|JKNEDGPL_02607,2,0.009216589861751152
6748,SAMN03859784|JKNEDGPL_02623,1,0.004608294930875576
6749,SAMN03859784|JKNEDGPL_02624,1,0.004608294930875576
6750,SAMN03859784|JKNEDGPL_02625,1,0.004608294930875576
6751,SAMN03859784|JKNEDGPL_02626,1,0.004608294930875576
6752,SAMN03859784|JKNEDGPL_02627,1,0.004608294930875576
6753,SAMN03859784|JKNEDGPL_02650,1,0.004608294930875576
6754,SAMN03859784|JKNEDGPL_02659,1,0.004608294930875576
6755,SAMN03859784|JKNEDGPL_02660,1,0.004608294930875576
6756,SAMN03859784|JKNEDGPL_02662,1,0.004608294930875576
6757,SAMN03859784|JKNEDGPL_02663,1,0.004608294930875576
6758,SAMN03859784|JKNEDGPL_02664,1,0.004608294930875576
6759,SAMN03859784|JKNEDGPL_02669,1,0.004608294930875576
6760,SAMN03859784|JKNEDGPL_02673,1,0.004608294930875576
6761,SAMN03859784|JKNEDGPL_02674,1,0.004608294930875576
6762,SAMN03859784|JKNEDGPL_02677,14,0.06451612903225806
6763,SAMN03859784|JKNEDGPL_02678,2,0.009216589861751152
6764,SAMN03859784|JKNEDGPL_02680,1,0.004608294930875576
6765,SAMN03859784|JKNEDGPL_02681,1,0.004608294930875576
6766,SAMN03859784|JKNEDGPL_02682,1,0.004608294930875576
6767,SAMN03859784|JKNEDGPL_02683,1,0.004608294930875576
6768,SAMN03859784|JKNEDGPL_02684,1,0.004608294930875576
6769,SAMN03859784|JKNEDGPL_02686,1,0.004608294930875576
6770,SAMN03859784|JKNEDGPL_02687,2,0.009216589861751152
6771,SAMN03859784|JKNEDGPL_02688,1,0.004608294930875576
6772,SAMN03859785|HMACLIAF_00220,2,0.009216589861751152
6773,SAMN03859785|HMACLIAF_00245,9,0.041474654377880185
6774,SAMN03859785|HMACLIAF_00447,215,0.9907834101382489
6775,SAMN03859785|HMACLIAF_00502,1,0.004608294930875576
6776,SAMN03859785|HMACLIAF_00503,1,0.004608294930875576
6777,SAMN03859785|HMACLIAF_00608,1,0.004608294930875576
6778,SAMN03859785|HMACLIAF_00630,1,0.004608294930875576
6779,SAMN03859785|HMACLIAF_00975,2,0.009216589861751152
6780,SAMN03859785|HMACLIAF_01047,211,0.9723502304147466
6781,SAMN03859785|HMACLIAF_01065,1,0.004608294930875576
6782,SAMN03859785|HMACLIAF_01130,1,0.004608294930875576
6783,SAMN03859785|HMACLIAF_01182,1,0.004608294930875576
6784,SAMN03859785|HMACLIAF_01183,12,0.055299539170506916
6785,SAMN03859785|HMACLIAF_01203,2,0.009216589861751152
6786,SAMN03859785|HMACLIAF_01238,2,0.009216589861751152
6787,SAMN03859785|HMACLIAF_01529,1,0.004608294930875576
6788,SAMN03859785|HMACLIAF_01536,2,0.009216589861751152
6789,SAMN03859785|HMACLIAF_01600,1,0.004608294930875576
6790,SAMN03859785|HMACLIAF_01627,2,0.009216589861751152
6791,SAMN03859785|HMACLIAF_01700,1,0.004608294930875576
6792,SAMN03859785|HMACLIAF_01701,1,0.004608294930875576
6793,SAMN03859785|HMACLIAF_01726,2,0.009216589861751152
6794,SAMN03859785|HMACLIAF_01879,2,0.009216589861751152
6795,SAMN03859785|HMACLIAF_01950,211,0.9723502304147466
6796,SAMN03859785|HMACLIAF_01961,2,0.009216589861751152
6797,SAMN03859785|HMACLIAF_01966,1,0.004608294930875576
6798,SAMN03859785|HMACLIAF_02010,1,0.004608294930875576
6799,SAMN03859785|HMACLIAF_02062,5,0.02304147465437788
6800,SAMN03859785|HMACLIAF_02077,1,0.004608294930875576
6801,SAMN03859785|HMACLIAF_02081,1,0.004608294930875576
6802,SAMN03859785|HMACLIAF_02110,4,0.018433179723502304
6803,SAMN03859785|HMACLIAF_02135,2,0.009216589861751152
6804,SAMN03859785|HMACLIAF_02158,1,0.004608294930875576
6805,SAMN03859785|HMACLIAF_02170,10,0.04608294930875576
6806,SAMN03859785|HMACLIAF_02184,2,0.009216589861751152
6807,SAMN03859785|HMACLIAF_02190,3,0.013824884792626729
6808,SAMN03859785|HMACLIAF_02236,2,0.009216589861751152
6809,SAMN03859785|HMACLIAF_02261,1,0.004608294930875576
6810,SAMN03859785|HMACLIAF_02269,2,0.009216589861751152
6811,SAMN03859785|HMACLIAF_02375,2,0.009216589861751152
6812,SAMN03859785|HMACLIAF_02411,1,0.004608294930875576
6813,SAMN03859785|HMACLIAF_02448,1,0.004608294930875576
6814,SAMN03859785|HMACLIAF_02450,1,0.004608294930875576
6815,SAMN03859785|HMACLIAF_02454,1,0.004608294930875576
6816,SAMN03859785|HMACLIAF_02459,2,0.009216589861751152
6817,SAMN03859785|HMACLIAF_02462,1,0.004608294930875576
6818,SAMN03859785|HMACLIAF_02479,1,0.004608294930875576
6819,SAMN03859785|HMACLIAF_02490,1,0.004608294930875576
6820,SAMN03859785|HMACLIAF_02514,3,0.013824884792626729
6821,SAMN03859785|HMACLIAF_02521,1,0.004608294930875576
6822,SAMN03859785|HMACLIAF_02530,1,0.004608294930875576
6823,SAMN03859785|HMACLIAF_02531,1,0.004608294930875576
6824,SAMN03859785|HMACLIAF_02551,1,0.004608294930875576
6825,SAMN03859785|HMACLIAF_02559,2,0.009216589861751152
6826,SAMN03859785|HMACLIAF_02570,1,0.004608294930875576
6827,SAMN03859785|HMACLIAF_02572,4,0.018433179723502304
6828,SAMN03859786|GEEOPPLH_00295,4,0.018433179723502304
6829,SAMN03859786|GEEOPPLH_00787,1,0.004608294930875576
6830,SAMN03859786|GEEOPPLH_00946,1,0.004608294930875576
6831,SAMN03859786|GEEOPPLH_00947,1,0.004608294930875576
6832,SAMN03859786|GEEOPPLH_01087,1,0.004608294930875576
6833,SAMN03859786|GEEOPPLH_01468,2,0.009216589861751152
6834,SAMN03859786|GEEOPPLH_01611,1,0.004608294930875576
6835,SAMN03859786|GEEOPPLH_01680,1,0.004608294930875576
6836,SAMN03859786|GEEOPPLH_02220,2,0.009216589861751152
6837,SAMN03859786|GEEOPPLH_02300,5,0.02304147465437788
6838,SAMN03859786|GEEOPPLH_02394,1,0.004608294930875576
6839,SAMN03859786|GEEOPPLH_02444,1,0.004608294930875576
6840,SAMN03859786|GEEOPPLH_02565,1,0.004608294930875576
6841,SAMN03859786|GEEOPPLH_02570,2,0.009216589861751152
6842,SAMN03859786|GEEOPPLH_02578,1,0.004608294930875576
6843,SAMN03859786|GEEOPPLH_02725,1,0.004608294930875576
6844,SAMN03859786|GEEOPPLH_02726,1,0.004608294930875576
6845,SAMN03859786|GEEOPPLH_02735,4,0.018433179723502304
6846,SAMN03859787|ECBIOONM_00043,216,0.9953917050691244
6847,SAMN03859787|ECBIOONM_00191,1,0.004608294930875576
6848,SAMN03859787|ECBIOONM_00342,1,0.004608294930875576
6849,SAMN03859787|ECBIOONM_00457,1,0.004608294930875576
6850,SAMN03859787|ECBIOONM_00458,3,0.013824884792626729
6851,SAMN03859787|ECBIOONM_00582,1,0.004608294930875576
6852,SAMN03859787|ECBIOONM_00583,1,0.004608294930875576
6853,SAMN03859787|ECBIOONM_00584,1,0.004608294930875576
6854,SAMN03859787|ECBIOONM_00593,1,0.004608294930875576
6855,SAMN03859787|ECBIOONM_00596,214,0.9861751152073732
6856,SAMN03859787|ECBIOONM_00615,1,0.004608294930875576
6857,SAMN03859787|ECBIOONM_00690,215,0.9907834101382489
6858,SAMN03859787|ECBIOONM_00716,217,1.0
6859,SAMN03859787|ECBIOONM_00797,1,0.004608294930875576
6860,SAMN03859787|ECBIOONM_00817,1,0.004608294930875576
6861,SAMN03859787|ECBIOONM_00877,1,0.004608294930875576
6862,SAMN03859787|ECBIOONM_00892,87,0.4009216589861751
6863,SAMN03859787|ECBIOONM_00938,217,1.0
6864,SAMN03859787|ECBIOONM_00944,1,0.004608294930875576
6865,SAMN03859787|ECBIOONM_00950,214,0.9861751152073732
6866,SAMN03859787|ECBIOONM_00965,1,0.004608294930875576
6867,SAMN03859787|ECBIOONM_00982,1,0.004608294930875576
6868,SAMN03859787|ECBIOONM_00983,1,0.004608294930875576
6869,SAMN03859787|ECBIOONM_01073,214,0.9861751152073732
6870,SAMN03859787|ECBIOONM_01126,217,1.0
6871,SAMN03859787|ECBIOONM_01182,1,0.004608294930875576
6872,SAMN03859787|ECBIOONM_01183,1,0.004608294930875576
6873,SAMN03859787|ECBIOONM_01273,34,0.15668202764976957
6874,SAMN03859787|ECBIOONM_01280,1,0.004608294930875576
6875,SAMN03859787|ECBIOONM_01315,2,0.009216589861751152
6876,SAMN03859787|ECBIOONM_01352,1,0.004608294930875576
6877,SAMN03859787|ECBIOONM_01353,1,0.004608294930875576
6878,SAMN03859787|ECBIOONM_01358,1,0.004608294930875576
6879,SAMN03859787|ECBIOONM_01399,1,0.004608294930875576
6880,SAMN03859787|ECBIOONM_01466,1,0.004608294930875576
6881,SAMN03859787|ECBIOONM_01595,1,0.004608294930875576
6882,SAMN03859787|ECBIOONM_01660,1,0.004608294930875576
6883,SAMN03859787|ECBIOONM_01661,1,0.004608294930875576
6884,SAMN03859787|ECBIOONM_01807,94,0.43317972350230416
6885,SAMN03859787|ECBIOONM_01808,3,0.013824884792626729
6886,SAMN03859787|ECBIOONM_01876,1,0.004608294930875576
6887,SAMN03859787|ECBIOONM_01920,1,0.004608294930875576
6888,SAMN03859787|ECBIOONM_02033,1,0.004608294930875576
6889,SAMN03859787|ECBIOONM_02044,1,0.004608294930875576
6890,SAMN03859787|ECBIOONM_02084,215,0.9907834101382489
6891,SAMN03859787|ECBIOONM_02153,2,0.009216589861751152
6892,SAMN03859787|ECBIOONM_02154,2,0.009216589861751152
6893,SAMN03859787|ECBIOONM_02306,1,0.004608294930875576
6894,SAMN03859787|ECBIOONM_02307,1,0.004608294930875576
6895,SAMN03859787|ECBIOONM_02330,1,0.004608294930875576
6896,SAMN03859787|ECBIOONM_02389,4,0.018433179723502304
6897,SAMN03859787|ECBIOONM_02427,209,0.9631336405529954
6898,SAMN03859787|ECBIOONM_02433,1,0.004608294930875576
6899,SAMN03859787|ECBIOONM_02471,1,0.004608294930875576
6900,SAMN03859787|ECBIOONM_02472,1,0.004608294930875576
6901,SAMN03859787|ECBIOONM_02477,49,0.22580645161290322
6902,SAMN03859787|ECBIOONM_02489,1,0.004608294930875576
6903,SAMN03859787|ECBIOONM_02514,1,0.004608294930875576
6904,SAMN03859787|ECBIOONM_02525,1,0.004608294930875576
6905,SAMN03859787|ECBIOONM_02527,7,0.03225806451612903
6906,SAMN03859787|ECBIOONM_02577,1,0.004608294930875576
6907,SAMN03859787|ECBIOONM_02580,1,0.004608294930875576
6908,SAMN03859787|ECBIOONM_02582,1,0.004608294930875576
6909,SAMN03859789|FDAGIEKN_00046,2,0.009216589861751152
6910,SAMN03859789|FDAGIEKN_00047,2,0.009216589861751152
6911,SAMN03859789|FDAGIEKN_00078,1,0.004608294930875576
6912,SAMN03859789|FDAGIEKN_00079,1,0.004608294930875576
6913,SAMN03859789|FDAGIEKN_00494,1,0.004608294930875576
6914,SAMN03859789|FDAGIEKN_00829,8,0.03686635944700461
6915,SAMN03859789|FDAGIEKN_00974,2,0.009216589861751152
6916,SAMN03859789|FDAGIEKN_01661,5,0.02304147465437788
6917,SAMN03859789|FDAGIEKN_01829,3,0.013824884792626729
6918,SAMN03859789|FDAGIEKN_01849,4,0.018433179723502304
6919,SAMN03859789|FDAGIEKN_01998,4,0.018433179723502304
6920,SAMN03859789|FDAGIEKN_02022,3,0.013824884792626729
6921,SAMN03859789|FDAGIEKN_02034,1,0.004608294930875576
6922,SAMN03859789|FDAGIEKN_02148,1,0.004608294930875576
6923,SAMN03859789|FDAGIEKN_02259,4,0.018433179723502304
6924,SAMN03859789|FDAGIEKN_02268,1,0.004608294930875576
6925,SAMN03859789|FDAGIEKN_02291,1,0.004608294930875576
6926,SAMN03859789|FDAGIEKN_02293,9,0.041474654377880185
6927,SAMN03859789|FDAGIEKN_02297,3,0.013824884792626729
6928,SAMN03859789|FDAGIEKN_02305,2,0.009216589861751152
6929,SAMN03859789|FDAGIEKN_02322,1,0.004608294930875576
6930,SAMN03859789|FDAGIEKN_02323,1,0.004608294930875576
6931,SAMN03859789|FDAGIEKN_02329,1,0.004608294930875576
6932,SAMN03859789|FDAGIEKN_02330,1,0.004608294930875576
6933,SAMN03859789|FDAGIEKN_02359,1,0.004608294930875576
6934,SAMN03859789|FDAGIEKN_02480,3,0.013824884792626729
6935,SAMN03859789|FDAGIEKN_02541,2,0.009216589861751152
6936,SAMN03859789|FDAGIEKN_02566,1,0.004608294930875576
6937,SAMN03859789|FDAGIEKN_02571,1,0.004608294930875576
6938,SAMN03859789|FDAGIEKN_02622,1,0.004608294930875576
6939,SAMN03859789|FDAGIEKN_02624,1,0.004608294930875576
6940,SAMN03859789|FDAGIEKN_02641,1,0.004608294930875576
6941,SAMN03859789|FDAGIEKN_02642,1,0.004608294930875576
6942,SAMN03859789|FDAGIEKN_02655,1,0.004608294930875576
6943,SAMN03859789|FDAGIEKN_02658,1,0.004608294930875576
6944,SAMN03859790|EEHNJILJ_00023,1,0.004608294930875576
6945,SAMN03859790|EEHNJILJ_00024,1,0.004608294930875576
6946,SAMN03859790|EEHNJILJ_00156,1,0.004608294930875576
6947,SAMN03859790|EEHNJILJ_00225,2,0.009216589861751152
6948,SAMN03859790|EEHNJILJ_00281,1,0.004608294930875576
6949,SAMN03859790|EEHNJILJ_00454,1,0.004608294930875576
6950,SAMN03859790|EEHNJILJ_00479,1,0.004608294930875576
6951,SAMN03859790|EEHNJILJ_00480,1,0.004608294930875576
6952,SAMN03859790|EEHNJILJ_00539,7,0.03225806451612903
6953,SAMN03859790|EEHNJILJ_00664,1,0.004608294930875576
6954,SAMN03859790|EEHNJILJ_00665,1,0.004608294930875576
6955,SAMN03859790|EEHNJILJ_00675,1,0.004608294930875576
6956,SAMN03859790|EEHNJILJ_00859,1,0.004608294930875576
6957,SAMN03859790|EEHNJILJ_00860,1,0.004608294930875576
6958,SAMN03859790|EEHNJILJ_01248,2,0.009216589861751152
6959,SAMN03859790|EEHNJILJ_01401,1,0.004608294930875576
6960,SAMN03859790|EEHNJILJ_01402,1,0.004608294930875576
6961,SAMN03859790|EEHNJILJ_01403,2,0.009216589861751152
6962,SAMN03859790|EEHNJILJ_01445,7,0.03225806451612903
6963,SAMN03859790|EEHNJILJ_01961,1,0.004608294930875576
6964,SAMN03859790|EEHNJILJ_02013,1,0.004608294930875576
6965,SAMN03859790|EEHNJILJ_02026,1,0.004608294930875576
6966,SAMN03859790|EEHNJILJ_02043,1,0.004608294930875576
6967,SAMN03859790|EEHNJILJ_02059,159,0.7327188940092166
6968,SAMN03859790|EEHNJILJ_02161,1,0.004608294930875576
6969,SAMN03859790|EEHNJILJ_02162,2,0.009216589861751152
6970,SAMN03859790|EEHNJILJ_02163,2,0.009216589861751152
6971,SAMN03859790|EEHNJILJ_02320,1,0.004608294930875576
6972,SAMN03859790|EEHNJILJ_02390,1,0.004608294930875576
6973,SAMN03859790|EEHNJILJ_02430,1,0.004608294930875576
6974,SAMN03859790|EEHNJILJ_02533,2,0.009216589861751152
6975,SAMN03859790|EEHNJILJ_02613,5,0.02304147465437788
6976,SAMN03859790|EEHNJILJ_02620,3,0.013824884792626729
6977,SAMN03859790|EEHNJILJ_02621,4,0.018433179723502304
6978,SAMN03859792|JODHMGPL_00324,14,0.06451612903225806
6979,SAMN03859792|JODHMGPL_00333,6,0.027649769585253458
6980,SAMN03859792|JODHMGPL_00383,5,0.02304147465437788
6981,SAMN03859792|JODHMGPL_00474,1,0.004608294930875576
6982,SAMN03859792|JODHMGPL_00475,1,0.004608294930875576
6983,SAMN03859792|JODHMGPL_00831,7,0.03225806451612903
6984,SAMN03859792|JODHMGPL_00832,4,0.018433179723502304
6985,SAMN03859792|JODHMGPL_00877,4,0.018433179723502304
6986,SAMN03859792|JODHMGPL_00880,4,0.018433179723502304
6987,SAMN03859792|JODHMGPL_01050,5,0.02304147465437788
6988,SAMN03859792|JODHMGPL_01051,5,0.02304147465437788
6989,SAMN03859792|JODHMGPL_01088,1,0.004608294930875576
6990,SAMN03859792|JODHMGPL_01089,1,0.004608294930875576
6991,SAMN03859792|JODHMGPL_01154,1,0.004608294930875576
6992,SAMN03859792|JODHMGPL_01155,1,0.004608294930875576
6993,SAMN03859792|JODHMGPL_01172,214,0.9861751152073732
6994,SAMN03859792|JODHMGPL_01229,5,0.02304147465437788
6995,SAMN03859792|JODHMGPL_01233,4,0.018433179723502304
6996,SAMN03859792|JODHMGPL_01280,4,0.018433179723502304
6997,SAMN03859792|JODHMGPL_01329,2,0.009216589861751152
6998,SAMN03859792|JODHMGPL_01904,213,0.9815668202764977
6999,SAMN03859792|JODHMGPL_02018,3,0.013824884792626729
7000,SAMN03859792|JODHMGPL_02069,2,0.009216589861751152
7001,SAMN03859792|JODHMGPL_02161,6,0.027649769585253458
7002,SAMN03859792|JODHMGPL_02162,5,0.02304147465437788
7003,SAMN03859792|JODHMGPL_02166,2,0.009216589861751152
7004,SAMN03859792|JODHMGPL_02194,6,0.027649769585253458
7005,SAMN03859792|JODHMGPL_02218,1,0.004608294930875576
7006,SAMN03859792|JODHMGPL_02328,1,0.004608294930875576
7007,SAMN03859792|JODHMGPL_02329,1,0.004608294930875576
7008,SAMN03859792|JODHMGPL_02340,2,0.009216589861751152
7009,SAMN03859792|JODHMGPL_02357,5,0.02304147465437788
7010,SAMN03859792|JODHMGPL_02372,2,0.009216589861751152
7011,SAMN03859792|JODHMGPL_02450,1,0.004608294930875576
7012,SAMN03859792|JODHMGPL_02524,27,0.12442396313364056
7013,SAMN03859792|JODHMGPL_02539,12,0.055299539170506916
7014,SAMN03859792|JODHMGPL_02548,3,0.013824884792626729
7015,SAMN03859792|JODHMGPL_02555,2,0.009216589861751152
7016,SAMN03859792|JODHMGPL_02576,1,0.004608294930875576
7017,SAMN03859793|GLAMPAGH_00001,1,0.004608294930875576
7018,SAMN03859793|GLAMPAGH_00115,1,0.004608294930875576
7019,SAMN03859793|GLAMPAGH_00251,2,0.009216589861751152
7020,SAMN03859793|GLAMPAGH_00292,1,0.004608294930875576
7021,SAMN03859793|GLAMPAGH_00434,7,0.03225806451612903
7022,SAMN03859793|GLAMPAGH_00435,1,0.004608294930875576
7023,SAMN03859793|GLAMPAGH_00727,215,0.9907834101382489
7024,SAMN03859793|GLAMPAGH_00778,1,0.004608294930875576
7025,SAMN03859793|GLAMPAGH_00779,1,0.004608294930875576
7026,SAMN03859793|GLAMPAGH_00825,217,1.0
7027,SAMN03859793|GLAMPAGH_01030,1,0.004608294930875576
7028,SAMN03859793|GLAMPAGH_01031,1,0.004608294930875576
7029,SAMN03859793|GLAMPAGH_01106,1,0.004608294930875576
7030,SAMN03859793|GLAMPAGH_01232,1,0.004608294930875576
7031,SAMN03859793|GLAMPAGH_01310,1,0.004608294930875576
7032,SAMN03859793|GLAMPAGH_01347,1,0.004608294930875576
7033,SAMN03859793|GLAMPAGH_01351,1,0.004608294930875576
7034,SAMN03859793|GLAMPAGH_01425,2,0.009216589861751152
7035,SAMN03859793|GLAMPAGH_01453,1,0.004608294930875576
7036,SAMN03859793|GLAMPAGH_01553,1,0.004608294930875576
7037,SAMN03859793|GLAMPAGH_01596,1,0.004608294930875576
7038,SAMN03859793|GLAMPAGH_01871,2,0.009216589861751152
7039,SAMN03859793|GLAMPAGH_01880,1,0.004608294930875576
7040,SAMN03859793|GLAMPAGH_01948,1,0.004608294930875576
7041,SAMN03859793|GLAMPAGH_01951,2,0.009216589861751152
7042,SAMN03859793|GLAMPAGH_01988,1,0.004608294930875576
7043,SAMN03859793|GLAMPAGH_02004,1,0.004608294930875576
7044,SAMN03859793|GLAMPAGH_02006,1,0.004608294930875576
7045,SAMN03859793|GLAMPAGH_02007,1,0.004608294930875576
7046,SAMN03859793|GLAMPAGH_02032,1,0.004608294930875576
7047,SAMN03859793|GLAMPAGH_02089,1,0.004608294930875576
7048,SAMN03859793|GLAMPAGH_02176,2,0.009216589861751152
7049,SAMN03859793|GLAMPAGH_02198,1,0.004608294930875576
7050,SAMN03859793|GLAMPAGH_02206,1,0.004608294930875576
7051,SAMN03859793|GLAMPAGH_02263,2,0.009216589861751152
7052,SAMN03859793|GLAMPAGH_02273,1,0.004608294930875576
7053,SAMN03859793|GLAMPAGH_02274,1,0.004608294930875576
7054,SAMN03859793|GLAMPAGH_02282,1,0.004608294930875576
7055,SAMN03859793|GLAMPAGH_02330,1,0.004608294930875576
7056,SAMN03859793|GLAMPAGH_02365,1,0.004608294930875576
7057,SAMN03859793|GLAMPAGH_02383,1,0.004608294930875576
7058,SAMN03859793|GLAMPAGH_02420,1,0.004608294930875576
7059,SAMN03859793|GLAMPAGH_02424,2,0.009216589861751152
7060,SAMN03859793|GLAMPAGH_02516,1,0.004608294930875576
7061,SAMN03859793|GLAMPAGH_02523,1,0.004608294930875576
7062,SAMN03859793|GLAMPAGH_02535,2,0.009216589861751152
7063,SAMN03859793|GLAMPAGH_02537,1,0.004608294930875576
7064,SAMN03859793|GLAMPAGH_02594,1,0.004608294930875576
7065,SAMN03859793|GLAMPAGH_02602,1,0.004608294930875576
7066,SAMN03859794|PGLJGIHO_00123,3,0.013824884792626729
7067,SAMN03859794|PGLJGIHO_00255,2,0.009216589861751152
7068,SAMN03859794|PGLJGIHO_01918,2,0.009216589861751152
7069,SAMN03859794|PGLJGIHO_02260,1,0.004608294930875576
7070,SAMN03859794|PGLJGIHO_02447,2,0.009216589861751152
7071,SAMN03859794|PGLJGIHO_02509,1,0.004608294930875576
7072,SAMN03859794|PGLJGIHO_02516,3,0.013824884792626729
7073,SAMN03859794|PGLJGIHO_02538,2,0.009216589861751152
7074,SAMN03859794|PGLJGIHO_02550,3,0.013824884792626729
7075,SAMN03859794|PGLJGIHO_02552,1,0.004608294930875576
7076,SAMN03859794|PGLJGIHO_02557,1,0.004608294930875576
7077,SAMN03859794|PGLJGIHO_02558,1,0.004608294930875576
7078,SAMN03859795|ODPBJEIC_00001,1,0.004608294930875576
7079,SAMN03859795|ODPBJEIC_00134,1,0.004608294930875576
7080,SAMN03859795|ODPBJEIC_00421,1,0.004608294930875576
7081,SAMN03859795|ODPBJEIC_00719,1,0.004608294930875576
7082,SAMN03859795|ODPBJEIC_00879,1,0.004608294930875576
7083,SAMN03859795|ODPBJEIC_00983,1,0.004608294930875576
7084,SAMN03859795|ODPBJEIC_01025,210,0.967741935483871
7085,SAMN03859795|ODPBJEIC_01059,1,0.004608294930875576
7086,SAMN03859795|ODPBJEIC_01282,2,0.009216589861751152
7087,SAMN03859795|ODPBJEIC_01384,1,0.004608294930875576
7088,SAMN03859795|ODPBJEIC_01423,1,0.004608294930875576
7089,SAMN03859795|ODPBJEIC_01495,1,0.004608294930875576
7090,SAMN03859795|ODPBJEIC_01518,1,0.004608294930875576
7091,SAMN03859795|ODPBJEIC_01676,1,0.004608294930875576
7092,SAMN03859795|ODPBJEIC_01806,1,0.004608294930875576
7093,SAMN03859795|ODPBJEIC_01821,1,0.004608294930875576
7094,SAMN03859795|ODPBJEIC_01934,2,0.009216589861751152
7095,SAMN03859795|ODPBJEIC_01947,1,0.004608294930875576
7096,SAMN03859795|ODPBJEIC_01967,1,0.004608294930875576
7097,SAMN03859795|ODPBJEIC_02110,1,0.004608294930875576
7098,SAMN03859795|ODPBJEIC_02142,1,0.004608294930875576
7099,SAMN03859795|ODPBJEIC_02156,1,0.004608294930875576
7100,SAMN03859795|ODPBJEIC_02363,1,0.004608294930875576
7101,SAMN03859795|ODPBJEIC_02397,1,0.004608294930875576
7102,SAMN03859795|ODPBJEIC_02412,1,0.004608294930875576
7103,SAMN03859795|ODPBJEIC_02481,2,0.009216589861751152
7104,SAMN03859795|ODPBJEIC_02490,3,0.013824884792626729
7105,SAMN03859795|ODPBJEIC_02495,2,0.009216589861751152
7106,SAMN03859795|ODPBJEIC_02517,3,0.013824884792626729
7107,SAMN03859795|ODPBJEIC_02534,1,0.004608294930875576
7108,SAMN03859795|ODPBJEIC_02542,1,0.004608294930875576
7109,SAMN03859796|LIFPNLIO_00910,172,0.7926267281105991
7110,SAMN03859796|LIFPNLIO_00914,1,0.004608294930875576
7111,SAMN03859796|LIFPNLIO_00962,1,0.004608294930875576
7112,SAMN03859796|LIFPNLIO_01084,2,0.009216589861751152
7113,SAMN03859796|LIFPNLIO_01358,1,0.004608294930875576
7114,SAMN03859796|LIFPNLIO_01359,1,0.004608294930875576
7115,SAMN03859796|LIFPNLIO_01592,1,0.004608294930875576
7116,SAMN03859796|LIFPNLIO_01635,1,0.004608294930875576
7117,SAMN03859796|LIFPNLIO_01661,1,0.004608294930875576
7118,SAMN03859796|LIFPNLIO_01662,1,0.004608294930875576
7119,SAMN03859796|LIFPNLIO_01749,21,0.0967741935483871
7120,SAMN03859796|LIFPNLIO_01871,1,0.004608294930875576
7121,SAMN03859796|LIFPNLIO_01907,1,0.004608294930875576
7122,SAMN03859796|LIFPNLIO_02055,1,0.004608294930875576
7123,SAMN03859796|LIFPNLIO_02138,1,0.004608294930875576
7124,SAMN03859796|LIFPNLIO_02281,1,0.004608294930875576
7125,SAMN03859796|LIFPNLIO_02311,1,0.004608294930875576
7126,SAMN03859796|LIFPNLIO_02448,3,0.013824884792626729
7127,SAMN03859796|LIFPNLIO_02460,1,0.004608294930875576
7128,SAMN03859796|LIFPNLIO_02475,59,0.271889400921659
7129,SAMN03859796|LIFPNLIO_02476,1,0.004608294930875576
7130,SAMN03859796|LIFPNLIO_02540,1,0.004608294930875576
7131,SAMN03859796|LIFPNLIO_02586,1,0.004608294930875576
7132,SAMN03859796|LIFPNLIO_02599,1,0.004608294930875576
7133,SAMN03859796|LIFPNLIO_02645,1,0.004608294930875576
7134,SAMN03859796|LIFPNLIO_02646,3,0.013824884792626729
7135,SAMN03859796|LIFPNLIO_02658,1,0.004608294930875576
7136,SAMN03859796|LIFPNLIO_02664,3,0.013824884792626729
7137,SAMN03859796|LIFPNLIO_02665,3,0.013824884792626729
7138,SAMN03859796|LIFPNLIO_02666,1,0.004608294930875576
7139,SAMN03859796|LIFPNLIO_02677,1,0.004608294930875576
7140,SAMN03859796|LIFPNLIO_02699,1,0.004608294930875576
7141,SAMN03859797|ABHKKIPG_00193,1,0.004608294930875576
7142,SAMN03859797|ABHKKIPG_00194,1,0.004608294930875576
7143,SAMN03859797|ABHKKIPG_00378,1,0.004608294930875576
7144,SAMN03859797|ABHKKIPG_00413,1,0.004608294930875576
7145,SAMN03859797|ABHKKIPG_00479,216,0.9953917050691244
7146,SAMN03859797|ABHKKIPG_00600,2,0.009216589861751152
7147,SAMN03859797|ABHKKIPG_00912,1,0.004608294930875576
7148,SAMN03859797|ABHKKIPG_00913,1,0.004608294930875576
7149,SAMN03859797|ABHKKIPG_01161,5,0.02304147465437788
7150,SAMN03859797|ABHKKIPG_01188,1,0.004608294930875576
7151,SAMN03859797|ABHKKIPG_01280,7,0.03225806451612903
7152,SAMN03859797|ABHKKIPG_01330,182,0.8387096774193549
7153,SAMN03859797|ABHKKIPG_01357,1,0.004608294930875576
7154,SAMN03859797|ABHKKIPG_01654,1,0.004608294930875576
7155,SAMN03859797|ABHKKIPG_01655,1,0.004608294930875576
7156,SAMN03859797|ABHKKIPG_01696,1,0.004608294930875576
7157,SAMN03859797|ABHKKIPG_01744,6,0.027649769585253458
7158,SAMN03859797|ABHKKIPG_01750,2,0.009216589861751152
7159,SAMN03859797|ABHKKIPG_01751,2,0.009216589861751152
7160,SAMN03859797|ABHKKIPG_01754,1,0.004608294930875576
7161,SAMN03859797|ABHKKIPG_01756,1,0.004608294930875576
7162,SAMN03859797|ABHKKIPG_01888,1,0.004608294930875576
7163,SAMN03859797|ABHKKIPG_02034,3,0.013824884792626729
7164,SAMN03859797|ABHKKIPG_02036,1,0.004608294930875576
7165,SAMN03859797|ABHKKIPG_02074,1,0.004608294930875576
7166,SAMN03859797|ABHKKIPG_02131,2,0.009216589861751152
7167,SAMN03859797|ABHKKIPG_02132,2,0.009216589861751152
7168,SAMN03859797|ABHKKIPG_02145,6,0.027649769585253458
7169,SAMN03859797|ABHKKIPG_02148,5,0.02304147465437788
7170,SAMN03859797|ABHKKIPG_02204,3,0.013824884792626729
7171,SAMN03859797|ABHKKIPG_02236,211,0.9723502304147466
7172,SAMN03859797|ABHKKIPG_02269,6,0.027649769585253458
7173,SAMN03859797|ABHKKIPG_02270,4,0.018433179723502304
7174,SAMN03859797|ABHKKIPG_02309,2,0.009216589861751152
7175,SAMN03859797|ABHKKIPG_02349,1,0.004608294930875576
7176,SAMN03859797|ABHKKIPG_02372,7,0.03225806451612903
7177,SAMN03859797|ABHKKIPG_02382,114,0.5253456221198156
7178,SAMN03859797|ABHKKIPG_02387,10,0.04608294930875576
7179,SAMN03859797|ABHKKIPG_02391,1,0.004608294930875576
7180,SAMN03859797|ABHKKIPG_02426,6,0.027649769585253458
7181,SAMN03859797|ABHKKIPG_02427,2,0.009216589861751152
7182,SAMN03859797|ABHKKIPG_02468,3,0.013824884792626729
7183,SAMN03859797|ABHKKIPG_02494,1,0.004608294930875576
7184,SAMN03859798|GGCFMNHG_00405,1,0.004608294930875576
7185,SAMN03859798|GGCFMNHG_00494,1,0.004608294930875576
7186,SAMN03859798|GGCFMNHG_00495,1,0.004608294930875576
7187,SAMN03859798|GGCFMNHG_00584,1,0.004608294930875576
7188,SAMN03859798|GGCFMNHG_00919,1,0.004608294930875576
7189,SAMN03859798|GGCFMNHG_01418,2,0.009216589861751152
7190,SAMN03859798|GGCFMNHG_01614,1,0.004608294930875576
7191,SAMN03859798|GGCFMNHG_01672,1,0.004608294930875576
7192,SAMN03859798|GGCFMNHG_01673,1,0.004608294930875576
7193,SAMN03859798|GGCFMNHG_02185,2,0.009216589861751152
7194,SAMN03859798|GGCFMNHG_02207,1,0.004608294930875576
7195,SAMN03859798|GGCFMNHG_02214,4,0.018433179723502304
7196,SAMN03859798|GGCFMNHG_02262,2,0.009216589861751152
7197,SAMN03859798|GGCFMNHG_02412,1,0.004608294930875576
7198,SAMN03859798|GGCFMNHG_02418,1,0.004608294930875576
7199,SAMN03859798|GGCFMNHG_02510,1,0.004608294930875576
7200,SAMN03859798|GGCFMNHG_02527,1,0.004608294930875576
7201,SAMN03859798|GGCFMNHG_02528,1,0.004608294930875576
7202,SAMN03859798|GGCFMNHG_02538,2,0.009216589861751152
7203,SAMN03859798|GGCFMNHG_02539,2,0.009216589861751152
7204,SAMN03859798|GGCFMNHG_02540,4,0.018433179723502304
7205,SAMN03859798|GGCFMNHG_02541,4,0.018433179723502304
7206,SAMN03859798|GGCFMNHG_02542,1,0.004608294930875576
7207,SAMN03859798|GGCFMNHG_02561,2,0.009216589861751152
7208,SAMN03859798|GGCFMNHG_02567,1,0.004608294930875576
7209,SAMN03859798|GGCFMNHG_02617,2,0.009216589861751152
7210,SAMN03859798|GGCFMNHG_02635,1,0.004608294930875576
7211,SAMN03859798|GGCFMNHG_02638,1,0.004608294930875576
7212,SAMN03859798|GGCFMNHG_02640,1,0.004608294930875576
7213,SAMN03859798|GGCFMNHG_02653,2,0.009216589861751152
7214,SAMN03859798|GGCFMNHG_02664,1,0.004608294930875576
7215,SAMN03859799|EJPKAKAL_00193,1,0.004608294930875576
7216,SAMN03859799|EJPKAKAL_00303,213,0.9815668202764977
7217,SAMN03859799|EJPKAKAL_00363,2,0.009216589861751152
7218,SAMN03859799|EJPKAKAL_00364,6,0.027649769585253458
7219,SAMN03859799|EJPKAKAL_00533,8,0.03686635944700461
7220,SAMN03859799|EJPKAKAL_00787,106,0.48847926267281105
7221,SAMN03859799|EJPKAKAL_00868,1,0.004608294930875576
7222,SAMN03859799|EJPKAKAL_00890,1,0.004608294930875576
7223,SAMN03859799|EJPKAKAL_01245,5,0.02304147465437788
7224,SAMN03859799|EJPKAKAL_01679,1,0.004608294930875576
7225,SAMN03859799|EJPKAKAL_01751,1,0.004608294930875576
7226,SAMN03859799|EJPKAKAL_02023,6,0.027649769585253458
7227,SAMN03859799|EJPKAKAL_02102,196,0.9032258064516129
7228,SAMN03859799|EJPKAKAL_02205,5,0.02304147465437788
7229,SAMN03859799|EJPKAKAL_02228,1,0.004608294930875576
7230,SAMN03859799|EJPKAKAL_02284,1,0.004608294930875576
7231,SAMN03859799|EJPKAKAL_02454,1,0.004608294930875576
7232,SAMN03859799|EJPKAKAL_02459,1,0.004608294930875576
7233,SAMN03859799|EJPKAKAL_02481,2,0.009216589861751152
7234,SAMN03859799|EJPKAKAL_02490,6,0.027649769585253458
7235,SAMN03859800|GNCFKIII_00045,104,0.4792626728110599
7236,SAMN03859800|GNCFKIII_00393,2,0.009216589861751152
7237,SAMN03859800|GNCFKIII_00729,1,0.004608294930875576
7238,SAMN03859800|GNCFKIII_00730,1,0.004608294930875576
7239,SAMN03859800|GNCFKIII_00808,1,0.004608294930875576
7240,SAMN03859800|GNCFKIII_01105,1,0.004608294930875576
7241,SAMN03859800|GNCFKIII_01317,1,0.004608294930875576
7242,SAMN03859800|GNCFKIII_01375,1,0.004608294930875576
7243,SAMN03859800|GNCFKIII_01433,1,0.004608294930875576
7244,SAMN03859800|GNCFKIII_01698,1,0.004608294930875576
7245,SAMN03859800|GNCFKIII_01910,3,0.013824884792626729
7246,SAMN03859800|GNCFKIII_01926,1,0.004608294930875576
7247,SAMN03859800|GNCFKIII_02028,1,0.004608294930875576
7248,SAMN03859800|GNCFKIII_02118,1,0.004608294930875576
7249,SAMN03859800|GNCFKIII_02217,1,0.004608294930875576
7250,SAMN03859800|GNCFKIII_02249,1,0.004608294930875576
7251,SAMN03859800|GNCFKIII_02315,6,0.027649769585253458
7252,SAMN03859800|GNCFKIII_02334,1,0.004608294930875576
7253,SAMN03859800|GNCFKIII_02335,1,0.004608294930875576
7254,SAMN03859800|GNCFKIII_02364,2,0.009216589861751152
7255,SAMN03859800|GNCFKIII_02399,1,0.004608294930875576
7256,SAMN03859800|GNCFKIII_02489,1,0.004608294930875576
7257,SAMN03859800|GNCFKIII_02543,1,0.004608294930875576
7258,SAMN03859800|GNCFKIII_02556,1,0.004608294930875576
7259,SAMN03859800|GNCFKIII_02582,1,0.004608294930875576
7260,SAMN03859800|GNCFKIII_02640,1,0.004608294930875576
7261,SAMN03859800|GNCFKIII_02641,1,0.004608294930875576
7262,SAMN03859800|GNCFKIII_02645,1,0.004608294930875576
7263,SAMN03859800|GNCFKIII_02655,2,0.009216589861751152
7264,SAMN03859800|GNCFKIII_02658,1,0.004608294930875576
7265,SAMN03859800|GNCFKIII_02668,76,0.35023041474654376
7266,SAMN03859801|EGHIDMCM_00153,1,0.004608294930875576
7267,SAMN03859801|EGHIDMCM_00901,1,0.004608294930875576
7268,SAMN03859801|EGHIDMCM_01316,1,0.004608294930875576
7269,SAMN03859801|EGHIDMCM_01317,1,0.004608294930875576
7270,SAMN03859801|EGHIDMCM_01379,1,0.004608294930875576
7271,SAMN03859801|EGHIDMCM_01388,19,0.08755760368663594
7272,SAMN03859801|EGHIDMCM_01443,1,0.004608294930875576
7273,SAMN03859801|EGHIDMCM_01768,200,0.9216589861751152
7274,SAMN03859801|EGHIDMCM_01896,1,0.004608294930875576
7275,SAMN03859801|EGHIDMCM_01897,1,0.004608294930875576
7276,SAMN03859801|EGHIDMCM_02164,1,0.004608294930875576
7277,SAMN03859801|EGHIDMCM_02265,217,1.0
7278,SAMN03859801|EGHIDMCM_02285,2,0.009216589861751152
7279,SAMN03859801|EGHIDMCM_02391,1,0.004608294930875576
7280,SAMN03859801|EGHIDMCM_02392,1,0.004608294930875576
7281,SAMN03859801|EGHIDMCM_02432,1,0.004608294930875576
7282,SAMN03859801|EGHIDMCM_02572,3,0.013824884792626729
7283,SAMN03859801|EGHIDMCM_02577,2,0.009216589861751152
7284,SAMN03859801|EGHIDMCM_02589,1,0.004608294930875576
7285,SAMN03859802|LGABAHCB_00150,1,0.004608294930875576
7286,SAMN03859802|LGABAHCB_00645,1,0.004608294930875576
7287,SAMN03859802|LGABAHCB_00646,1,0.004608294930875576
7288,SAMN03859802|LGABAHCB_00779,2,0.009216589861751152
7289,SAMN03859802|LGABAHCB_00905,13,0.059907834101382486
7290,SAMN03859802|LGABAHCB_01074,211,0.9723502304147466
7291,SAMN03859802|LGABAHCB_01174,101,0.46543778801843316
7292,SAMN03859802|LGABAHCB_01178,1,0.004608294930875576
7293,SAMN03859802|LGABAHCB_01301,8,0.03686635944700461
7294,SAMN03859802|LGABAHCB_01380,1,0.004608294930875576
7295,SAMN03859802|LGABAHCB_01381,1,0.004608294930875576
7296,SAMN03859802|LGABAHCB_01384,3,0.013824884792626729
7297,SAMN03859802|LGABAHCB_01702,5,0.02304147465437788
7298,SAMN03859802|LGABAHCB_02120,1,0.004608294930875576
7299,SAMN03859802|LGABAHCB_02340,1,0.004608294930875576
7300,SAMN03859802|LGABAHCB_02352,2,0.009216589861751152
7301,SAMN03859802|LGABAHCB_02389,2,0.009216589861751152
7302,SAMN03859802|LGABAHCB_02493,2,0.009216589861751152
7303,SAMN03859802|LGABAHCB_02550,1,0.004608294930875576
7304,SAMN03859802|LGABAHCB_02606,1,0.004608294930875576
7305,SAMN03859802|LGABAHCB_02638,1,0.004608294930875576
7306,SAMN03859802|LGABAHCB_02646,4,0.018433179723502304
7307,SAMN03859803|PIOJDCHA_00085,1,0.004608294930875576
7308,SAMN03859803|PIOJDCHA_00086,1,0.004608294930875576
7309,SAMN03859803|PIOJDCHA_00344,1,0.004608294930875576
7310,SAMN03859803|PIOJDCHA_00829,2,0.009216589861751152
7311,SAMN03859803|PIOJDCHA_00863,1,0.004608294930875576
7312,SAMN03859803|PIOJDCHA_00966,2,0.009216589861751152
7313,SAMN03859803|PIOJDCHA_01095,1,0.004608294930875576
7314,SAMN03859803|PIOJDCHA_01300,1,0.004608294930875576
7315,SAMN03859803|PIOJDCHA_01369,217,1.0
7316,SAMN03859803|PIOJDCHA_01531,2,0.009216589861751152
7317,SAMN03859803|PIOJDCHA_01544,1,0.004608294930875576
7318,SAMN03859803|PIOJDCHA_01570,1,0.004608294930875576
7319,SAMN03859803|PIOJDCHA_01578,1,0.004608294930875576
7320,SAMN03859803|PIOJDCHA_01579,1,0.004608294930875576
7321,SAMN03859803|PIOJDCHA_01580,1,0.004608294930875576
7322,SAMN03859803|PIOJDCHA_01581,1,0.004608294930875576
7323,SAMN03859803|PIOJDCHA_01582,1,0.004608294930875576
7324,SAMN03859803|PIOJDCHA_01583,1,0.004608294930875576
7325,SAMN03859803|PIOJDCHA_01584,2,0.009216589861751152
7326,SAMN03859803|PIOJDCHA_01615,210,0.967741935483871
7327,SAMN03859803|PIOJDCHA_01622,1,0.004608294930875576
7328,SAMN03859803|PIOJDCHA_01748,1,0.004608294930875576
7329,SAMN03859803|PIOJDCHA_01918,10,0.04608294930875576
7330,SAMN03859803|PIOJDCHA_01984,1,0.004608294930875576
7331,SAMN03859803|PIOJDCHA_01988,3,0.013824884792626729
7332,SAMN03859803|PIOJDCHA_01989,2,0.009216589861751152
7333,SAMN03859803|PIOJDCHA_02052,1,0.004608294930875576
7334,SAMN03859803|PIOJDCHA_02053,1,0.004608294930875576
7335,SAMN03859803|PIOJDCHA_02124,1,0.004608294930875576
7336,SAMN03859803|PIOJDCHA_02125,1,0.004608294930875576
7337,SAMN03859803|PIOJDCHA_02189,1,0.004608294930875576
7338,SAMN03859803|PIOJDCHA_02190,1,0.004608294930875576
7339,SAMN03859803|PIOJDCHA_02191,1,0.004608294930875576
7340,SAMN03859803|PIOJDCHA_02220,1,0.004608294930875576
7341,SAMN03859803|PIOJDCHA_02222,1,0.004608294930875576
7342,SAMN03859803|PIOJDCHA_02223,1,0.004608294930875576
7343,SAMN03859803|PIOJDCHA_02224,1,0.004608294930875576
7344,SAMN03859803|PIOJDCHA_02225,1,0.004608294930875576
7345,SAMN03859803|PIOJDCHA_02226,1,0.004608294930875576
7346,SAMN03859803|PIOJDCHA_02227,1,0.004608294930875576
7347,SAMN03859803|PIOJDCHA_02326,1,0.004608294930875576
7348,SAMN03859803|PIOJDCHA_02396,2,0.009216589861751152
7349,SAMN03859803|PIOJDCHA_02400,1,0.004608294930875576
7350,SAMN03859803|PIOJDCHA_02507,4,0.018433179723502304
7351,SAMN03859803|PIOJDCHA_02517,1,0.004608294930875576
7352,SAMN03859803|PIOJDCHA_02548,1,0.004608294930875576
7353,SAMN03859803|PIOJDCHA_02549,1,0.004608294930875576
7354,SAMN03859803|PIOJDCHA_02563,2,0.009216589861751152
7355,SAMN03859803|PIOJDCHA_02571,2,0.009216589861751152
7356,SAMN03859805|BHJABPJB_00159,1,0.004608294930875576
7357,SAMN03859805|BHJABPJB_00359,1,0.004608294930875576
7358,SAMN03859805|BHJABPJB_00360,1,0.004608294930875576
7359,SAMN03859805|BHJABPJB_00474,1,0.004608294930875576
7360,SAMN03859805|BHJABPJB_00585,1,0.004608294930875576
7361,SAMN03859805|BHJABPJB_00586,1,0.004608294930875576
7362,SAMN03859805|BHJABPJB_00683,178,0.8202764976958525
7363,SAMN03859805|BHJABPJB_00837,1,0.004608294930875576
7364,SAMN03859805|BHJABPJB_01567,1,0.004608294930875576
7365,SAMN03859805|BHJABPJB_02017,1,0.004608294930875576
7366,SAMN03859805|BHJABPJB_02098,1,0.004608294930875576
7367,SAMN03859805|BHJABPJB_02115,2,0.009216589861751152
7368,SAMN03859805|BHJABPJB_02116,1,0.004608294930875576
7369,SAMN03859805|BHJABPJB_02156,1,0.004608294930875576
7370,SAMN03859805|BHJABPJB_02217,1,0.004608294930875576
7371,SAMN03859805|BHJABPJB_02218,1,0.004608294930875576
7372,SAMN03859805|BHJABPJB_02243,1,0.004608294930875576
7373,SAMN03859805|BHJABPJB_02244,1,0.004608294930875576
7374,SAMN03859805|BHJABPJB_02465,1,0.004608294930875576
7375,SAMN03859805|BHJABPJB_02512,1,0.004608294930875576
7376,SAMN03859805|BHJABPJB_02673,4,0.018433179723502304
7377,SAMN03859805|BHJABPJB_02691,1,0.004608294930875576
7378,SAMN03859806|MDFABFMP_00267,105,0.4838709677419355
7379,SAMN03859806|MDFABFMP_00362,2,0.009216589861751152
7380,SAMN03859806|MDFABFMP_00577,1,0.004608294930875576
7381,SAMN03859806|MDFABFMP_00578,1,0.004608294930875576
7382,SAMN03859806|MDFABFMP_00824,1,0.004608294930875576
7383,SAMN03859806|MDFABFMP_00825,1,0.004608294930875576
7384,SAMN03859806|MDFABFMP_00879,214,0.9861751152073732
7385,SAMN03859806|MDFABFMP_00913,1,0.004608294930875576
7386,SAMN03859806|MDFABFMP_00984,4,0.018433179723502304
7387,SAMN03859806|MDFABFMP_01163,1,0.004608294930875576
7388,SAMN03859806|MDFABFMP_01164,1,0.004608294930875576
7389,SAMN03859806|MDFABFMP_01390,3,0.013824884792626729
7390,SAMN03859806|MDFABFMP_01399,1,0.004608294930875576
7391,SAMN03859806|MDFABFMP_01400,1,0.004608294930875576
7392,SAMN03859806|MDFABFMP_01450,2,0.009216589861751152
7393,SAMN03859806|MDFABFMP_01525,100,0.4608294930875576
7394,SAMN03859806|MDFABFMP_01549,3,0.013824884792626729
7395,SAMN03859806|MDFABFMP_01550,1,0.004608294930875576
7396,SAMN03859806|MDFABFMP_01690,1,0.004608294930875576
7397,SAMN03859806|MDFABFMP_01773,1,0.004608294930875576
7398,SAMN03859806|MDFABFMP_01991,2,0.009216589861751152
7399,SAMN03859806|MDFABFMP_02000,2,0.009216589861751152
7400,SAMN03859806|MDFABFMP_02022,1,0.004608294930875576
7401,SAMN03859806|MDFABFMP_02034,2,0.009216589861751152
7402,SAMN03859806|MDFABFMP_02052,2,0.009216589861751152
7403,SAMN03859806|MDFABFMP_02084,3,0.013824884792626729
7404,SAMN03859806|MDFABFMP_02113,3,0.013824884792626729
7405,SAMN03859806|MDFABFMP_02182,3,0.013824884792626729
7406,SAMN03859806|MDFABFMP_02196,1,0.004608294930875576
7407,SAMN03859806|MDFABFMP_02224,1,0.004608294930875576
7408,SAMN03859806|MDFABFMP_02225,2,0.009216589861751152
7409,SAMN03859806|MDFABFMP_02235,2,0.009216589861751152
7410,SAMN03859806|MDFABFMP_02239,4,0.018433179723502304
7411,SAMN03859806|MDFABFMP_02250,1,0.004608294930875576
7412,SAMN03859806|MDFABFMP_02308,1,0.004608294930875576
7413,SAMN03859806|MDFABFMP_02312,2,0.009216589861751152
7414,SAMN03859806|MDFABFMP_02317,1,0.004608294930875576
7415,SAMN03859806|MDFABFMP_02356,4,0.018433179723502304
7416,SAMN03859806|MDFABFMP_02361,1,0.004608294930875576
7417,SAMN03859806|MDFABFMP_02362,1,0.004608294930875576
7418,SAMN03859806|MDFABFMP_02365,1,0.004608294930875576
7419,SAMN03859806|MDFABFMP_02389,3,0.013824884792626729
7420,SAMN03859806|MDFABFMP_02422,4,0.018433179723502304
7421,SAMN03859806|MDFABFMP_02425,4,0.018433179723502304
7422,SAMN03859806|MDFABFMP_02445,2,0.009216589861751152
7423,SAMN03859806|MDFABFMP_02450,1,0.004608294930875576
7424,SAMN03859806|MDFABFMP_02453,1,0.004608294930875576
7425,SAMN03859806|MDFABFMP_02470,3,0.013824884792626729
7426,SAMN03859807|LKJOCAEL_00218,2,0.009216589861751152
7427,SAMN03859807|LKJOCAEL_00219,1,0.004608294930875576
7428,SAMN03859807|LKJOCAEL_00297,1,0.004608294930875576
7429,SAMN03859807|LKJOCAEL_00299,1,0.004608294930875576
7430,SAMN03859807|LKJOCAEL_00330,1,0.004608294930875576
7431,SAMN03859807|LKJOCAEL_00331,1,0.004608294930875576
7432,SAMN03859807|LKJOCAEL_00407,1,0.004608294930875576
7433,SAMN03859807|LKJOCAEL_01017,1,0.004608294930875576
7434,SAMN03859807|LKJOCAEL_01078,2,0.009216589861751152
7435,SAMN03859807|LKJOCAEL_01087,4,0.018433179723502304
7436,SAMN03859807|LKJOCAEL_01258,2,0.009216589861751152
7437,SAMN03859807|LKJOCAEL_01259,2,0.009216589861751152
7438,SAMN03859807|LKJOCAEL_01260,3,0.013824884792626729
7439,SAMN03859807|LKJOCAEL_01267,2,0.009216589861751152
7440,SAMN03859807|LKJOCAEL_01466,1,0.004608294930875576
7441,SAMN03859807|LKJOCAEL_01940,3,0.013824884792626729
7442,SAMN03859807|LKJOCAEL_02120,2,0.009216589861751152
7443,SAMN03859807|LKJOCAEL_02181,1,0.004608294930875576
7444,SAMN03859807|LKJOCAEL_02182,1,0.004608294930875576
7445,SAMN03859807|LKJOCAEL_02208,2,0.009216589861751152
7446,SAMN03859807|LKJOCAEL_02293,2,0.009216589861751152
7447,SAMN03859807|LKJOCAEL_02303,6,0.027649769585253458
7448,SAMN03859807|LKJOCAEL_02368,2,0.009216589861751152
7449,SAMN03859807|LKJOCAEL_02520,3,0.013824884792626729
7450,SAMN03859807|LKJOCAEL_02528,2,0.009216589861751152
7451,SAMN03859807|LKJOCAEL_02594,17,0.07834101382488479
7452,SAMN03859808|BCAHDDFB_00011,1,0.004608294930875576
7453,SAMN03859808|BCAHDDFB_00012,1,0.004608294930875576
7454,SAMN03859808|BCAHDDFB_00140,1,0.004608294930875576
7455,SAMN03859808|BCAHDDFB_00141,1,0.004608294930875576
7456,SAMN03859808|BCAHDDFB_00206,4,0.018433179723502304
7457,SAMN03859808|BCAHDDFB_00681,1,0.004608294930875576
7458,SAMN03859808|BCAHDDFB_00682,1,0.004608294930875576
7459,SAMN03859808|BCAHDDFB_00685,202,0.9308755760368663
7460,SAMN03859808|BCAHDDFB_00764,1,0.004608294930875576
7461,SAMN03859808|BCAHDDFB_00861,1,0.004608294930875576
7462,SAMN03859808|BCAHDDFB_01115,96,0.4423963133640553
7463,SAMN03859808|BCAHDDFB_01135,1,0.004608294930875576
7464,SAMN03859808|BCAHDDFB_01159,29,0.1336405529953917
7465,SAMN03859808|BCAHDDFB_01166,1,0.004608294930875576
7466,SAMN03859808|BCAHDDFB_01310,2,0.009216589861751152
7467,SAMN03859808|BCAHDDFB_01361,2,0.009216589861751152
7468,SAMN03859808|BCAHDDFB_01565,1,0.004608294930875576
7469,SAMN03859808|BCAHDDFB_01724,1,0.004608294930875576
7470,SAMN03859808|BCAHDDFB_01725,1,0.004608294930875576
7471,SAMN03859808|BCAHDDFB_01757,1,0.004608294930875576
7472,SAMN03859808|BCAHDDFB_01893,1,0.004608294930875576
7473,SAMN03859808|BCAHDDFB_01904,1,0.004608294930875576
7474,SAMN03859808|BCAHDDFB_02009,1,0.004608294930875576
7475,SAMN03859808|BCAHDDFB_02056,3,0.013824884792626729
7476,SAMN03859808|BCAHDDFB_02074,1,0.004608294930875576
7477,SAMN03859808|BCAHDDFB_02129,4,0.018433179723502304
7478,SAMN03859808|BCAHDDFB_02130,3,0.013824884792626729
7479,SAMN03859808|BCAHDDFB_02131,1,0.004608294930875576
7480,SAMN03859808|BCAHDDFB_02147,1,0.004608294930875576
7481,SAMN03859808|BCAHDDFB_02148,1,0.004608294930875576
7482,SAMN03859808|BCAHDDFB_02177,1,0.004608294930875576
7483,SAMN03859808|BCAHDDFB_02213,4,0.018433179723502304
7484,SAMN03859808|BCAHDDFB_02287,1,0.004608294930875576
7485,SAMN03859808|BCAHDDFB_02400,4,0.018433179723502304
7486,SAMN03859808|BCAHDDFB_02417,1,0.004608294930875576
7487,SAMN03859808|BCAHDDFB_02419,1,0.004608294930875576
7488,SAMN03859808|BCAHDDFB_02432,1,0.004608294930875576
7489,SAMN03859808|BCAHDDFB_02437,1,0.004608294930875576
7490,SAMN03859808|BCAHDDFB_02450,1,0.004608294930875576
7491,SAMN03859808|BCAHDDFB_02468,1,0.004608294930875576
7492,SAMN03859808|BCAHDDFB_02476,1,0.004608294930875576
7493,SAMN03859808|BCAHDDFB_02504,1,0.004608294930875576
7494,SAMN03859808|BCAHDDFB_02514,4,0.018433179723502304
7495,SAMN03859808|BCAHDDFB_02527,2,0.009216589861751152
7496,SAMN03859808|BCAHDDFB_02531,1,0.004608294930875576
7497,SAMN03859808|BCAHDDFB_02540,215,0.9907834101382489
7498,SAMN03859808|BCAHDDFB_02544,1,0.004608294930875576
7499,SAMN03859809|CAINKGPP_00115,1,0.004608294930875576
7500,SAMN03859809|CAINKGPP_00139,2,0.009216589861751152
7501,SAMN03859809|CAINKGPP_00140,2,0.009216589861751152
7502,SAMN03859809|CAINKGPP_00151,213,0.9815668202764977
7503,SAMN03859809|CAINKGPP_00174,1,0.004608294930875576
7504,SAMN03859809|CAINKGPP_00341,4,0.018433179723502304
7505,SAMN03859809|CAINKGPP_00524,1,0.004608294930875576
7506,SAMN03859809|CAINKGPP_00663,3,0.013824884792626729
7507,SAMN03859809|CAINKGPP_00685,2,0.009216589861751152
7508,SAMN03859809|CAINKGPP_00686,2,0.009216589861751152
7509,SAMN03859809|CAINKGPP_00699,1,0.004608294930875576
7510,SAMN03859809|CAINKGPP_00729,1,0.004608294930875576
7511,SAMN03859809|CAINKGPP_00897,217,1.0
7512,SAMN03859809|CAINKGPP_00966,217,1.0
7513,SAMN03859809|CAINKGPP_01009,217,1.0
7514,SAMN03859809|CAINKGPP_01149,1,0.004608294930875576
7515,SAMN03859809|CAINKGPP_01316,1,0.004608294930875576
7516,SAMN03859809|CAINKGPP_01368,2,0.009216589861751152
7517,SAMN03859809|CAINKGPP_01371,1,0.004608294930875576
7518,SAMN03859809|CAINKGPP_01520,1,0.004608294930875576
7519,SAMN03859809|CAINKGPP_01534,1,0.004608294930875576
7520,SAMN03859809|CAINKGPP_01573,1,0.004608294930875576
7521,SAMN03859809|CAINKGPP_01687,2,0.009216589861751152
7522,SAMN03859809|CAINKGPP_01727,1,0.004608294930875576
7523,SAMN03859809|CAINKGPP_01751,1,0.004608294930875576
7524,SAMN03859809|CAINKGPP_01798,1,0.004608294930875576
7525,SAMN03859809|CAINKGPP_01838,1,0.004608294930875576
7526,SAMN03859809|CAINKGPP_01845,217,1.0
7527,SAMN03859809|CAINKGPP_01863,1,0.004608294930875576
7528,SAMN03859809|CAINKGPP_01901,1,0.004608294930875576
7529,SAMN03859809|CAINKGPP_01913,1,0.004608294930875576
7530,SAMN03859809|CAINKGPP_01947,1,0.004608294930875576
7531,SAMN03859809|CAINKGPP_01957,1,0.004608294930875576
7532,SAMN03859809|CAINKGPP_01959,1,0.004608294930875576
7533,SAMN03859809|CAINKGPP_02001,1,0.004608294930875576
7534,SAMN03859809|CAINKGPP_02008,1,0.004608294930875576
7535,SAMN03859809|CAINKGPP_02029,1,0.004608294930875576
7536,SAMN03859809|CAINKGPP_02050,1,0.004608294930875576
7537,SAMN03859809|CAINKGPP_02075,1,0.004608294930875576
7538,SAMN03859809|CAINKGPP_02126,1,0.004608294930875576
7539,SAMN03859809|CAINKGPP_02163,1,0.004608294930875576
7540,SAMN03859809|CAINKGPP_02169,1,0.004608294930875576
7541,SAMN03859809|CAINKGPP_02191,2,0.009216589861751152
7542,SAMN03859809|CAINKGPP_02200,5,0.02304147465437788
7543,SAMN03859809|CAINKGPP_02203,2,0.009216589861751152
7544,SAMN03859809|CAINKGPP_02204,2,0.009216589861751152
7545,SAMN03859809|CAINKGPP_02229,1,0.004608294930875576
7546,SAMN03859809|CAINKGPP_02231,2,0.009216589861751152
7547,SAMN03859809|CAINKGPP_02329,3,0.013824884792626729
7548,SAMN03859809|CAINKGPP_02376,1,0.004608294930875576
7549,SAMN03859809|CAINKGPP_02416,1,0.004608294930875576
7550,SAMN03859809|CAINKGPP_02425,2,0.009216589861751152
7551,SAMN03859809|CAINKGPP_02463,217,1.0
7552,SAMN03859809|CAINKGPP_02474,1,0.004608294930875576
7553,SAMN03859809|CAINKGPP_02488,200,0.9216589861751152
7554,SAMN03859809|CAINKGPP_02508,1,0.004608294930875576
7555,SAMN03859809|CAINKGPP_02518,1,0.004608294930875576
7556,SAMN03859809|CAINKGPP_02525,1,0.004608294930875576
7557,SAMN03859809|CAINKGPP_02543,1,0.004608294930875576
7558,SAMN03859809|CAINKGPP_02547,1,0.004608294930875576
7559,SAMN03859809|CAINKGPP_02562,1,0.004608294930875576
7560,SAMN03859809|CAINKGPP_02563,1,0.004608294930875576
7561,SAMN03859809|CAINKGPP_02572,1,0.004608294930875576
7562,SAMN03859809|CAINKGPP_02575,2,0.009216589861751152
7563,SAMN03859809|CAINKGPP_02585,11,0.05069124423963134
7564,SAMN03859809|CAINKGPP_02597,1,0.004608294930875576
7565,SAMN03859809|CAINKGPP_02598,1,0.004608294930875576
7566,SAMN03859809|CAINKGPP_02601,1,0.004608294930875576
7567,SAMN03859809|CAINKGPP_02612,1,0.004608294930875576
7568,SAMN03859809|CAINKGPP_02639,1,0.004608294930875576
7569,SAMN03859809|CAINKGPP_02652,1,0.004608294930875576
7570,SAMN03859809|CAINKGPP_02662,1,0.004608294930875576
7571,SAMN03859809|CAINKGPP_02670,3,0.013824884792626729
7572,SAMN03859809|CAINKGPP_02675,1,0.004608294930875576
7573,SAMN03859809|CAINKGPP_02679,1,0.004608294930875576
7574,SAMN03859809|CAINKGPP_02683,1,0.004608294930875576
7575,SAMN03859809|CAINKGPP_02700,1,0.004608294930875576
7576,SAMN03859809|CAINKGPP_02708,1,0.004608294930875576
7577,SAMN03859809|CAINKGPP_02711,2,0.009216589861751152
7578,SAMN03859809|CAINKGPP_02721,1,0.004608294930875576
7579,SAMN03859809|CAINKGPP_02723,1,0.004608294930875576
7580,SAMN03859809|CAINKGPP_02725,1,0.004608294930875576
7581,SAMN03859809|CAINKGPP_02728,1,0.004608294930875576
7582,SAMN03859809|CAINKGPP_02732,1,0.004608294930875576
7583,SAMN03859809|CAINKGPP_02736,1,0.004608294930875576
7584,SAMN03859809|CAINKGPP_02739,1,0.004608294930875576
7585,SAMN03859809|CAINKGPP_02746,1,0.004608294930875576
7586,SAMN03859809|CAINKGPP_02749,1,0.004608294930875576
7587,SAMN03859809|CAINKGPP_02750,1,0.004608294930875576
7588,SAMN03859809|CAINKGPP_02755,1,0.004608294930875576
7589,SAMN03859809|CAINKGPP_02759,1,0.004608294930875576
7590,SAMN03859809|CAINKGPP_02777,1,0.004608294930875576
7591,SAMN03859809|CAINKGPP_02780,1,0.004608294930875576
7592,SAMN03859809|CAINKGPP_02806,1,0.004608294930875576
7593,SAMN03859809|CAINKGPP_02828,1,0.004608294930875576
7594,SAMN03859809|CAINKGPP_02830,1,0.004608294930875576
7595,SAMN03859809|CAINKGPP_02833,2,0.009216589861751152
7596,SAMN03859809|CAINKGPP_02834,3,0.013824884792626729
7597,SAMN03859809|CAINKGPP_02839,1,0.004608294930875576
7598,SAMN03859809|CAINKGPP_02840,1,0.004608294930875576
7599,SAMN03859809|CAINKGPP_02841,1,0.004608294930875576
7600,SAMN03859809|CAINKGPP_02868,1,0.004608294930875576
7601,SAMN03859809|CAINKGPP_02869,1,0.004608294930875576
7602,SAMN03859809|CAINKGPP_02874,1,0.004608294930875576
7603,SAMN03859809|CAINKGPP_02879,1,0.004608294930875576
7604,SAMN03859809|CAINKGPP_02882,1,0.004608294930875576
7605,SAMN03859809|CAINKGPP_02884,1,0.004608294930875576
7606,SAMN03859809|CAINKGPP_02885,1,0.004608294930875576
7607,SAMN03859809|CAINKGPP_02889,1,0.004608294930875576
7608,SAMN03859809|CAINKGPP_02891,1,0.004608294930875576
7609,SAMN03859809|CAINKGPP_02893,1,0.004608294930875576
7610,SAMN03859809|CAINKGPP_02894,1,0.004608294930875576
7611,SAMN03859809|CAINKGPP_02899,1,0.004608294930875576
7612,SAMN03859809|CAINKGPP_02903,1,0.004608294930875576
7613,SAMN03859809|CAINKGPP_02904,1,0.004608294930875576
7614,SAMN03859809|CAINKGPP_02905,1,0.004608294930875576
7615,SAMN03859809|CAINKGPP_02911,1,0.004608294930875576
7616,SAMN03859809|CAINKGPP_02913,1,0.004608294930875576
7617,SAMN03859813|LMKFEGIB_00084,1,0.004608294930875576
7618,SAMN03859813|LMKFEGIB_00135,1,0.004608294930875576
7619,SAMN03859813|LMKFEGIB_00539,1,0.004608294930875576
7620,SAMN03859813|LMKFEGIB_00688,5,0.02304147465437788
7621,SAMN03859813|LMKFEGIB_00689,5,0.02304147465437788
7622,SAMN03859813|LMKFEGIB_00743,2,0.009216589861751152
7623,SAMN03859813|LMKFEGIB_00843,1,0.004608294930875576
7624,SAMN03859813|LMKFEGIB_01056,2,0.009216589861751152
7625,SAMN03859813|LMKFEGIB_01057,1,0.004608294930875576
7626,SAMN03859813|LMKFEGIB_01111,1,0.004608294930875576
7627,SAMN03859813|LMKFEGIB_01184,1,0.004608294930875576
7628,SAMN03859813|LMKFEGIB_01265,2,0.009216589861751152
7629,SAMN03859813|LMKFEGIB_01308,1,0.004608294930875576
7630,SAMN03859813|LMKFEGIB_01309,6,0.027649769585253458
7631,SAMN03859813|LMKFEGIB_01336,1,0.004608294930875576
7632,SAMN03859813|LMKFEGIB_01391,1,0.004608294930875576
7633,SAMN03859813|LMKFEGIB_01426,1,0.004608294930875576
7634,SAMN03859813|LMKFEGIB_01427,1,0.004608294930875576
7635,SAMN03859813|LMKFEGIB_01461,1,0.004608294930875576
7636,SAMN03859813|LMKFEGIB_01755,2,0.009216589861751152
7637,SAMN03859813|LMKFEGIB_01994,12,0.055299539170506916
7638,SAMN03859813|LMKFEGIB_02027,1,0.004608294930875576
7639,SAMN03859813|LMKFEGIB_02089,1,0.004608294930875576
7640,SAMN03859813|LMKFEGIB_02127,1,0.004608294930875576
7641,SAMN03859813|LMKFEGIB_02191,1,0.004608294930875576
7642,SAMN03859813|LMKFEGIB_02225,1,0.004608294930875576
7643,SAMN03859813|LMKFEGIB_02246,7,0.03225806451612903
7644,SAMN03859813|LMKFEGIB_02351,1,0.004608294930875576
7645,SAMN03859813|LMKFEGIB_02393,3,0.013824884792626729
7646,SAMN03859813|LMKFEGIB_02394,2,0.009216589861751152
7647,SAMN03859813|LMKFEGIB_02403,2,0.009216589861751152
7648,SAMN03859813|LMKFEGIB_02409,1,0.004608294930875576
7649,SAMN03859813|LMKFEGIB_02421,1,0.004608294930875576
7650,SAMN03859813|LMKFEGIB_02429,3,0.013824884792626729
7651,SAMN03859813|LMKFEGIB_02443,1,0.004608294930875576
7652,SAMN03859813|LMKFEGIB_02457,2,0.009216589861751152
7653,SAMN03859813|LMKFEGIB_02459,4,0.018433179723502304
7654,SAMN03859813|LMKFEGIB_02462,1,0.004608294930875576
7655,SAMN03859813|LMKFEGIB_02468,1,0.004608294930875576
7656,SAMN03859813|LMKFEGIB_02472,1,0.004608294930875576
7657,SAMN03859813|LMKFEGIB_02474,1,0.004608294930875576
7658,SAMN03859813|LMKFEGIB_02475,1,0.004608294930875576
7659,SAMN03859813|LMKFEGIB_02476,1,0.004608294930875576
7660,SAMN03859813|LMKFEGIB_02485,1,0.004608294930875576
7661,SAMN03859813|LMKFEGIB_02492,1,0.004608294930875576
7662,SAMN03859813|LMKFEGIB_02499,1,0.004608294930875576
7663,SAMN03859813|LMKFEGIB_02502,1,0.004608294930875576
7664,SAMN03859813|LMKFEGIB_02503,1,0.004608294930875576
7665,SAMN03859814|MJPPMAJD_00123,1,0.004608294930875576
7666,SAMN03859814|MJPPMAJD_00149,1,0.004608294930875576
7667,SAMN03859814|MJPPMAJD_00322,1,0.004608294930875576
7668,SAMN03859814|MJPPMAJD_00323,2,0.009216589861751152
7669,SAMN03859814|MJPPMAJD_00324,1,0.004608294930875576
7670,SAMN03859814|MJPPMAJD_00337,1,0.004608294930875576
7671,SAMN03859814|MJPPMAJD_00338,1,0.004608294930875576
7672,SAMN03859814|MJPPMAJD_00449,1,0.004608294930875576
7673,SAMN03859814|MJPPMAJD_00635,1,0.004608294930875576
7674,SAMN03859814|MJPPMAJD_00701,4,0.018433179723502304
7675,SAMN03859814|MJPPMAJD_00857,4,0.018433179723502304
7676,SAMN03859814|MJPPMAJD_00896,2,0.009216589861751152
7677,SAMN03859814|MJPPMAJD_01073,1,0.004608294930875576
7678,SAMN03859814|MJPPMAJD_01360,1,0.004608294930875576
7679,SAMN03859814|MJPPMAJD_01405,214,0.9861751152073732
7680,SAMN03859814|MJPPMAJD_01476,1,0.004608294930875576
7681,SAMN03859814|MJPPMAJD_01558,1,0.004608294930875576
7682,SAMN03859814|MJPPMAJD_01694,1,0.004608294930875576
7683,SAMN03859814|MJPPMAJD_01880,1,0.004608294930875576
7684,SAMN03859814|MJPPMAJD_01900,216,0.9953917050691244
7685,SAMN03859814|MJPPMAJD_01962,1,0.004608294930875576
7686,SAMN03859814|MJPPMAJD_01963,1,0.004608294930875576
7687,SAMN03859814|MJPPMAJD_01967,1,0.004608294930875576
7688,SAMN03859814|MJPPMAJD_02098,1,0.004608294930875576
7689,SAMN03859814|MJPPMAJD_02206,1,0.004608294930875576
7690,SAMN03859814|MJPPMAJD_02228,1,0.004608294930875576
7691,SAMN03859814|MJPPMAJD_02316,4,0.018433179723502304
7692,SAMN03859814|MJPPMAJD_02373,1,0.004608294930875576
7693,SAMN03859814|MJPPMAJD_02419,1,0.004608294930875576
7694,SAMN03859814|MJPPMAJD_02474,6,0.027649769585253458
7695,SAMN03859815|BMHHEGJJ_00148,2,0.009216589861751152
7696,SAMN03859815|BMHHEGJJ_00408,1,0.004608294930875576
7697,SAMN03859815|BMHHEGJJ_00641,2,0.009216589861751152
7698,SAMN03859815|BMHHEGJJ_00660,16,0.07373271889400922
7699,SAMN03859815|BMHHEGJJ_00830,2,0.009216589861751152
7700,SAMN03859815|BMHHEGJJ_00831,3,0.013824884792626729
7701,SAMN03859815|BMHHEGJJ_01050,5,0.02304147465437788
7702,SAMN03859815|BMHHEGJJ_01115,1,0.004608294930875576
7703,SAMN03859815|BMHHEGJJ_01120,1,0.004608294930875576
7704,SAMN03859815|BMHHEGJJ_01293,1,0.004608294930875576
7705,SAMN03859815|BMHHEGJJ_01540,1,0.004608294930875576
7706,SAMN03859815|BMHHEGJJ_01601,210,0.967741935483871
7707,SAMN03859815|BMHHEGJJ_01905,2,0.009216589861751152
7708,SAMN03859815|BMHHEGJJ_01906,2,0.009216589861751152
7709,SAMN03859815|BMHHEGJJ_02021,2,0.009216589861751152
7710,SAMN03859815|BMHHEGJJ_02022,2,0.009216589861751152
7711,SAMN03859815|BMHHEGJJ_02088,2,0.009216589861751152
7712,SAMN03859815|BMHHEGJJ_02141,1,0.004608294930875576
7713,SAMN03859815|BMHHEGJJ_02395,1,0.004608294930875576
7714,SAMN03859815|BMHHEGJJ_02417,1,0.004608294930875576
7715,SAMN03859815|BMHHEGJJ_02484,2,0.009216589861751152
7716,SAMN03859815|BMHHEGJJ_02505,1,0.004608294930875576
7717,SAMN03859815|BMHHEGJJ_02528,1,0.004608294930875576
7718,SAMN03859815|BMHHEGJJ_02550,1,0.004608294930875576
7719,SAMN03859816|FOMHCPKI_00854,211,0.9723502304147466
7720,SAMN03859816|FOMHCPKI_01163,1,0.004608294930875576
7721,SAMN03859816|FOMHCPKI_01164,2,0.009216589861751152
7722,SAMN03859816|FOMHCPKI_01165,2,0.009216589861751152
7723,SAMN03859816|FOMHCPKI_01241,2,0.009216589861751152
7724,SAMN03859816|FOMHCPKI_01482,6,0.027649769585253458
7725,SAMN03859816|FOMHCPKI_01858,2,0.009216589861751152
7726,SAMN03859816|FOMHCPKI_01862,1,0.004608294930875576
7727,SAMN03859816|FOMHCPKI_01863,1,0.004608294930875576
7728,SAMN03859816|FOMHCPKI_01930,3,0.013824884792626729
7729,SAMN03859816|FOMHCPKI_02143,1,0.004608294930875576
7730,SAMN03859816|FOMHCPKI_02459,19,0.08755760368663594
7731,SAMN03859816|FOMHCPKI_02520,1,0.004608294930875576
7732,SAMN03859816|FOMHCPKI_02573,10,0.04608294930875576
7733,SAMN03859816|FOMHCPKI_02574,1,0.004608294930875576
7734,SAMN03859816|FOMHCPKI_02576,2,0.009216589861751152
7735,SAMN03859816|FOMHCPKI_02577,2,0.009216589861751152
7736,SAMN03859816|FOMHCPKI_02578,2,0.009216589861751152
7737,SAMN03859816|FOMHCPKI_02579,2,0.009216589861751152
7738,SAMN03859816|FOMHCPKI_02580,2,0.009216589861751152
7739,SAMN03859816|FOMHCPKI_02581,2,0.009216589861751152
7740,SAMN03859816|FOMHCPKI_02593,2,0.009216589861751152
7741,SAMN03859816|FOMHCPKI_02595,1,0.004608294930875576
7742,SAMN03859816|FOMHCPKI_02596,2,0.009216589861751152
7743,SAMN03859816|FOMHCPKI_02630,2,0.009216589861751152
7744,SAMN03859816|FOMHCPKI_02631,2,0.009216589861751152
7745,SAMN03859816|FOMHCPKI_02632,2,0.009216589861751152
7746,SAMN03859816|FOMHCPKI_02633,2,0.009216589861751152
7747,SAMN03859816|FOMHCPKI_02634,2,0.009216589861751152
7748,SAMN03859816|FOMHCPKI_02635,2,0.009216589861751152
7749,SAMN03859816|FOMHCPKI_02636,2,0.009216589861751152
7750,SAMN03859816|FOMHCPKI_02637,2,0.009216589861751152
7751,SAMN03859816|FOMHCPKI_02638,1,0.004608294930875576
7752,SAMN03859816|FOMHCPKI_02639,1,0.004608294930875576
7753,SAMN03859816|FOMHCPKI_02648,1,0.004608294930875576
7754,SAMN03859817|NCAOCIKM_00109,3,0.013824884792626729
7755,SAMN03859817|NCAOCIKM_00110,3,0.013824884792626729
7756,SAMN03859817|NCAOCIKM_00111,3,0.013824884792626729
7757,SAMN03859817|NCAOCIKM_00122,9,0.041474654377880185
7758,SAMN03859817|NCAOCIKM_00126,17,0.07834101382488479
7759,SAMN03859817|NCAOCIKM_00162,3,0.013824884792626729
7760,SAMN03859817|NCAOCIKM_00163,3,0.013824884792626729
7761,SAMN03859817|NCAOCIKM_00187,5,0.02304147465437788
7762,SAMN03859817|NCAOCIKM_00194,4,0.018433179723502304
7763,SAMN03859817|NCAOCIKM_00195,3,0.013824884792626729
7764,SAMN03859817|NCAOCIKM_00246,13,0.059907834101382486
7765,SAMN03859817|NCAOCIKM_00363,1,0.004608294930875576
7766,SAMN03859817|NCAOCIKM_00921,3,0.013824884792626729
7767,SAMN03859817|NCAOCIKM_01943,6,0.027649769585253458
7768,SAMN03859817|NCAOCIKM_02428,2,0.009216589861751152
7769,SAMN03859817|NCAOCIKM_02445,96,0.4423963133640553
7770,SAMN03859817|NCAOCIKM_02489,1,0.004608294930875576
7771,SAMN03859817|NCAOCIKM_02526,59,0.271889400921659
7772,SAMN03859817|NCAOCIKM_02543,1,0.004608294930875576
7773,SAMN03859817|NCAOCIKM_02609,1,0.004608294930875576
7774,SAMN03859817|NCAOCIKM_02615,1,0.004608294930875576
7775,SAMN03859817|NCAOCIKM_02618,2,0.009216589861751152
7776,SAMN03859817|NCAOCIKM_02640,1,0.004608294930875576
7777,SAMN03859817|NCAOCIKM_02654,1,0.004608294930875576
7778,SAMN03859817|NCAOCIKM_02656,1,0.004608294930875576
7779,SAMN03859817|NCAOCIKM_02660,1,0.004608294930875576
7780,SAMN03859817|NCAOCIKM_02662,1,0.004608294930875576
7781,SAMN03859817|NCAOCIKM_02663,1,0.004608294930875576
7782,SAMN03859818|DLFMAODL_00086,3,0.013824884792626729
7783,SAMN03859818|DLFMAODL_00314,5,0.02304147465437788
7784,SAMN03859818|DLFMAODL_00325,2,0.009216589861751152
7785,SAMN03859818|DLFMAODL_00326,3,0.013824884792626729
7786,SAMN03859818|DLFMAODL_00394,3,0.013824884792626729
7787,SAMN03859818|DLFMAODL_00447,1,0.004608294930875576
7788,SAMN03859818|DLFMAODL_00453,217,1.0
7789,SAMN03859818|DLFMAODL_00466,3,0.013824884792626729
7790,SAMN03859818|DLFMAODL_00659,1,0.004608294930875576
7791,SAMN03859818|DLFMAODL_00660,3,0.013824884792626729
7792,SAMN03859818|DLFMAODL_00925,1,0.004608294930875576
7793,SAMN03859818|DLFMAODL_01020,3,0.013824884792626729
7794,SAMN03859818|DLFMAODL_01023,4,0.018433179723502304
7795,SAMN03859818|DLFMAODL_01025,1,0.004608294930875576
7796,SAMN03859818|DLFMAODL_01229,5,0.02304147465437788
7797,SAMN03859818|DLFMAODL_01260,4,0.018433179723502304
7798,SAMN03859818|DLFMAODL_01389,3,0.013824884792626729
7799,SAMN03859818|DLFMAODL_01390,3,0.013824884792626729
7800,SAMN03859818|DLFMAODL_01582,1,0.004608294930875576
7801,SAMN03859818|DLFMAODL_01711,1,0.004608294930875576
7802,SAMN03859818|DLFMAODL_01820,217,1.0
7803,SAMN03859818|DLFMAODL_01853,1,0.004608294930875576
7804,SAMN03859818|DLFMAODL_01889,3,0.013824884792626729
7805,SAMN03859818|DLFMAODL_02117,3,0.013824884792626729
7806,SAMN03859818|DLFMAODL_02119,52,0.23963133640552994
7807,SAMN03859818|DLFMAODL_02122,7,0.03225806451612903
7808,SAMN03859818|DLFMAODL_02123,7,0.03225806451612903
7809,SAMN03859818|DLFMAODL_02137,217,1.0
7810,SAMN03859818|DLFMAODL_02141,1,0.004608294930875576
7811,SAMN03859818|DLFMAODL_02199,214,0.9861751152073732
7812,SAMN03859818|DLFMAODL_02247,3,0.013824884792626729
7813,SAMN03859818|DLFMAODL_02306,3,0.013824884792626729
7814,SAMN03859818|DLFMAODL_02307,6,0.027649769585253458
7815,SAMN03859818|DLFMAODL_02344,5,0.02304147465437788
7816,SAMN03859818|DLFMAODL_02399,2,0.009216589861751152
7817,SAMN03859818|DLFMAODL_02401,1,0.004608294930875576
7818,SAMN03859818|DLFMAODL_02413,1,0.004608294930875576
7819,SAMN03859818|DLFMAODL_02414,2,0.009216589861751152
7820,SAMN03859818|DLFMAODL_02415,8,0.03686635944700461
7821,SAMN03859818|DLFMAODL_02421,3,0.013824884792626729
7822,SAMN03859818|DLFMAODL_02428,1,0.004608294930875576
7823,SAMN03859818|DLFMAODL_02448,3,0.013824884792626729
7824,SAMN03859818|DLFMAODL_02451,3,0.013824884792626729
7825,SAMN03859818|DLFMAODL_02463,3,0.013824884792626729
7826,SAMN03859818|DLFMAODL_02466,3,0.013824884792626729
7827,SAMN03859818|DLFMAODL_02467,3,0.013824884792626729
7828,SAMN03859818|DLFMAODL_02488,1,0.004608294930875576
7829,SAMN03859818|DLFMAODL_02492,3,0.013824884792626729
7830,SAMN03859818|DLFMAODL_02493,3,0.013824884792626729
7831,SAMN03859818|DLFMAODL_02495,1,0.004608294930875576
7832,SAMN03859818|DLFMAODL_02562,2,0.009216589861751152
7833,SAMN03859818|DLFMAODL_02563,1,0.004608294930875576
7834,SAMN03859818|DLFMAODL_02564,1,0.004608294930875576
7835,SAMN03859818|DLFMAODL_02566,18,0.08294930875576037
7836,SAMN03859818|DLFMAODL_02570,8,0.03686635944700461
7837,SAMN03859818|DLFMAODL_02572,4,0.018433179723502304
7838,SAMN03859818|DLFMAODL_02573,10,0.04608294930875576
7839,SAMN03859818|DLFMAODL_02577,1,0.004608294930875576
7840,SAMN03859819|FNDLJGNL_00153,1,0.004608294930875576
7841,SAMN03859819|FNDLJGNL_00258,1,0.004608294930875576
7842,SAMN03859819|FNDLJGNL_00259,1,0.004608294930875576
7843,SAMN03859819|FNDLJGNL_00369,1,0.004608294930875576
7844,SAMN03859819|FNDLJGNL_00566,1,0.004608294930875576
7845,SAMN03859819|FNDLJGNL_00901,1,0.004608294930875576
7846,SAMN03859819|FNDLJGNL_00905,1,0.004608294930875576
7847,SAMN03859819|FNDLJGNL_01157,1,0.004608294930875576
7848,SAMN03859819|FNDLJGNL_01158,1,0.004608294930875576
7849,SAMN03859819|FNDLJGNL_01209,1,0.004608294930875576
7850,SAMN03859819|FNDLJGNL_01286,2,0.009216589861751152
7851,SAMN03859819|FNDLJGNL_01294,1,0.004608294930875576
7852,SAMN03859819|FNDLJGNL_01570,1,0.004608294930875576
7853,SAMN03859819|FNDLJGNL_01608,5,0.02304147465437788
7854,SAMN03859819|FNDLJGNL_01615,2,0.009216589861751152
7855,SAMN03859819|FNDLJGNL_01655,2,0.009216589861751152
7856,SAMN03859819|FNDLJGNL_01695,1,0.004608294930875576
7857,SAMN03859819|FNDLJGNL_01696,1,0.004608294930875576
7858,SAMN03859819|FNDLJGNL_01804,1,0.004608294930875576
7859,SAMN03859819|FNDLJGNL_01922,1,0.004608294930875576
7860,SAMN03859819|FNDLJGNL_01931,3,0.013824884792626729
7861,SAMN03859819|FNDLJGNL_02098,1,0.004608294930875576
7862,SAMN03859819|FNDLJGNL_02105,1,0.004608294930875576
7863,SAMN03859819|FNDLJGNL_02178,2,0.009216589861751152
7864,SAMN03859819|FNDLJGNL_02230,1,0.004608294930875576
7865,SAMN03859819|FNDLJGNL_02258,2,0.009216589861751152
7866,SAMN03859819|FNDLJGNL_02269,212,0.9769585253456221
7867,SAMN03859819|FNDLJGNL_02371,4,0.018433179723502304
7868,SAMN03859819|FNDLJGNL_02404,2,0.009216589861751152
7869,SAMN03859819|FNDLJGNL_02453,1,0.004608294930875576
7870,SAMN03859819|FNDLJGNL_02458,1,0.004608294930875576
7871,SAMN03859819|FNDLJGNL_02469,1,0.004608294930875576
7872,SAMN03859819|FNDLJGNL_02470,1,0.004608294930875576
7873,SAMN03859819|FNDLJGNL_02480,1,0.004608294930875576
7874,SAMN03859819|FNDLJGNL_02504,1,0.004608294930875576
7875,SAMN03859819|FNDLJGNL_02546,1,0.004608294930875576
7876,SAMN03859819|FNDLJGNL_02555,1,0.004608294930875576
7877,SAMN03859819|FNDLJGNL_02576,2,0.009216589861751152
7878,SAMN03859819|FNDLJGNL_02600,1,0.004608294930875576
7879,SAMN03859819|FNDLJGNL_02604,11,0.05069124423963134
7880,SAMN03859819|FNDLJGNL_02617,1,0.004608294930875576
7881,SAMN03859819|FNDLJGNL_02623,2,0.009216589861751152
7882,SAMN03859819|FNDLJGNL_02644,1,0.004608294930875576
7883,SAMN03859819|FNDLJGNL_02663,1,0.004608294930875576
7884,SAMN03859819|FNDLJGNL_02666,1,0.004608294930875576
7885,SAMN03859819|FNDLJGNL_02670,1,0.004608294930875576
7886,SAMN03859819|FNDLJGNL_02681,2,0.009216589861751152
7887,SAMN03859819|FNDLJGNL_02682,1,0.004608294930875576
7888,SAMN03859819|FNDLJGNL_02695,3,0.013824884792626729
7889,SAMN03859819|FNDLJGNL_02730,1,0.004608294930875576
7890,SAMN03859819|FNDLJGNL_02739,1,0.004608294930875576
7891,SAMN03859820|CNJCHGDO_00359,2,0.009216589861751152
7892,SAMN03859820|CNJCHGDO_00360,2,0.009216589861751152
7893,SAMN03859820|CNJCHGDO_00679,2,0.009216589861751152
7894,SAMN03859820|CNJCHGDO_00680,2,0.009216589861751152
7895,SAMN03859820|CNJCHGDO_00821,214,0.9861751152073732
7896,SAMN03859820|CNJCHGDO_00874,2,0.009216589861751152
7897,SAMN03859820|CNJCHGDO_00937,2,0.009216589861751152
7898,SAMN03859820|CNJCHGDO_00957,16,0.07373271889400922
7899,SAMN03859820|CNJCHGDO_01054,13,0.059907834101382486
7900,SAMN03859820|CNJCHGDO_01430,1,0.004608294930875576
7901,SAMN03859820|CNJCHGDO_01489,1,0.004608294930875576
7902,SAMN03859820|CNJCHGDO_01591,2,0.009216589861751152
7903,SAMN03859820|CNJCHGDO_01600,215,0.9907834101382489
7904,SAMN03859820|CNJCHGDO_01653,2,0.009216589861751152
7905,SAMN03859820|CNJCHGDO_02440,1,0.004608294930875576
7906,SAMN03859820|CNJCHGDO_02485,1,0.004608294930875576
7907,SAMN03859821|OFHLOKCO_00066,1,0.004608294930875576
7908,SAMN03859821|OFHLOKCO_00090,1,0.004608294930875576
7909,SAMN03859821|OFHLOKCO_00988,1,0.004608294930875576
7910,SAMN03859821|OFHLOKCO_01229,1,0.004608294930875576
7911,SAMN03859821|OFHLOKCO_01251,1,0.004608294930875576
7912,SAMN03859821|OFHLOKCO_01410,1,0.004608294930875576
7913,SAMN03859821|OFHLOKCO_01918,1,0.004608294930875576
7914,SAMN03859821|OFHLOKCO_02162,1,0.004608294930875576
7915,SAMN03859821|OFHLOKCO_02182,1,0.004608294930875576
7916,SAMN03859821|OFHLOKCO_02184,1,0.004608294930875576
7917,SAMN03859821|OFHLOKCO_02292,2,0.009216589861751152
7918,SAMN03859821|OFHLOKCO_02296,1,0.004608294930875576
7919,SAMN03859821|OFHLOKCO_02360,1,0.004608294930875576
7920,SAMN03859821|OFHLOKCO_02414,1,0.004608294930875576
7921,SAMN03859821|OFHLOKCO_02433,1,0.004608294930875576
7922,SAMN03859824|CIOGHEHJ_00054,1,0.004608294930875576
7923,SAMN03859824|CIOGHEHJ_00215,196,0.9032258064516129
7924,SAMN03859824|CIOGHEHJ_00262,1,0.004608294930875576
7925,SAMN03859824|CIOGHEHJ_00443,1,0.004608294930875576
7926,SAMN03859824|CIOGHEHJ_00444,1,0.004608294930875576
7927,SAMN03859824|CIOGHEHJ_00478,217,1.0
7928,SAMN03859824|CIOGHEHJ_00774,215,0.9907834101382489
7929,SAMN03859824|CIOGHEHJ_00800,1,0.004608294930875576
7930,SAMN03859824|CIOGHEHJ_00835,1,0.004608294930875576
7931,SAMN03859824|CIOGHEHJ_01033,2,0.009216589861751152
7932,SAMN03859824|CIOGHEHJ_01080,1,0.004608294930875576
7933,SAMN03859824|CIOGHEHJ_01091,1,0.004608294930875576
7934,SAMN03859824|CIOGHEHJ_01269,1,0.004608294930875576
7935,SAMN03859824|CIOGHEHJ_01270,1,0.004608294930875576
7936,SAMN03859824|CIOGHEHJ_01297,1,0.004608294930875576
7937,SAMN03859824|CIOGHEHJ_01372,1,0.004608294930875576
7938,SAMN03859824|CIOGHEHJ_01429,1,0.004608294930875576
7939,SAMN03859824|CIOGHEHJ_01533,1,0.004608294930875576
7940,SAMN03859824|CIOGHEHJ_01534,1,0.004608294930875576
7941,SAMN03859824|CIOGHEHJ_01586,2,0.009216589861751152
7942,SAMN03859824|CIOGHEHJ_01608,1,0.004608294930875576
7943,SAMN03859824|CIOGHEHJ_01615,1,0.004608294930875576
7944,SAMN03859824|CIOGHEHJ_01619,214,0.9861751152073732
7945,SAMN03859824|CIOGHEHJ_01703,2,0.009216589861751152
7946,SAMN03859824|CIOGHEHJ_01765,1,0.004608294930875576
7947,SAMN03859824|CIOGHEHJ_01769,1,0.004608294930875576
7948,SAMN03859824|CIOGHEHJ_01845,2,0.009216589861751152
7949,SAMN03859824|CIOGHEHJ_01895,1,0.004608294930875576
7950,SAMN03859824|CIOGHEHJ_02023,200,0.9216589861751152
7951,SAMN03859824|CIOGHEHJ_02041,1,0.004608294930875576
7952,SAMN03859824|CIOGHEHJ_02061,1,0.004608294930875576
7953,SAMN03859824|CIOGHEHJ_02072,1,0.004608294930875576
7954,SAMN03859824|CIOGHEHJ_02073,1,0.004608294930875576
7955,SAMN03859824|CIOGHEHJ_02141,3,0.013824884792626729
7956,SAMN03859824|CIOGHEHJ_02162,1,0.004608294930875576
7957,SAMN03859824|CIOGHEHJ_02208,3,0.013824884792626729
7958,SAMN03859824|CIOGHEHJ_02223,1,0.004608294930875576
7959,SAMN03859824|CIOGHEHJ_02226,1,0.004608294930875576
7960,SAMN03859824|CIOGHEHJ_02261,1,0.004608294930875576
7961,SAMN03859824|CIOGHEHJ_02269,1,0.004608294930875576
7962,SAMN03859824|CIOGHEHJ_02339,1,0.004608294930875576
7963,SAMN03859824|CIOGHEHJ_02350,2,0.009216589861751152
7964,SAMN03859824|CIOGHEHJ_02362,1,0.004608294930875576
7965,SAMN03859824|CIOGHEHJ_02364,213,0.9815668202764977
7966,SAMN03859824|CIOGHEHJ_02365,2,0.009216589861751152
7967,SAMN03859824|CIOGHEHJ_02422,1,0.004608294930875576
7968,SAMN03859824|CIOGHEHJ_02447,1,0.004608294930875576
7969,SAMN03859824|CIOGHEHJ_02450,1,0.004608294930875576
7970,SAMN03859826|MPJIHJJK_00096,1,0.004608294930875576
7971,SAMN03859826|MPJIHJJK_00294,1,0.004608294930875576
7972,SAMN03859826|MPJIHJJK_00359,3,0.013824884792626729
7973,SAMN03859826|MPJIHJJK_00725,213,0.9815668202764977
7974,SAMN03859826|MPJIHJJK_00936,1,0.004608294930875576
7975,SAMN03859826|MPJIHJJK_01247,3,0.013824884792626729
7976,SAMN03859826|MPJIHJJK_01259,1,0.004608294930875576
7977,SAMN03859826|MPJIHJJK_01303,1,0.004608294930875576
7978,SAMN03859826|MPJIHJJK_01667,2,0.009216589861751152
7979,SAMN03859826|MPJIHJJK_01746,1,0.004608294930875576
7980,SAMN03859826|MPJIHJJK_01932,2,0.009216589861751152
7981,SAMN03859826|MPJIHJJK_01933,2,0.009216589861751152
7982,SAMN03859826|MPJIHJJK_02045,1,0.004608294930875576
7983,SAMN03859826|MPJIHJJK_02098,2,0.009216589861751152
7984,SAMN03859826|MPJIHJJK_02120,1,0.004608294930875576
7985,SAMN03859826|MPJIHJJK_02256,3,0.013824884792626729
7986,SAMN03859826|MPJIHJJK_02261,2,0.009216589861751152
7987,SAMN03859826|MPJIHJJK_02421,1,0.004608294930875576
7988,SAMN03859826|MPJIHJJK_02435,216,0.9953917050691244
7989,SAMN03859826|MPJIHJJK_02449,1,0.004608294930875576
7990,SAMN03859826|MPJIHJJK_02469,2,0.009216589861751152
7991,SAMN03859826|MPJIHJJK_02476,1,0.004608294930875576
7992,SAMN03859826|MPJIHJJK_02483,3,0.013824884792626729
7993,SAMN03859826|MPJIHJJK_02496,10,0.04608294930875576
7994,SAMN03859829|IEENLECO_00076,214,0.9861751152073732
7995,SAMN03859829|IEENLECO_00342,1,0.004608294930875576
7996,SAMN03859829|IEENLECO_00441,53,0.24423963133640553
7997,SAMN03859829|IEENLECO_00611,198,0.9124423963133641
7998,SAMN03859829|IEENLECO_00635,31,0.14285714285714285
7999,SAMN03859829|IEENLECO_00727,1,0.004608294930875576
8000,SAMN03859829|IEENLECO_00903,3,0.013824884792626729
8001,SAMN03859829|IEENLECO_01190,1,0.004608294930875576
8002,SAMN03859829|IEENLECO_01299,2,0.009216589861751152
8003,SAMN03859829|IEENLECO_01300,1,0.004608294930875576
8004,SAMN03859829|IEENLECO_01466,1,0.004608294930875576
8005,SAMN03859829|IEENLECO_01467,1,0.004608294930875576
8006,SAMN03859829|IEENLECO_01513,3,0.013824884792626729
8007,SAMN03859829|IEENLECO_01647,2,0.009216589861751152
8008,SAMN03859829|IEENLECO_01875,1,0.004608294930875576
8009,SAMN03859829|IEENLECO_01932,1,0.004608294930875576
8010,SAMN03859829|IEENLECO_01933,3,0.013824884792626729
8011,SAMN03859829|IEENLECO_02127,1,0.004608294930875576
8012,SAMN03859829|IEENLECO_02186,1,0.004608294930875576
8013,SAMN03859829|IEENLECO_02220,1,0.004608294930875576
8014,SAMN03859829|IEENLECO_02221,1,0.004608294930875576
8015,SAMN03859829|IEENLECO_02282,1,0.004608294930875576
8016,SAMN03859829|IEENLECO_02305,1,0.004608294930875576
8017,SAMN03859829|IEENLECO_02347,1,0.004608294930875576
8018,SAMN03859829|IEENLECO_02351,1,0.004608294930875576
8019,SAMN03859829|IEENLECO_02368,1,0.004608294930875576
8020,SAMN03859829|IEENLECO_02384,90,0.4147465437788018
8021,SAMN03859829|IEENLECO_02410,1,0.004608294930875576
8022,SAMN03859829|IEENLECO_02472,1,0.004608294930875576
8023,SAMN03859829|IEENLECO_02488,1,0.004608294930875576
8024,SAMN03859829|IEENLECO_02492,1,0.004608294930875576
8025,SAMN03859830|HOLIBBFI_00050,1,0.004608294930875576
8026,SAMN03859830|HOLIBBFI_00051,1,0.004608294930875576
8027,SAMN03859830|HOLIBBFI_00513,1,0.004608294930875576
8028,SAMN03859830|HOLIBBFI_00661,1,0.004608294930875576
8029,SAMN03859830|HOLIBBFI_00677,213,0.9815668202764977
8030,SAMN03859830|HOLIBBFI_00750,3,0.013824884792626729
8031,SAMN03859830|HOLIBBFI_00803,217,1.0
8032,SAMN03859830|HOLIBBFI_00915,1,0.004608294930875576
8033,SAMN03859830|HOLIBBFI_00991,216,0.9953917050691244
8034,SAMN03859830|HOLIBBFI_00997,216,0.9953917050691244
8035,SAMN03859830|HOLIBBFI_01186,8,0.03686635944700461
8036,SAMN03859830|HOLIBBFI_01238,23,0.10599078341013825
8037,SAMN03859830|HOLIBBFI_01334,1,0.004608294930875576
8038,SAMN03859830|HOLIBBFI_01346,1,0.004608294930875576
8039,SAMN03859830|HOLIBBFI_01499,1,0.004608294930875576
8040,SAMN03859830|HOLIBBFI_01586,1,0.004608294930875576
8041,SAMN03859830|HOLIBBFI_01627,2,0.009216589861751152
8042,SAMN03859830|HOLIBBFI_01747,215,0.9907834101382489
8043,SAMN03859830|HOLIBBFI_01860,2,0.009216589861751152
8044,SAMN03859830|HOLIBBFI_01861,2,0.009216589861751152
8045,SAMN03859830|HOLIBBFI_01864,1,0.004608294930875576
8046,SAMN03859830|HOLIBBFI_02074,201,0.9262672811059908
8047,SAMN03859830|HOLIBBFI_02129,2,0.009216589861751152
8048,SAMN03859830|HOLIBBFI_02130,3,0.013824884792626729
8049,SAMN03859830|HOLIBBFI_02137,9,0.041474654377880185
8050,SAMN03859830|HOLIBBFI_02158,2,0.009216589861751152
8051,SAMN03859830|HOLIBBFI_02184,30,0.1382488479262673
8052,SAMN03859830|HOLIBBFI_02199,1,0.004608294930875576
8053,SAMN03859830|HOLIBBFI_02231,1,0.004608294930875576
8054,SAMN03859830|HOLIBBFI_02288,1,0.004608294930875576
8055,SAMN03859830|HOLIBBFI_02373,1,0.004608294930875576
8056,SAMN03859830|HOLIBBFI_02374,1,0.004608294930875576
8057,SAMN03859830|HOLIBBFI_02378,1,0.004608294930875576
8058,SAMN03859830|HOLIBBFI_02418,5,0.02304147465437788
8059,SAMN03859830|HOLIBBFI_02421,209,0.9631336405529954
8060,SAMN03859830|HOLIBBFI_02429,2,0.009216589861751152
8061,SAMN03859830|HOLIBBFI_02460,1,0.004608294930875576
8062,SAMN03859830|HOLIBBFI_02468,2,0.009216589861751152
8063,SAMN03859830|HOLIBBFI_02498,1,0.004608294930875576
8064,SAMN03859830|HOLIBBFI_02508,1,0.004608294930875576
8065,SAMN03859830|HOLIBBFI_02511,7,0.03225806451612903
8066,SAMN03859831|OBHHDHNJ_00106,216,0.9953917050691244
8067,SAMN03859831|OBHHDHNJ_00438,1,0.004608294930875576
8068,SAMN03859831|OBHHDHNJ_00659,1,0.004608294930875576
8069,SAMN03859831|OBHHDHNJ_00660,1,0.004608294930875576
8070,SAMN03859831|OBHHDHNJ_00684,1,0.004608294930875576
8071,SAMN03859831|OBHHDHNJ_00836,217,1.0
8072,SAMN03859831|OBHHDHNJ_00861,1,0.004608294930875576
8073,SAMN03859831|OBHHDHNJ_00879,1,0.004608294930875576
8074,SAMN03859831|OBHHDHNJ_00933,2,0.009216589861751152
8075,SAMN03859831|OBHHDHNJ_00953,1,0.004608294930875576
8076,SAMN03859831|OBHHDHNJ_00954,1,0.004608294930875576
8077,SAMN03859831|OBHHDHNJ_00981,217,1.0
8078,SAMN03859831|OBHHDHNJ_01081,1,0.004608294930875576
8079,SAMN03859831|OBHHDHNJ_01082,1,0.004608294930875576
8080,SAMN03859831|OBHHDHNJ_01407,1,0.004608294930875576
8081,SAMN03859831|OBHHDHNJ_01413,210,0.967741935483871
8082,SAMN03859831|OBHHDHNJ_01428,1,0.004608294930875576
8083,SAMN03859831|OBHHDHNJ_01462,128,0.5898617511520737
8084,SAMN03859831|OBHHDHNJ_01467,1,0.004608294930875576
8085,SAMN03859831|OBHHDHNJ_01468,1,0.004608294930875576
8086,SAMN03859831|OBHHDHNJ_01469,1,0.004608294930875576
8087,SAMN03859831|OBHHDHNJ_01503,1,0.004608294930875576
8088,SAMN03859831|OBHHDHNJ_01510,1,0.004608294930875576
8089,SAMN03859831|OBHHDHNJ_01523,1,0.004608294930875576
8090,SAMN03859831|OBHHDHNJ_01644,5,0.02304147465437788
8091,SAMN03859831|OBHHDHNJ_01786,1,0.004608294930875576
8092,SAMN03859831|OBHHDHNJ_01865,2,0.009216589861751152
8093,SAMN03859831|OBHHDHNJ_01955,1,0.004608294930875576
8094,SAMN03859831|OBHHDHNJ_01967,4,0.018433179723502304
8095,SAMN03859831|OBHHDHNJ_01973,2,0.009216589861751152
8096,SAMN03859831|OBHHDHNJ_02017,1,0.004608294930875576
8097,SAMN03859831|OBHHDHNJ_02036,1,0.004608294930875576
8098,SAMN03859831|OBHHDHNJ_02045,1,0.004608294930875576
8099,SAMN03859831|OBHHDHNJ_02166,1,0.004608294930875576
8100,SAMN03859831|OBHHDHNJ_02216,1,0.004608294930875576
8101,SAMN03859831|OBHHDHNJ_02226,1,0.004608294930875576
8102,SAMN03859831|OBHHDHNJ_02288,1,0.004608294930875576
8103,SAMN03859831|OBHHDHNJ_02292,1,0.004608294930875576
8104,SAMN03859831|OBHHDHNJ_02298,1,0.004608294930875576
8105,SAMN03859831|OBHHDHNJ_02303,1,0.004608294930875576
8106,SAMN03859831|OBHHDHNJ_02306,1,0.004608294930875576
8107,SAMN03859831|OBHHDHNJ_02361,1,0.004608294930875576
8108,SAMN03859831|OBHHDHNJ_02368,1,0.004608294930875576
8109,SAMN03859831|OBHHDHNJ_02399,1,0.004608294930875576
8110,SAMN03859831|OBHHDHNJ_02402,1,0.004608294930875576
8111,SAMN03859831|OBHHDHNJ_02413,1,0.004608294930875576
8112,SAMN03859831|OBHHDHNJ_02427,1,0.004608294930875576
8113,SAMN03859831|OBHHDHNJ_02448,1,0.004608294930875576
8114,SAMN03859831|OBHHDHNJ_02461,1,0.004608294930875576
8115,SAMN03859833|DNBBGIHB_00027,1,0.004608294930875576
8116,SAMN03859833|DNBBGIHB_00185,153,0.7050691244239631
8117,SAMN03859833|DNBBGIHB_00195,1,0.004608294930875576
8118,SAMN03859833|DNBBGIHB_00441,1,0.004608294930875576
8119,SAMN03859833|DNBBGIHB_00442,1,0.004608294930875576
8120,SAMN03859833|DNBBGIHB_00624,4,0.018433179723502304
8121,SAMN03859833|DNBBGIHB_00653,1,0.004608294930875576
8122,SAMN03859833|DNBBGIHB_00710,4,0.018433179723502304
8123,SAMN03859833|DNBBGIHB_00750,3,0.013824884792626729
8124,SAMN03859833|DNBBGIHB_00928,1,0.004608294930875576
8125,SAMN03859833|DNBBGIHB_01012,217,1.0
8126,SAMN03859833|DNBBGIHB_01024,1,0.004608294930875576
8127,SAMN03859833|DNBBGIHB_01059,1,0.004608294930875576
8128,SAMN03859833|DNBBGIHB_01060,1,0.004608294930875576
8129,SAMN03859833|DNBBGIHB_01177,72,0.3317972350230415
8130,SAMN03859833|DNBBGIHB_01182,1,0.004608294930875576
8131,SAMN03859833|DNBBGIHB_01196,1,0.004608294930875576
8132,SAMN03859833|DNBBGIHB_01595,1,0.004608294930875576
8133,SAMN03859833|DNBBGIHB_01708,1,0.004608294930875576
8134,SAMN03859833|DNBBGIHB_01736,1,0.004608294930875576
8135,SAMN03859833|DNBBGIHB_01738,1,0.004608294930875576
8136,SAMN03859833|DNBBGIHB_01739,1,0.004608294930875576
8137,SAMN03859833|DNBBGIHB_01740,1,0.004608294930875576
8138,SAMN03859833|DNBBGIHB_01741,1,0.004608294930875576
8139,SAMN03859833|DNBBGIHB_01742,1,0.004608294930875576
8140,SAMN03859833|DNBBGIHB_01743,1,0.004608294930875576
8141,SAMN03859833|DNBBGIHB_01746,1,0.004608294930875576
8142,SAMN03859833|DNBBGIHB_01747,1,0.004608294930875576
8143,SAMN03859833|DNBBGIHB_01748,1,0.004608294930875576
8144,SAMN03859833|DNBBGIHB_01761,214,0.9861751152073732
8145,SAMN03859833|DNBBGIHB_01773,2,0.009216589861751152
8146,SAMN03859833|DNBBGIHB_01814,1,0.004608294930875576
8147,SAMN03859833|DNBBGIHB_01861,2,0.009216589861751152
8148,SAMN03859833|DNBBGIHB_02156,1,0.004608294930875576
8149,SAMN03859833|DNBBGIHB_02195,215,0.9907834101382489
8150,SAMN03859833|DNBBGIHB_02271,3,0.013824884792626729
8151,SAMN03859833|DNBBGIHB_02273,1,0.004608294930875576
8152,SAMN03859833|DNBBGIHB_02274,1,0.004608294930875576
8153,SAMN03859833|DNBBGIHB_02362,86,0.39631336405529954
8154,SAMN03859833|DNBBGIHB_02366,1,0.004608294930875576
8155,SAMN03859833|DNBBGIHB_02374,1,0.004608294930875576
8156,SAMN03859833|DNBBGIHB_02406,1,0.004608294930875576
8157,SAMN03859833|DNBBGIHB_02407,1,0.004608294930875576
8158,SAMN03859833|DNBBGIHB_02423,1,0.004608294930875576
8159,SAMN03859833|DNBBGIHB_02450,1,0.004608294930875576
8160,SAMN03859833|DNBBGIHB_02451,4,0.018433179723502304
8161,SAMN03859833|DNBBGIHB_02452,1,0.004608294930875576
8162,SAMN03859833|DNBBGIHB_02453,1,0.004608294930875576
8163,SAMN03859833|DNBBGIHB_02464,1,0.004608294930875576
8164,SAMN03859833|DNBBGIHB_02529,1,0.004608294930875576
8165,SAMN03859833|DNBBGIHB_02532,1,0.004608294930875576
8166,SAMN03859838|ECHPPBDL_00493,1,0.004608294930875576
8167,SAMN03859838|ECHPPBDL_01166,1,0.004608294930875576
8168,SAMN03859838|ECHPPBDL_01606,4,0.018433179723502304
8169,SAMN03859838|ECHPPBDL_01769,1,0.004608294930875576
8170,SAMN03859838|ECHPPBDL_02252,1,0.004608294930875576
8171,SAMN03859838|ECHPPBDL_02288,2,0.009216589861751152
8172,SAMN03859838|ECHPPBDL_02376,1,0.004608294930875576
8173,SAMN03859838|ECHPPBDL_02618,1,0.004608294930875576
8174,SAMN03859838|ECHPPBDL_02657,6,0.027649769585253458
8175,SAMN03859838|ECHPPBDL_02701,1,0.004608294930875576
8176,SAMN03859838|ECHPPBDL_02707,1,0.004608294930875576
8177,SAMN03859838|ECHPPBDL_02743,3,0.013824884792626729
8178,SAMN03859838|ECHPPBDL_02765,3,0.013824884792626729
8179,SAMN03859838|ECHPPBDL_02771,1,0.004608294930875576
8180,SAMN03859839|BNDBKGEB_00212,1,0.004608294930875576
8181,SAMN03859839|BNDBKGEB_00213,1,0.004608294930875576
8182,SAMN03859839|BNDBKGEB_00303,1,0.004608294930875576
8183,SAMN03859839|BNDBKGEB_00454,1,0.004608294930875576
8184,SAMN03859839|BNDBKGEB_00455,1,0.004608294930875576
8185,SAMN03859839|BNDBKGEB_00681,2,0.009216589861751152
8186,SAMN03859839|BNDBKGEB_01364,3,0.013824884792626729
8187,SAMN03859839|BNDBKGEB_01365,1,0.004608294930875576
8188,SAMN03859839|BNDBKGEB_01564,154,0.7096774193548387
8189,SAMN03859839|BNDBKGEB_01963,1,0.004608294930875576
8190,SAMN03859839|BNDBKGEB_01964,1,0.004608294930875576
8191,SAMN03859839|BNDBKGEB_01975,215,0.9907834101382489
8192,SAMN03859839|BNDBKGEB_02297,1,0.004608294930875576
8193,SAMN03859839|BNDBKGEB_02298,1,0.004608294930875576
8194,SAMN03859839|BNDBKGEB_02358,1,0.004608294930875576
8195,SAMN03859839|BNDBKGEB_02373,1,0.004608294930875576
8196,SAMN03859839|BNDBKGEB_02375,1,0.004608294930875576
8197,SAMN03859839|BNDBKGEB_02411,1,0.004608294930875576
8198,SAMN03859839|BNDBKGEB_02457,28,0.12903225806451613
8199,SAMN03859839|BNDBKGEB_02470,4,0.018433179723502304
8200,SAMN03859839|BNDBKGEB_02519,1,0.004608294930875576
8201,SAMN03859839|BNDBKGEB_02520,1,0.004608294930875576
8202,SAMN03859839|BNDBKGEB_02521,1,0.004608294930875576
8203,SAMN03859839|BNDBKGEB_02533,2,0.009216589861751152
8204,SAMN03859839|BNDBKGEB_02534,18,0.08294930875576037
8205,SAMN03859839|BNDBKGEB_02541,1,0.004608294930875576
8206,SAMN03859839|BNDBKGEB_02546,1,0.004608294930875576
8207,SAMN03859839|BNDBKGEB_02561,4,0.018433179723502304
8208,SAMN03859839|BNDBKGEB_02562,2,0.009216589861751152
8209,SAMN03859840|CGHHMIMH_00354,17,0.07834101382488479
8210,SAMN03859840|CGHHMIMH_00456,1,0.004608294930875576
8211,SAMN03859840|CGHHMIMH_00457,1,0.004608294930875576
8212,SAMN03859840|CGHHMIMH_00707,1,0.004608294930875576
8213,SAMN03859840|CGHHMIMH_00708,1,0.004608294930875576
8214,SAMN03859840|CGHHMIMH_01182,1,0.004608294930875576
8215,SAMN03859840|CGHHMIMH_01495,3,0.013824884792626729
8216,SAMN03859840|CGHHMIMH_01741,200,0.9216589861751152
8217,SAMN03859840|CGHHMIMH_02362,1,0.004608294930875576
8218,SAMN03859840|CGHHMIMH_02363,1,0.004608294930875576
8219,SAMN03859840|CGHHMIMH_02378,1,0.004608294930875576
8220,SAMN03859840|CGHHMIMH_02379,1,0.004608294930875576
8221,SAMN03859840|CGHHMIMH_02380,1,0.004608294930875576
8222,SAMN03859840|CGHHMIMH_02384,216,0.9953917050691244
8223,SAMN03859840|CGHHMIMH_02385,1,0.004608294930875576
8224,SAMN03859840|CGHHMIMH_02386,1,0.004608294930875576
8225,SAMN03859840|CGHHMIMH_02505,1,0.004608294930875576
8226,SAMN03859840|CGHHMIMH_02508,1,0.004608294930875576
8227,SAMN03859840|CGHHMIMH_02509,1,0.004608294930875576
8228,SAMN03859840|CGHHMIMH_02510,1,0.004608294930875576
8229,SAMN03859840|CGHHMIMH_02511,1,0.004608294930875576
8230,SAMN03859840|CGHHMIMH_02512,1,0.004608294930875576
8231,SAMN03859840|CGHHMIMH_02513,1,0.004608294930875576
8232,SAMN03859840|CGHHMIMH_02514,1,0.004608294930875576
8233,SAMN03859840|CGHHMIMH_02515,1,0.004608294930875576
8234,SAMN03859840|CGHHMIMH_02575,1,0.004608294930875576
8235,SAMN03859840|CGHHMIMH_02576,1,0.004608294930875576
8236,SAMN03859840|CGHHMIMH_02579,1,0.004608294930875576
8237,SAMN03859840|CGHHMIMH_02585,4,0.018433179723502304
8238,SAMN04244164|GKGLGNMO_00037,2,0.009216589861751152
8239,SAMN04244164|GKGLGNMO_00038,2,0.009216589861751152
8240,SAMN04244164|GKGLGNMO_00073,2,0.009216589861751152
8241,SAMN04244164|GKGLGNMO_00276,2,0.009216589861751152
8242,SAMN04244164|GKGLGNMO_00311,2,0.009216589861751152
8243,SAMN04244164|GKGLGNMO_00317,2,0.009216589861751152
8244,SAMN04244164|GKGLGNMO_00436,213,0.9815668202764977
8245,SAMN04244164|GKGLGNMO_00514,1,0.004608294930875576
8246,SAMN04244164|GKGLGNMO_00596,214,0.9861751152073732
8247,SAMN04244164|GKGLGNMO_00613,1,0.004608294930875576
8248,SAMN04244164|GKGLGNMO_00626,1,0.004608294930875576
8249,SAMN04244164|GKGLGNMO_00627,2,0.009216589861751152
8250,SAMN04244164|GKGLGNMO_00720,2,0.009216589861751152
8251,SAMN04244164|GKGLGNMO_00721,2,0.009216589861751152
8252,SAMN04244164|GKGLGNMO_00742,1,0.004608294930875576
8253,SAMN04244164|GKGLGNMO_00743,2,0.009216589861751152
8254,SAMN04244164|GKGLGNMO_00824,2,0.009216589861751152
8255,SAMN04244164|GKGLGNMO_00907,217,1.0
8256,SAMN04244164|GKGLGNMO_01018,211,0.9723502304147466
8257,SAMN04244164|GKGLGNMO_01108,7,0.03225806451612903
8258,SAMN04244164|GKGLGNMO_01109,4,0.018433179723502304
8259,SAMN04244164|GKGLGNMO_01347,2,0.009216589861751152
8260,SAMN04244164|GKGLGNMO_01349,2,0.009216589861751152
8261,SAMN04244164|GKGLGNMO_01367,2,0.009216589861751152
8262,SAMN04244164|GKGLGNMO_01448,2,0.009216589861751152
8263,SAMN04244164|GKGLGNMO_01500,2,0.009216589861751152
8264,SAMN04244164|GKGLGNMO_01513,215,0.9907834101382489
8265,SAMN04244164|GKGLGNMO_01544,1,0.004608294930875576
8266,SAMN04244164|GKGLGNMO_01590,3,0.013824884792626729
8267,SAMN04244164|GKGLGNMO_01736,5,0.02304147465437788
8268,SAMN04244164|GKGLGNMO_01738,2,0.009216589861751152
8269,SAMN04244164|GKGLGNMO_01875,1,0.004608294930875576
8270,SAMN04244164|GKGLGNMO_01879,6,0.027649769585253458
8271,SAMN04244164|GKGLGNMO_02013,2,0.009216589861751152
8272,SAMN04244164|GKGLGNMO_02023,216,0.9953917050691244
8273,SAMN04244164|GKGLGNMO_02085,201,0.9262672811059908
8274,SAMN04244164|GKGLGNMO_02110,2,0.009216589861751152
8275,SAMN04244164|GKGLGNMO_02111,2,0.009216589861751152
8276,SAMN04244164|GKGLGNMO_02219,2,0.009216589861751152
8277,SAMN04244164|GKGLGNMO_02268,22,0.10138248847926268
8278,SAMN04244164|GKGLGNMO_02270,2,0.009216589861751152
8279,SAMN04244164|GKGLGNMO_02271,2,0.009216589861751152
8280,SAMN04244164|GKGLGNMO_02273,2,0.009216589861751152
8281,SAMN04244164|GKGLGNMO_02274,2,0.009216589861751152
8282,SAMN04244164|GKGLGNMO_02309,2,0.009216589861751152
8283,SAMN04244164|GKGLGNMO_02310,2,0.009216589861751152
8284,SAMN04244164|GKGLGNMO_02311,2,0.009216589861751152
8285,SAMN04244164|GKGLGNMO_02312,2,0.009216589861751152
8286,SAMN04244164|GKGLGNMO_02313,2,0.009216589861751152
8287,SAMN04244164|GKGLGNMO_02314,2,0.009216589861751152
8288,SAMN04244164|GKGLGNMO_02315,2,0.009216589861751152
8289,SAMN04244164|GKGLGNMO_02316,2,0.009216589861751152
8290,SAMN04244164|GKGLGNMO_02317,2,0.009216589861751152
8291,SAMN04244164|GKGLGNMO_02422,2,0.009216589861751152
8292,SAMN04244164|GKGLGNMO_02428,2,0.009216589861751152
8293,SAMN04244164|GKGLGNMO_02429,2,0.009216589861751152
8294,SAMN04244164|GKGLGNMO_02441,2,0.009216589861751152
8295,SAMN04244164|GKGLGNMO_02443,1,0.004608294930875576
8296,SAMN04244164|GKGLGNMO_02446,2,0.009216589861751152
8297,SAMN04244164|GKGLGNMO_02447,2,0.009216589861751152
8298,SAMN04244164|GKGLGNMO_02450,1,0.004608294930875576
8299,SAMN04244164|GKGLGNMO_02455,1,0.004608294930875576
8300,SAMN04244164|GKGLGNMO_02477,2,0.009216589861751152
8301,SAMN04244164|GKGLGNMO_02480,2,0.009216589861751152
8302,SAMN04244165|MCOIMFOC_00236,1,0.004608294930875576
8303,SAMN04244165|MCOIMFOC_01144,3,0.013824884792626729
8304,SAMN04244165|MCOIMFOC_01546,1,0.004608294930875576
8305,SAMN04244165|MCOIMFOC_01972,1,0.004608294930875576
8306,SAMN04244165|MCOIMFOC_02134,1,0.004608294930875576
8307,SAMN04244165|MCOIMFOC_02147,1,0.004608294930875576
8308,SAMN04244165|MCOIMFOC_02158,1,0.004608294930875576
8309,SAMN04244165|MCOIMFOC_02239,1,0.004608294930875576
8310,SAMN04244165|MCOIMFOC_02243,201,0.9262672811059908
8311,SAMN04244165|MCOIMFOC_02249,3,0.013824884792626729
8312,SAMN04244165|MCOIMFOC_02303,160,0.7373271889400922
8313,SAMN04244165|MCOIMFOC_02304,3,0.013824884792626729
8314,SAMN04244165|MCOIMFOC_02461,1,0.004608294930875576
8315,SAMN04244165|MCOIMFOC_02544,2,0.009216589861751152
8316,SAMN04244165|MCOIMFOC_02572,2,0.009216589861751152
8317,SAMN04244165|MCOIMFOC_02603,1,0.004608294930875576
8318,SAMN04244165|MCOIMFOC_02630,2,0.009216589861751152
8319,SAMN04244165|MCOIMFOC_02639,1,0.004608294930875576
8320,SAMN04244165|MCOIMFOC_02659,1,0.004608294930875576
8321,SAMN04244165|MCOIMFOC_02691,1,0.004608294930875576
8322,SAMN04244165|MCOIMFOC_02702,1,0.004608294930875576
8323,SAMN04244166|KLMJOCEL_00131,215,0.9907834101382489
8324,SAMN04244166|KLMJOCEL_00284,39,0.17972350230414746
8325,SAMN04244166|KLMJOCEL_00380,1,0.004608294930875576
8326,SAMN04244166|KLMJOCEL_00397,212,0.9769585253456221
8327,SAMN04244166|KLMJOCEL_00808,33,0.15207373271889402
8328,SAMN04244166|KLMJOCEL_00998,1,0.004608294930875576
8329,SAMN04244166|KLMJOCEL_01356,1,0.004608294930875576
8330,SAMN04244166|KLMJOCEL_01426,1,0.004608294930875576
8331,SAMN04244166|KLMJOCEL_01465,1,0.004608294930875576
8332,SAMN04244166|KLMJOCEL_01525,1,0.004608294930875576
8333,SAMN04244166|KLMJOCEL_01598,1,0.004608294930875576
8334,SAMN04244166|KLMJOCEL_01599,1,0.004608294930875576
8335,SAMN04244166|KLMJOCEL_01600,1,0.004608294930875576
8336,SAMN04244166|KLMJOCEL_01601,1,0.004608294930875576
8337,SAMN04244166|KLMJOCEL_01603,3,0.013824884792626729
8338,SAMN04244166|KLMJOCEL_01604,1,0.004608294930875576
8339,SAMN04244166|KLMJOCEL_01605,1,0.004608294930875576
8340,SAMN04244166|KLMJOCEL_01606,1,0.004608294930875576
8341,SAMN04244166|KLMJOCEL_01607,1,0.004608294930875576
8342,SAMN04244166|KLMJOCEL_01608,1,0.004608294930875576
8343,SAMN04244166|KLMJOCEL_01751,1,0.004608294930875576
8344,SAMN04244166|KLMJOCEL_01811,18,0.08294930875576037
8345,SAMN04244166|KLMJOCEL_01858,1,0.004608294930875576
8346,SAMN04244166|KLMJOCEL_01919,1,0.004608294930875576
8347,SAMN04244166|KLMJOCEL_01920,1,0.004608294930875576
8348,SAMN04244166|KLMJOCEL_01921,1,0.004608294930875576
8349,SAMN04244166|KLMJOCEL_01922,1,0.004608294930875576
8350,SAMN04244166|KLMJOCEL_01923,1,0.004608294930875576
8351,SAMN04244166|KLMJOCEL_01933,1,0.004608294930875576
8352,SAMN04244166|KLMJOCEL_02263,1,0.004608294930875576
8353,SAMN04244166|KLMJOCEL_02272,1,0.004608294930875576
8354,SAMN04244166|KLMJOCEL_02273,1,0.004608294930875576
8355,SAMN04244166|KLMJOCEL_02338,1,0.004608294930875576
8356,SAMN04244166|KLMJOCEL_02339,1,0.004608294930875576
8357,SAMN04244166|KLMJOCEL_02340,1,0.004608294930875576
8358,SAMN04244166|KLMJOCEL_02360,1,0.004608294930875576
8359,SAMN04244166|KLMJOCEL_02366,2,0.009216589861751152
8360,SAMN04244166|KLMJOCEL_02369,1,0.004608294930875576
8361,SAMN04244166|KLMJOCEL_02414,1,0.004608294930875576
8362,SAMN04244166|KLMJOCEL_02415,1,0.004608294930875576
8363,SAMN04244166|KLMJOCEL_02421,1,0.004608294930875576
8364,SAMN04244166|KLMJOCEL_02424,1,0.004608294930875576
8365,SAMN04244166|KLMJOCEL_02430,1,0.004608294930875576
8366,SAMN04244166|KLMJOCEL_02431,1,0.004608294930875576
8367,SAMN04244166|KLMJOCEL_02443,1,0.004608294930875576
8368,SAMN04244166|KLMJOCEL_02450,1,0.004608294930875576
8369,SAMN04244166|KLMJOCEL_02451,1,0.004608294930875576
8370,SAMN04244166|KLMJOCEL_02491,5,0.02304147465437788
8371,SAMN04244166|KLMJOCEL_02495,1,0.004608294930875576
8372,SAMN04244166|KLMJOCEL_02496,1,0.004608294930875576
8373,SAMN04244166|KLMJOCEL_02560,1,0.004608294930875576
8374,SAMN09847804|NADGOFJO_00249,1,0.004608294930875576
8375,SAMN09847804|NADGOFJO_00350,1,0.004608294930875576
8376,SAMN09847804|NADGOFJO_00351,1,0.004608294930875576
8377,SAMN09847804|NADGOFJO_00421,1,0.004608294930875576
8378,SAMN09847804|NADGOFJO_00422,1,0.004608294930875576
8379,SAMN09847804|NADGOFJO_00439,1,0.004608294930875576
8380,SAMN09847804|NADGOFJO_00440,1,0.004608294930875576
8381,SAMN09847804|NADGOFJO_00452,1,0.004608294930875576
8382,SAMN09847804|NADGOFJO_00453,1,0.004608294930875576
8383,SAMN09847804|NADGOFJO_00456,3,0.013824884792626729
8384,SAMN09847804|NADGOFJO_00972,2,0.009216589861751152
8385,SAMN09847804|NADGOFJO_01008,217,1.0
8386,SAMN09847804|NADGOFJO_01012,2,0.009216589861751152
8387,SAMN09847804|NADGOFJO_01047,3,0.013824884792626729
8388,SAMN09847804|NADGOFJO_01048,1,0.004608294930875576
8389,SAMN09847804|NADGOFJO_01076,3,0.013824884792626729
8390,SAMN09847804|NADGOFJO_01104,216,0.9953917050691244
8391,SAMN09847804|NADGOFJO_01138,1,0.004608294930875576
8392,SAMN09847804|NADGOFJO_01139,1,0.004608294930875576
8393,SAMN09847804|NADGOFJO_01624,2,0.009216589861751152
8394,SAMN09847804|NADGOFJO_01634,1,0.004608294930875576
8395,SAMN09847804|NADGOFJO_01635,1,0.004608294930875576
8396,SAMN09847804|NADGOFJO_01782,1,0.004608294930875576
8397,SAMN09847804|NADGOFJO_01783,1,0.004608294930875576
8398,SAMN09847804|NADGOFJO_01812,1,0.004608294930875576
8399,SAMN09847804|NADGOFJO_01875,1,0.004608294930875576
8400,SAMN09847804|NADGOFJO_01876,2,0.009216589861751152
8401,SAMN09847804|NADGOFJO_01877,2,0.009216589861751152
8402,SAMN09847804|NADGOFJO_01999,1,0.004608294930875576
8403,SAMN09847804|NADGOFJO_02321,203,0.9354838709677419
8404,SAMN09847804|NADGOFJO_02393,1,0.004608294930875576
8405,SAMN09847804|NADGOFJO_02394,1,0.004608294930875576
8406,SAMN09847804|NADGOFJO_02401,1,0.004608294930875576
8407,SAMN09847804|NADGOFJO_02549,1,0.004608294930875576
8408,SAMN09847804|NADGOFJO_02562,1,0.004608294930875576
8409,SAMN09847804|NADGOFJO_02563,1,0.004608294930875576
8410,SAMN09847804|NADGOFJO_02631,1,0.004608294930875576
8411,SAMN09847804|NADGOFJO_02660,1,0.004608294930875576
8412,SAMN09847805|OGNPNJJJ_00601,1,0.004608294930875576
8413,SAMN09847805|OGNPNJJJ_00602,1,0.004608294930875576
8414,SAMN09847805|OGNPNJJJ_00809,1,0.004608294930875576
8415,SAMN09847805|OGNPNJJJ_00927,98,0.45161290322580644
8416,SAMN09847805|OGNPNJJJ_01415,1,0.004608294930875576
8417,SAMN09847805|OGNPNJJJ_01416,1,0.004608294930875576
8418,SAMN09847805|OGNPNJJJ_01434,1,0.004608294930875576
8419,SAMN09847805|OGNPNJJJ_01435,3,0.013824884792626729
8420,SAMN09847805|OGNPNJJJ_01721,1,0.004608294930875576
8421,SAMN09847805|OGNPNJJJ_01722,1,0.004608294930875576
8422,SAMN09847805|OGNPNJJJ_01820,3,0.013824884792626729
8423,SAMN09847805|OGNPNJJJ_02198,1,0.004608294930875576
8424,SAMN09847805|OGNPNJJJ_02473,1,0.004608294930875576
8425,SAMN09847805|OGNPNJJJ_02646,1,0.004608294930875576
8426,SAMN09847806|LKBDOAPH_00204,2,0.009216589861751152
8427,SAMN09847806|LKBDOAPH_00212,211,0.9723502304147466
8428,SAMN09847806|LKBDOAPH_00284,1,0.004608294930875576
8429,SAMN09847806|LKBDOAPH_00407,3,0.013824884792626729
8430,SAMN09847806|LKBDOAPH_00505,1,0.004608294930875576
8431,SAMN09847806|LKBDOAPH_00506,1,0.004608294930875576
8432,SAMN09847806|LKBDOAPH_00747,1,0.004608294930875576
8433,SAMN09847806|LKBDOAPH_00837,3,0.013824884792626729
8434,SAMN09847806|LKBDOAPH_00925,29,0.1336405529953917
8435,SAMN09847806|LKBDOAPH_01591,1,0.004608294930875576
8436,SAMN09847806|LKBDOAPH_01592,1,0.004608294930875576
8437,SAMN09847806|LKBDOAPH_01842,217,1.0
8438,SAMN09847806|LKBDOAPH_02007,1,0.004608294930875576
8439,SAMN09847806|LKBDOAPH_02008,1,0.004608294930875576
8440,SAMN09847806|LKBDOAPH_02017,16,0.07373271889400922
8441,SAMN09847806|LKBDOAPH_02099,1,0.004608294930875576
8442,SAMN09847806|LKBDOAPH_02206,1,0.004608294930875576
8443,SAMN09847806|LKBDOAPH_02229,1,0.004608294930875576
8444,SAMN09847807|AIMIDLKC_00028,1,0.004608294930875576
8445,SAMN09847807|AIMIDLKC_00029,1,0.004608294930875576
8446,SAMN09847807|AIMIDLKC_00154,214,0.9861751152073732
8447,SAMN09847807|AIMIDLKC_00163,213,0.9815668202764977
8448,SAMN09847807|AIMIDLKC_00526,2,0.009216589861751152
8449,SAMN09847807|AIMIDLKC_00527,15,0.06912442396313365
8450,SAMN09847807|AIMIDLKC_00829,2,0.009216589861751152
8451,SAMN09847807|AIMIDLKC_00860,1,0.004608294930875576
8452,SAMN09847807|AIMIDLKC_00908,1,0.004608294930875576
8453,SAMN09847807|AIMIDLKC_00909,1,0.004608294930875576
8454,SAMN09847807|AIMIDLKC_01139,2,0.009216589861751152
8455,SAMN09847807|AIMIDLKC_01210,1,0.004608294930875576
8456,SAMN09847807|AIMIDLKC_01211,1,0.004608294930875576
8457,SAMN09847807|AIMIDLKC_01273,13,0.059907834101382486
8458,SAMN09847807|AIMIDLKC_01679,1,0.004608294930875576
8459,SAMN09847807|AIMIDLKC_01722,1,0.004608294930875576
8460,SAMN09847808|CMMAGOLC_00419,216,0.9953917050691244
8461,SAMN09847808|CMMAGOLC_00598,217,1.0
8462,SAMN09847808|CMMAGOLC_00836,1,0.004608294930875576
8463,SAMN09847808|CMMAGOLC_01551,4,0.018433179723502304
8464,SAMN09847808|CMMAGOLC_01622,1,0.004608294930875576
8465,SAMN09847808|CMMAGOLC_01623,1,0.004608294930875576
8466,SAMN09847808|CMMAGOLC_01911,1,0.004608294930875576
8467,SAMN09847808|CMMAGOLC_01912,1,0.004608294930875576
8468,SAMN09847808|CMMAGOLC_02449,210,0.967741935483871
8469,SAMN09847809|FFGNGKIF_01467,215,0.9907834101382489
8470,SAMN09847809|FFGNGKIF_02059,1,0.004608294930875576
8471,SAMN09847809|FFGNGKIF_02060,1,0.004608294930875576
8472,SAMN09847809|FFGNGKIF_02278,154,0.7096774193548387
8473,SAMN09847809|FFGNGKIF_02341,1,0.004608294930875576
8474,SAMN09847810|HCAIMLMK_00143,1,0.004608294930875576
8475,SAMN09847810|HCAIMLMK_00144,1,0.004608294930875576
8476,SAMN09847810|HCAIMLMK_00202,39,0.17972350230414746
8477,SAMN09847810|HCAIMLMK_00440,3,0.013824884792626729
8478,SAMN09847810|HCAIMLMK_00441,1,0.004608294930875576
8479,SAMN09847810|HCAIMLMK_00495,4,0.018433179723502304
8480,SAMN09847810|HCAIMLMK_00759,215,0.9907834101382489
8481,SAMN09847810|HCAIMLMK_00868,114,0.5253456221198156
8482,SAMN09847810|HCAIMLMK_02090,211,0.9723502304147466
8483,SAMN09847810|HCAIMLMK_02221,2,0.009216589861751152
8484,SAMN09847811|LOGDIJHC_00121,2,0.009216589861751152
8485,SAMN09847811|LOGDIJHC_00228,5,0.02304147465437788
8486,SAMN09847811|LOGDIJHC_00229,3,0.013824884792626729
8487,SAMN09847811|LOGDIJHC_00358,1,0.004608294930875576
8488,SAMN09847811|LOGDIJHC_00371,1,0.004608294930875576
8489,SAMN09847811|LOGDIJHC_00372,1,0.004608294930875576
8490,SAMN09847811|LOGDIJHC_00383,3,0.013824884792626729
8491,SAMN09847811|LOGDIJHC_00384,57,0.2626728110599078
8492,SAMN09847811|LOGDIJHC_00385,1,0.004608294930875576
8493,SAMN09847811|LOGDIJHC_00386,1,0.004608294930875576
8494,SAMN09847811|LOGDIJHC_00534,1,0.004608294930875576
8495,SAMN09847811|LOGDIJHC_00747,1,0.004608294930875576
8496,SAMN09847811|LOGDIJHC_00748,1,0.004608294930875576
8497,SAMN09847811|LOGDIJHC_00998,1,0.004608294930875576
8498,SAMN09847811|LOGDIJHC_01212,2,0.009216589861751152
8499,SAMN09847811|LOGDIJHC_01711,1,0.004608294930875576
8500,SAMN09847811|LOGDIJHC_01713,1,0.004608294930875576
8501,SAMN09847811|LOGDIJHC_01714,1,0.004608294930875576
8502,SAMN09847811|LOGDIJHC_01816,4,0.018433179723502304
8503,SAMN09847811|LOGDIJHC_02351,4,0.018433179723502304
8504,SAMN09847812|LMMGNGCM_00140,1,0.004608294930875576
8505,SAMN09847812|LMMGNGCM_00452,1,0.004608294930875576
8506,SAMN09847812|LMMGNGCM_00494,1,0.004608294930875576
8507,SAMN09847812|LMMGNGCM_00540,64,0.29493087557603687
8508,SAMN09847812|LMMGNGCM_00542,1,0.004608294930875576
8509,SAMN09847812|LMMGNGCM_00703,1,0.004608294930875576
8510,SAMN09847812|LMMGNGCM_00713,1,0.004608294930875576
8511,SAMN09847812|LMMGNGCM_00830,1,0.004608294930875576
8512,SAMN09847812|LMMGNGCM_01661,1,0.004608294930875576
8513,SAMN09847812|LMMGNGCM_01810,1,0.004608294930875576
8514,SAMN09847812|LMMGNGCM_02186,1,0.004608294930875576
8515,SAMN09847812|LMMGNGCM_02191,1,0.004608294930875576
8516,SAMN09847812|LMMGNGCM_02192,1,0.004608294930875576
8517,SAMN09847812|LMMGNGCM_02215,14,0.06451612903225806
8518,SAMN09847812|LMMGNGCM_02475,1,0.004608294930875576
8519,SAMN09847812|LMMGNGCM_02476,1,0.004608294930875576
8520,SAMN09847812|LMMGNGCM_02478,1,0.004608294930875576
8521,SAMN09847812|LMMGNGCM_02489,8,0.03686635944700461
8522,SAMN09847812|LMMGNGCM_02490,1,0.004608294930875576
8523,SAMN09847812|LMMGNGCM_02497,2,0.009216589861751152
8524,SAMN09847812|LMMGNGCM_02507,1,0.004608294930875576
8525,SAMN09847812|LMMGNGCM_02508,2,0.009216589861751152
8526,SAMN09847812|LMMGNGCM_02509,1,0.004608294930875576
8527,SAMN09847813|DJCFKDCD_00297,17,0.07834101382488479
8528,SAMN09847813|DJCFKDCD_00794,3,0.013824884792626729
8529,SAMN09847813|DJCFKDCD_00811,3,0.013824884792626729
8530,SAMN09847813|DJCFKDCD_01071,1,0.004608294930875576
8531,SAMN09847813|DJCFKDCD_02062,1,0.004608294930875576
8532,SAMN09847813|DJCFKDCD_02067,1,0.004608294930875576
8533,SAMN09847813|DJCFKDCD_02416,2,0.009216589861751152
8534,SAMN09847813|DJCFKDCD_02422,3,0.013824884792626729
8535,SAMN09847814|IKPFJANF_00102,1,0.004608294930875576
8536,SAMN09847814|IKPFJANF_00336,1,0.004608294930875576
8537,SAMN09847814|IKPFJANF_00452,34,0.15668202764976957
8538,SAMN09847814|IKPFJANF_00465,1,0.004608294930875576
8539,SAMN09847814|IKPFJANF_00668,9,0.041474654377880185
8540,SAMN09847814|IKPFJANF_00791,1,0.004608294930875576
8541,SAMN09847814|IKPFJANF_00792,1,0.004608294930875576
8542,SAMN09847814|IKPFJANF_01011,216,0.9953917050691244
8543,SAMN09847814|IKPFJANF_01410,1,0.004608294930875576
8544,SAMN09847814|IKPFJANF_01411,1,0.004608294930875576
8545,SAMN09847814|IKPFJANF_01514,1,0.004608294930875576
8546,SAMN09847814|IKPFJANF_01515,1,0.004608294930875576
8547,SAMN09847814|IKPFJANF_01636,216,0.9953917050691244
8548,SAMN09847814|IKPFJANF_01790,1,0.004608294930875576
8549,SAMN09847814|IKPFJANF_01937,1,0.004608294930875576
8550,SAMN09847814|IKPFJANF_01987,1,0.004608294930875576
8551,SAMN09847814|IKPFJANF_01988,1,0.004608294930875576
8552,SAMN09847814|IKPFJANF_01994,4,0.018433179723502304
8553,SAMN09847814|IKPFJANF_02000,1,0.004608294930875576
8554,SAMN09847814|IKPFJANF_02359,1,0.004608294930875576
8555,SAMN09847814|IKPFJANF_02369,1,0.004608294930875576
8556,SAMN09847814|IKPFJANF_02370,1,0.004608294930875576
8557,SAMN09847814|IKPFJANF_02604,1,0.004608294930875576
8558,SAMN09847814|IKPFJANF_02605,1,0.004608294930875576
8559,SAMN09847815|AFLOAMBP_00146,211,0.9723502304147466
8560,SAMN09847816|NEFBLGDN_00138,1,0.004608294930875576
8561,SAMN09847816|NEFBLGDN_00139,1,0.004608294930875576
8562,SAMN09847816|NEFBLGDN_00151,2,0.009216589861751152
8563,SAMN09847816|NEFBLGDN_00217,1,0.004608294930875576
8564,SAMN09847816|NEFBLGDN_00218,1,0.004608294930875576
8565,SAMN09847816|NEFBLGDN_00271,1,0.004608294930875576
8566,SAMN09847816|NEFBLGDN_00460,209,0.9631336405529954
8567,SAMN09847816|NEFBLGDN_00531,3,0.013824884792626729
8568,SAMN09847816|NEFBLGDN_00567,3,0.013824884792626729
8569,SAMN09847816|NEFBLGDN_00629,1,0.004608294930875576
8570,SAMN09847816|NEFBLGDN_00630,1,0.004608294930875576
8571,SAMN09847816|NEFBLGDN_00658,2,0.009216589861751152
8572,SAMN09847816|NEFBLGDN_00776,5,0.02304147465437788
8573,SAMN09847816|NEFBLGDN_01119,2,0.009216589861751152
8574,SAMN09847816|NEFBLGDN_01345,2,0.009216589861751152
8575,SAMN09847816|NEFBLGDN_01346,2,0.009216589861751152
8576,SAMN09847816|NEFBLGDN_01654,1,0.004608294930875576
8577,SAMN09847816|NEFBLGDN_02209,10,0.04608294930875576
8578,SAMN09847816|NEFBLGDN_02308,3,0.013824884792626729
8579,SAMN09847817|PKFLDBNB_00110,1,0.004608294930875576
8580,SAMN09847817|PKFLDBNB_00169,13,0.059907834101382486
8581,SAMN09847817|PKFLDBNB_00170,1,0.004608294930875576
8582,SAMN09847817|PKFLDBNB_00181,1,0.004608294930875576
8583,SAMN09847817|PKFLDBNB_00376,1,0.004608294930875576
8584,SAMN09847817|PKFLDBNB_00377,1,0.004608294930875576
8585,SAMN09847817|PKFLDBNB_00430,214,0.9861751152073732
8586,SAMN09847817|PKFLDBNB_00507,1,0.004608294930875576
8587,SAMN09847817|PKFLDBNB_00757,1,0.004608294930875576
8588,SAMN09847817|PKFLDBNB_00758,2,0.009216589861751152
8589,SAMN09847817|PKFLDBNB_00759,1,0.004608294930875576
8590,SAMN09847817|PKFLDBNB_00760,3,0.013824884792626729
8591,SAMN09847817|PKFLDBNB_00813,56,0.25806451612903225
8592,SAMN09847817|PKFLDBNB_00816,1,0.004608294930875576
8593,SAMN09847817|PKFLDBNB_00819,1,0.004608294930875576
8594,SAMN09847817|PKFLDBNB_01773,1,0.004608294930875576
8595,SAMN09847817|PKFLDBNB_01976,215,0.9907834101382489
8596,SAMN09847818|KKPGEFHN_00105,3,0.013824884792626729
8597,SAMN09847818|KKPGEFHN_00766,1,0.004608294930875576
8598,SAMN09847818|KKPGEFHN_00767,1,0.004608294930875576
8599,SAMN09847818|KKPGEFHN_01291,12,0.055299539170506916
8600,SAMN09847818|KKPGEFHN_01353,1,0.004608294930875576
8601,SAMN09847818|KKPGEFHN_01354,1,0.004608294930875576
8602,SAMN09847818|KKPGEFHN_01618,3,0.013824884792626729
8603,SAMN09847818|KKPGEFHN_01864,1,0.004608294930875576
8604,SAMN09847818|KKPGEFHN_02244,2,0.009216589861751152
8605,SAMN09847818|KKPGEFHN_02264,1,0.004608294930875576
8606,SAMN09847818|KKPGEFHN_02326,204,0.9400921658986175
8607,SAMN09847818|KKPGEFHN_02386,1,0.004608294930875576
8608,SAMN09847818|KKPGEFHN_02519,43,0.19815668202764977
8609,SAMN09847818|KKPGEFHN_02618,1,0.004608294930875576
8610,SAMN09847818|KKPGEFHN_02620,1,0.004608294930875576
8611,SAMN09847818|KKPGEFHN_02621,1,0.004608294930875576
8612,SAMN09847818|KKPGEFHN_02624,1,0.004608294930875576
8613,SAMN09847818|KKPGEFHN_02625,2,0.009216589861751152
8614,SAMN09847818|KKPGEFHN_02626,1,0.004608294930875576
8615,SAMN09847819|AAHFENOC_00381,4,0.018433179723502304
8616,SAMN09847819|AAHFENOC_00399,5,0.02304147465437788
8617,SAMN09847819|AAHFENOC_00400,5,0.02304147465437788
8618,SAMN09847819|AAHFENOC_00428,4,0.018433179723502304
8619,SAMN09847819|AAHFENOC_00612,5,0.02304147465437788
8620,SAMN09847819|AAHFENOC_00771,4,0.018433179723502304
8621,SAMN09847819|AAHFENOC_00946,4,0.018433179723502304
8622,SAMN09847819|AAHFENOC_01414,4,0.018433179723502304
8623,SAMN09847819|AAHFENOC_01415,4,0.018433179723502304
8624,SAMN09847819|AAHFENOC_01490,4,0.018433179723502304
8625,SAMN09847819|AAHFENOC_01565,4,0.018433179723502304
8626,SAMN09847819|AAHFENOC_01598,4,0.018433179723502304
8627,SAMN09847819|AAHFENOC_01599,4,0.018433179723502304
8628,SAMN09847819|AAHFENOC_01622,211,0.9723502304147466
8629,SAMN09847819|AAHFENOC_02192,5,0.02304147465437788
8630,SAMN09847820|MPFLKJKM_01100,1,0.004608294930875576
8631,SAMN09847821|HFNDDLKF_00002,1,0.004608294930875576
8632,SAMN09847821|HFNDDLKF_00004,1,0.004608294930875576
8633,SAMN09847821|HFNDDLKF_00007,1,0.004608294930875576
8634,SAMN09847821|HFNDDLKF_00008,1,0.004608294930875576
8635,SAMN09847821|HFNDDLKF_00108,217,1.0
8636,SAMN09847821|HFNDDLKF_00273,1,0.004608294930875576
8637,SAMN09847821|HFNDDLKF_00274,1,0.004608294930875576
8638,SAMN09847821|HFNDDLKF_00278,2,0.009216589861751152
8639,SAMN09847821|HFNDDLKF_00316,1,0.004608294930875576
8640,SAMN09847821|HFNDDLKF_00356,1,0.004608294930875576
8641,SAMN09847821|HFNDDLKF_00359,3,0.013824884792626729
8642,SAMN09847821|HFNDDLKF_00410,3,0.013824884792626729
8643,SAMN09847821|HFNDDLKF_00461,1,0.004608294930875576
8644,SAMN09847821|HFNDDLKF_00467,10,0.04608294930875576
8645,SAMN09847821|HFNDDLKF_00652,1,0.004608294930875576
8646,SAMN09847821|HFNDDLKF_00962,1,0.004608294930875576
8647,SAMN09847821|HFNDDLKF_00965,1,0.004608294930875576
8648,SAMN09847821|HFNDDLKF_00966,1,0.004608294930875576
8649,SAMN09847821|HFNDDLKF_00967,1,0.004608294930875576
8650,SAMN09847821|HFNDDLKF_01356,1,0.004608294930875576
8651,SAMN09847821|HFNDDLKF_01357,1,0.004608294930875576
8652,SAMN09847821|HFNDDLKF_01362,1,0.004608294930875576
8653,SAMN09847821|HFNDDLKF_01365,1,0.004608294930875576
8654,SAMN09847821|HFNDDLKF_01381,1,0.004608294930875576
8655,SAMN09847821|HFNDDLKF_01383,1,0.004608294930875576
8656,SAMN09847821|HFNDDLKF_01386,2,0.009216589861751152
8657,SAMN09847821|HFNDDLKF_01748,62,0.2857142857142857
8658,SAMN09847821|HFNDDLKF_01753,1,0.004608294930875576
8659,SAMN09847821|HFNDDLKF_02068,1,0.004608294930875576
8660,SAMN09847821|HFNDDLKF_02343,1,0.004608294930875576
8661,SAMN09847821|HFNDDLKF_02346,1,0.004608294930875576
8662,SAMN09847821|HFNDDLKF_02494,1,0.004608294930875576
8663,SAMN09847821|HFNDDLKF_02496,1,0.004608294930875576
8664,SAMN09847821|HFNDDLKF_02616,1,0.004608294930875576
8665,SAMN09847821|HFNDDLKF_02618,2,0.009216589861751152
8666,SAMN09847821|HFNDDLKF_02720,1,0.004608294930875576
8667,SAMN09847821|HFNDDLKF_02722,1,0.004608294930875576
8668,SAMN09847821|HFNDDLKF_02749,1,0.004608294930875576
8669,SAMN09847823|LPFLIODA_01097,73,0.33640552995391704
8670,SAMN09847823|LPFLIODA_02034,1,0.004608294930875576
8671,SAMN09847823|LPFLIODA_02035,1,0.004608294930875576
8672,SAMN09847824|BAPDAPPI_00441,3,0.013824884792626729
8673,SAMN09847824|BAPDAPPI_00442,3,0.013824884792626729
8674,SAMN09847824|BAPDAPPI_00630,1,0.004608294930875576
8675,SAMN09847824|BAPDAPPI_00631,1,0.004608294930875576
8676,SAMN09847824|BAPDAPPI_01097,2,0.009216589861751152
8677,SAMN09847824|BAPDAPPI_01707,2,0.009216589861751152
8678,SAMN09847824|BAPDAPPI_01708,3,0.013824884792626729
8679,SAMN09847824|BAPDAPPI_02517,1,0.004608294930875576
8680,SAMN09847825|FAPIDJKG_00703,6,0.027649769585253458
8681,SAMN09847825|FAPIDJKG_01029,41,0.1889400921658986
8682,SAMN09847825|FAPIDJKG_01384,6,0.027649769585253458
8683,SAMN09847825|FAPIDJKG_01385,6,0.027649769585253458
8684,SAMN09847825|FAPIDJKG_01689,6,0.027649769585253458
8685,SAMN09847825|FAPIDJKG_02238,6,0.027649769585253458
8686,SAMN09847826|LCPEFMAF_00960,1,0.004608294930875576
8687,SAMN09847826|LCPEFMAF_01934,2,0.009216589861751152
8688,SAMN09847831|FGBHIBDL_00055,1,0.004608294930875576
8689,SAMN09847831|FGBHIBDL_00178,10,0.04608294930875576
8690,SAMN09847831|FGBHIBDL_00180,1,0.004608294930875576
8691,SAMN09847831|FGBHIBDL_00183,12,0.055299539170506916
8692,SAMN09847831|FGBHIBDL_00190,1,0.004608294930875576
8693,SAMN09847831|FGBHIBDL_00191,1,0.004608294930875576
8694,SAMN09847831|FGBHIBDL_00192,1,0.004608294930875576
8695,SAMN09847831|FGBHIBDL_00193,1,0.004608294930875576
8696,SAMN09847831|FGBHIBDL_00194,1,0.004608294930875576
8697,SAMN09847831|FGBHIBDL_00195,1,0.004608294930875576
8698,SAMN09847831|FGBHIBDL_00196,1,0.004608294930875576
8699,SAMN09847831|FGBHIBDL_00197,1,0.004608294930875576
8700,SAMN09847831|FGBHIBDL_00198,1,0.004608294930875576
8701,SAMN09847831|FGBHIBDL_00199,1,0.004608294930875576
8702,SAMN09847831|FGBHIBDL_00200,1,0.004608294930875576
8703,SAMN09847831|FGBHIBDL_00201,1,0.004608294930875576
8704,SAMN09847831|FGBHIBDL_00202,1,0.004608294930875576
8705,SAMN09847831|FGBHIBDL_00203,1,0.004608294930875576
8706,SAMN09847831|FGBHIBDL_00204,1,0.004608294930875576
8707,SAMN09847831|FGBHIBDL_00205,1,0.004608294930875576
8708,SAMN09847831|FGBHIBDL_00206,1,0.004608294930875576
8709,SAMN09847831|FGBHIBDL_00207,1,0.004608294930875576
8710,SAMN09847831|FGBHIBDL_00208,1,0.004608294930875576
8711,SAMN09847831|FGBHIBDL_00237,1,0.004608294930875576
8712,SAMN09847831|FGBHIBDL_01126,1,0.004608294930875576
8713,SAMN09847831|FGBHIBDL_01130,2,0.009216589861751152
8714,SAMN09847831|FGBHIBDL_02330,1,0.004608294930875576
8715,SAMN09847831|FGBHIBDL_02532,1,0.004608294930875576
8716,SAMN09847831|FGBHIBDL_02533,1,0.004608294930875576
8717,SAMN09847832|KLBNOGKA_00699,1,0.004608294930875576
8718,SAMN09847832|KLBNOGKA_00700,1,0.004608294930875576
8719,SAMN09847832|KLBNOGKA_00898,2,0.009216589861751152
8720,SAMN09847832|KLBNOGKA_01158,1,0.004608294930875576
8721,SAMN09847832|KLBNOGKA_01374,1,0.004608294930875576
8722,SAMN09847832|KLBNOGKA_01375,1,0.004608294930875576
8723,SAMN09847832|KLBNOGKA_01418,2,0.009216589861751152
8724,SAMN09847832|KLBNOGKA_01655,216,0.9953917050691244
8725,SAMN09847832|KLBNOGKA_01731,1,0.004608294930875576
8726,SAMN09847832|KLBNOGKA_01853,213,0.9815668202764977
8727,SAMN09847832|KLBNOGKA_02043,1,0.004608294930875576
8728,SAMN09847832|KLBNOGKA_02044,1,0.004608294930875576
8729,SAMN09847832|KLBNOGKA_02222,84,0.3870967741935484
8730,SAMN09847832|KLBNOGKA_02225,3,0.013824884792626729
8731,SAMN09847832|KLBNOGKA_02356,2,0.009216589861751152
8732,SAMN09847833|AADOFEEG_00097,24,0.11059907834101383
8733,SAMN09847833|AADOFEEG_00103,2,0.009216589861751152
8734,SAMN09847833|AADOFEEG_00104,2,0.009216589861751152
8735,SAMN09847833|AADOFEEG_00105,1,0.004608294930875576
8736,SAMN09847833|AADOFEEG_00125,1,0.004608294930875576
8737,SAMN09847833|AADOFEEG_00284,215,0.9907834101382489
8738,SAMN09847833|AADOFEEG_00504,217,1.0
8739,SAMN09847833|AADOFEEG_00863,1,0.004608294930875576
8740,SAMN09847833|AADOFEEG_01028,2,0.009216589861751152
8741,SAMN09847833|AADOFEEG_01029,2,0.009216589861751152
8742,SAMN09847833|AADOFEEG_01674,1,0.004608294930875576
8743,SAMN09847833|AADOFEEG_01679,13,0.059907834101382486
8744,SAMN09847833|AADOFEEG_01700,1,0.004608294930875576
8745,SAMN09847833|AADOFEEG_02213,1,0.004608294930875576
8746,SAMN09847833|AADOFEEG_02214,2,0.009216589861751152
8747,SAMN09847833|AADOFEEG_02242,2,0.009216589861751152
8748,SAMN09847833|AADOFEEG_02531,174,0.8018433179723502
8749,SAMN09847833|AADOFEEG_02620,9,0.041474654377880185
8750,SAMN09847834|GMNFEILE_00506,2,0.009216589861751152
8751,SAMN09847834|GMNFEILE_00879,1,0.004608294930875576
8752,SAMN09847834|GMNFEILE_00917,1,0.004608294930875576
8753,SAMN09847834|GMNFEILE_01093,1,0.004608294930875576
8754,SAMN09847834|GMNFEILE_01288,1,0.004608294930875576
8755,SAMN09847834|GMNFEILE_02517,8,0.03686635944700461
8756,SAMN09847834|GMNFEILE_02601,215,0.9907834101382489
8757,SAMN09847835|PDEBIMKA_00081,1,0.004608294930875576
8758,SAMN09847835|PDEBIMKA_00221,1,0.004608294930875576
8759,SAMN09847835|PDEBIMKA_00329,211,0.9723502304147466
8760,SAMN09847835|PDEBIMKA_00466,1,0.004608294930875576
8761,SAMN09847835|PDEBIMKA_00467,1,0.004608294930875576
8762,SAMN09847835|PDEBIMKA_00925,1,0.004608294930875576
8763,SAMN09847835|PDEBIMKA_01066,1,0.004608294930875576
8764,SAMN09847835|PDEBIMKA_01288,212,0.9769585253456221
8765,SAMN09847835|PDEBIMKA_01596,1,0.004608294930875576
8766,SAMN09847835|PDEBIMKA_01597,1,0.004608294930875576
8767,SAMN09847835|PDEBIMKA_02120,1,0.004608294930875576
8768,SAMN09847835|PDEBIMKA_02121,1,0.004608294930875576
8769,SAMN09847835|PDEBIMKA_02128,1,0.004608294930875576
8770,SAMN09847835|PDEBIMKA_02305,1,0.004608294930875576
8771,SAMN09847835|PDEBIMKA_02306,1,0.004608294930875576
8772,SAMN09847835|PDEBIMKA_02451,1,0.004608294930875576
8773,SAMN09847835|PDEBIMKA_02452,1,0.004608294930875576
8774,SAMN09847835|PDEBIMKA_02477,2,0.009216589861751152
8775,SAMN09847835|PDEBIMKA_02478,2,0.009216589861751152
8776,SAMN09847836|KFPKEGFI_00204,1,0.004608294930875576
8777,SAMN09847836|KFPKEGFI_00453,2,0.009216589861751152
8778,SAMN09847836|KFPKEGFI_00587,1,0.004608294930875576
8779,SAMN09847836|KFPKEGFI_00662,1,0.004608294930875576
8780,SAMN09847836|KFPKEGFI_01140,1,0.004608294930875576
8781,SAMN09847836|KFPKEGFI_01222,1,0.004608294930875576
8782,SAMN09847836|KFPKEGFI_01258,1,0.004608294930875576
8783,SAMN09847836|KFPKEGFI_02119,1,0.004608294930875576
8784,SAMN09847836|KFPKEGFI_02120,1,0.004608294930875576
8785,SAMN09847836|KFPKEGFI_02156,1,0.004608294930875576
8786,SAMN09847836|KFPKEGFI_02157,1,0.004608294930875576
8787,SAMN09847836|KFPKEGFI_02521,1,0.004608294930875576
8788,SAMN09847836|KFPKEGFI_02522,1,0.004608294930875576
8789,SAMN09847836|KFPKEGFI_02524,1,0.004608294930875576
8790,SAMN09847836|KFPKEGFI_02525,2,0.009216589861751152
8791,SAMN09847837|LIIGIBCN_00033,1,0.004608294930875576
8792,SAMN09847837|LIIGIBCN_00478,1,0.004608294930875576
8793,SAMN09847837|LIIGIBCN_00479,1,0.004608294930875576
8794,SAMN09847837|LIIGIBCN_00547,1,0.004608294930875576
8795,SAMN09847837|LIIGIBCN_00548,1,0.004608294930875576
8796,SAMN09847837|LIIGIBCN_00615,1,0.004608294930875576
8797,SAMN09847837|LIIGIBCN_00616,2,0.009216589861751152
8798,SAMN09847837|LIIGIBCN_01000,1,0.004608294930875576
8799,SAMN09847837|LIIGIBCN_01070,1,0.004608294930875576
8800,SAMN09847837|LIIGIBCN_01338,181,0.8341013824884793
8801,SAMN09847837|LIIGIBCN_01377,16,0.07373271889400922
8802,SAMN09847837|LIIGIBCN_02408,2,0.009216589861751152
8803,SAMN09847837|LIIGIBCN_02409,1,0.004608294930875576
8804,SAMN09847838|HPBJNNFD_00599,2,0.009216589861751152
8805,SAMN09847838|HPBJNNFD_00600,2,0.009216589861751152
8806,SAMN09847838|HPBJNNFD_00848,216,0.9953917050691244
8807,SAMN09847838|HPBJNNFD_00911,2,0.009216589861751152
8808,SAMN09847838|HPBJNNFD_01234,2,0.009216589861751152
8809,SAMN09847838|HPBJNNFD_01235,2,0.009216589861751152
8810,SAMN09847838|HPBJNNFD_01602,4,0.018433179723502304
8811,SAMN09847838|HPBJNNFD_02129,2,0.009216589861751152
8812,SAMN09847838|HPBJNNFD_02130,2,0.009216589861751152
8813,SAMN09847838|HPBJNNFD_02235,2,0.009216589861751152
8814,SAMN09847838|HPBJNNFD_02301,3,0.013824884792626729
8815,SAMN09847838|HPBJNNFD_02302,2,0.009216589861751152
8816,SAMN09847840|MPDMJFJB_00106,1,0.004608294930875576
8817,SAMN09847840|MPDMJFJB_00198,1,0.004608294930875576
8818,SAMN09847840|MPDMJFJB_00598,1,0.004608294930875576
8819,SAMN09847840|MPDMJFJB_00599,1,0.004608294930875576
8820,SAMN09847840|MPDMJFJB_00613,1,0.004608294930875576
8821,SAMN09847840|MPDMJFJB_00670,1,0.004608294930875576
8822,SAMN09847840|MPDMJFJB_00767,1,0.004608294930875576
8823,SAMN09847840|MPDMJFJB_01054,1,0.004608294930875576
8824,SAMN09847840|MPDMJFJB_01454,1,0.004608294930875576
8825,SAMN09847840|MPDMJFJB_01455,1,0.004608294930875576
8826,SAMN09847840|MPDMJFJB_02391,1,0.004608294930875576
8827,SAMN09847840|MPDMJFJB_02392,1,0.004608294930875576
8828,SAMN09847840|MPDMJFJB_02453,1,0.004608294930875576
8829,SAMN09847841|JOECJNNG_00061,50,0.2304147465437788
8830,SAMN09847841|JOECJNNG_00499,1,0.004608294930875576
8831,SAMN09847841|JOECJNNG_00500,1,0.004608294930875576
8832,SAMN09847841|JOECJNNG_00548,1,0.004608294930875576
8833,SAMN09847841|JOECJNNG_00549,1,0.004608294930875576
8834,SAMN09847841|JOECJNNG_00559,1,0.004608294930875576
8835,SAMN09847841|JOECJNNG_00897,1,0.004608294930875576
8836,SAMN09847841|JOECJNNG_01019,3,0.013824884792626729
8837,SAMN09847841|JOECJNNG_01125,1,0.004608294930875576
8838,SAMN09847841|JOECJNNG_01163,1,0.004608294930875576
8839,SAMN09847841|JOECJNNG_01164,1,0.004608294930875576
8840,SAMN09847841|JOECJNNG_01370,1,0.004608294930875576
8841,SAMN09847841|JOECJNNG_01412,1,0.004608294930875576
8842,SAMN09847841|JOECJNNG_01415,1,0.004608294930875576
8843,SAMN09847841|JOECJNNG_01441,1,0.004608294930875576
8844,SAMN09847841|JOECJNNG_01521,1,0.004608294930875576
8845,SAMN09847841|JOECJNNG_01596,1,0.004608294930875576
8846,SAMN09847841|JOECJNNG_01597,1,0.004608294930875576
8847,SAMN09847841|JOECJNNG_01810,1,0.004608294930875576
8848,SAMN09847841|JOECJNNG_01811,1,0.004608294930875576
8849,SAMN09847841|JOECJNNG_01985,1,0.004608294930875576
8850,SAMN09847841|JOECJNNG_01986,1,0.004608294930875576
8851,SAMN09847841|JOECJNNG_02008,1,0.004608294930875576
8852,SAMN09847841|JOECJNNG_02016,1,0.004608294930875576
8853,SAMN09847841|JOECJNNG_02555,2,0.009216589861751152
8854,SAMN09847841|JOECJNNG_02556,1,0.004608294930875576
8855,SAMN09847841|JOECJNNG_02609,29,0.1336405529953917
8856,SAMN09847841|JOECJNNG_02618,1,0.004608294930875576
8857,SAMN09847842|IHKEKIMG_00085,1,0.004608294930875576
8858,SAMN09847842|IHKEKIMG_00352,1,0.004608294930875576
8859,SAMN09847842|IHKEKIMG_00353,1,0.004608294930875576
8860,SAMN09847842|IHKEKIMG_01140,1,0.004608294930875576
8861,SAMN09847842|IHKEKIMG_01574,4,0.018433179723502304
8862,SAMN09847842|IHKEKIMG_01579,6,0.027649769585253458
8863,SAMN09847842|IHKEKIMG_02067,2,0.009216589861751152
8864,SAMN09847842|IHKEKIMG_02087,2,0.009216589861751152
8865,SAMN09847842|IHKEKIMG_02193,217,1.0
8866,SAMN09847842|IHKEKIMG_02194,1,0.004608294930875576
8867,SAMN09847842|IHKEKIMG_02341,1,0.004608294930875576
8868,SAMN09847843|GIOLAADN_00047,1,0.004608294930875576
8869,SAMN09847843|GIOLAADN_00048,1,0.004608294930875576
8870,SAMN09847843|GIOLAADN_00049,1,0.004608294930875576
8871,SAMN09847843|GIOLAADN_00050,1,0.004608294930875576
8872,SAMN09847843|GIOLAADN_00051,1,0.004608294930875576
8873,SAMN09847843|GIOLAADN_00056,1,0.004608294930875576
8874,SAMN09847843|GIOLAADN_00061,1,0.004608294930875576
8875,SAMN09847843|GIOLAADN_00062,1,0.004608294930875576
8876,SAMN09847843|GIOLAADN_00063,1,0.004608294930875576
8877,SAMN09847844|GBPJBFCI_00081,1,0.004608294930875576
8878,SAMN09847844|GBPJBFCI_00082,1,0.004608294930875576
8879,SAMN09847844|GBPJBFCI_00175,1,0.004608294930875576
8880,SAMN09847844|GBPJBFCI_00277,2,0.009216589861751152
8881,SAMN09847844|GBPJBFCI_00408,1,0.004608294930875576
8882,SAMN09847844|GBPJBFCI_00436,1,0.004608294930875576
8883,SAMN09847844|GBPJBFCI_00543,1,0.004608294930875576
8884,SAMN09847844|GBPJBFCI_00544,1,0.004608294930875576
8885,SAMN09847844|GBPJBFCI_00545,1,0.004608294930875576
8886,SAMN09847844|GBPJBFCI_00546,1,0.004608294930875576
8887,SAMN09847844|GBPJBFCI_00547,1,0.004608294930875576
8888,SAMN09847844|GBPJBFCI_00548,1,0.004608294930875576
8889,SAMN09847844|GBPJBFCI_00549,1,0.004608294930875576
8890,SAMN09847844|GBPJBFCI_00550,1,0.004608294930875576
8891,SAMN09847844|GBPJBFCI_00551,1,0.004608294930875576
8892,SAMN09847844|GBPJBFCI_00552,1,0.004608294930875576
8893,SAMN09847844|GBPJBFCI_00553,1,0.004608294930875576
8894,SAMN09847844|GBPJBFCI_00554,1,0.004608294930875576
8895,SAMN09847844|GBPJBFCI_00555,1,0.004608294930875576
8896,SAMN09847844|GBPJBFCI_00556,1,0.004608294930875576
8897,SAMN09847844|GBPJBFCI_00557,1,0.004608294930875576
8898,SAMN09847844|GBPJBFCI_00558,1,0.004608294930875576
8899,SAMN09847844|GBPJBFCI_00559,1,0.004608294930875576
8900,SAMN09847844|GBPJBFCI_00560,1,0.004608294930875576
8901,SAMN09847844|GBPJBFCI_00561,1,0.004608294930875576
8902,SAMN09847844|GBPJBFCI_00562,1,0.004608294930875576
8903,SAMN09847844|GBPJBFCI_00563,1,0.004608294930875576
8904,SAMN09847844|GBPJBFCI_00564,1,0.004608294930875576
8905,SAMN09847844|GBPJBFCI_00565,1,0.004608294930875576
8906,SAMN09847844|GBPJBFCI_00566,1,0.004608294930875576
8907,SAMN09847844|GBPJBFCI_00567,1,0.004608294930875576
8908,SAMN09847844|GBPJBFCI_00568,1,0.004608294930875576
8909,SAMN09847844|GBPJBFCI_00569,1,0.004608294930875576
8910,SAMN09847844|GBPJBFCI_00570,1,0.004608294930875576
8911,SAMN09847844|GBPJBFCI_00571,1,0.004608294930875576
8912,SAMN09847844|GBPJBFCI_00572,1,0.004608294930875576
8913,SAMN09847844|GBPJBFCI_00573,1,0.004608294930875576
8914,SAMN09847844|GBPJBFCI_00574,1,0.004608294930875576
8915,SAMN09847844|GBPJBFCI_00575,1,0.004608294930875576
8916,SAMN09847844|GBPJBFCI_00576,1,0.004608294930875576
8917,SAMN09847844|GBPJBFCI_00577,1,0.004608294930875576
8918,SAMN09847844|GBPJBFCI_00578,1,0.004608294930875576
8919,SAMN09847844|GBPJBFCI_00579,1,0.004608294930875576
8920,SAMN09847844|GBPJBFCI_00580,1,0.004608294930875576
8921,SAMN09847844|GBPJBFCI_00581,1,0.004608294930875576
8922,SAMN09847844|GBPJBFCI_00582,1,0.004608294930875576
8923,SAMN09847844|GBPJBFCI_00583,1,0.004608294930875576
8924,SAMN09847844|GBPJBFCI_00584,1,0.004608294930875576
8925,SAMN09847844|GBPJBFCI_00585,1,0.004608294930875576
8926,SAMN09847844|GBPJBFCI_00586,1,0.004608294930875576
8927,SAMN09847844|GBPJBFCI_00587,1,0.004608294930875576
8928,SAMN09847844|GBPJBFCI_00588,1,0.004608294930875576
8929,SAMN09847844|GBPJBFCI_00589,1,0.004608294930875576
8930,SAMN09847844|GBPJBFCI_00590,1,0.004608294930875576
8931,SAMN09847844|GBPJBFCI_00591,1,0.004608294930875576
8932,SAMN09847844|GBPJBFCI_00592,1,0.004608294930875576
8933,SAMN09847844|GBPJBFCI_00593,1,0.004608294930875576
8934,SAMN09847844|GBPJBFCI_00594,1,0.004608294930875576
8935,SAMN09847844|GBPJBFCI_00595,1,0.004608294930875576
8936,SAMN09847844|GBPJBFCI_00596,1,0.004608294930875576
8937,SAMN09847844|GBPJBFCI_00597,1,0.004608294930875576
8938,SAMN09847844|GBPJBFCI_00598,1,0.004608294930875576
8939,SAMN09847844|GBPJBFCI_00599,1,0.004608294930875576
8940,SAMN09847844|GBPJBFCI_00600,1,0.004608294930875576
8941,SAMN09847844|GBPJBFCI_00601,1,0.004608294930875576
8942,SAMN09847844|GBPJBFCI_00602,1,0.004608294930875576
8943,SAMN09847844|GBPJBFCI_00603,1,0.004608294930875576
8944,SAMN09847844|GBPJBFCI_00604,1,0.004608294930875576
8945,SAMN09847844|GBPJBFCI_00605,1,0.004608294930875576
8946,SAMN09847844|GBPJBFCI_00606,1,0.004608294930875576
8947,SAMN09847844|GBPJBFCI_00607,1,0.004608294930875576
8948,SAMN09847844|GBPJBFCI_00608,1,0.004608294930875576
8949,SAMN09847844|GBPJBFCI_00699,1,0.004608294930875576
8950,SAMN09847844|GBPJBFCI_00700,15,0.06912442396313365
8951,SAMN09847844|GBPJBFCI_00773,2,0.009216589861751152
8952,SAMN09847844|GBPJBFCI_00808,188,0.8663594470046083
8953,SAMN09847844|GBPJBFCI_00841,1,0.004608294930875576
8954,SAMN09847844|GBPJBFCI_00842,1,0.004608294930875576
8955,SAMN09847844|GBPJBFCI_01039,1,0.004608294930875576
8956,SAMN09847844|GBPJBFCI_01040,3,0.013824884792626729
8957,SAMN09847844|GBPJBFCI_01061,2,0.009216589861751152
8958,SAMN09847844|GBPJBFCI_01148,1,0.004608294930875576
8959,SAMN09847844|GBPJBFCI_01149,1,0.004608294930875576
8960,SAMN09847844|GBPJBFCI_01150,1,0.004608294930875576
8961,SAMN09847844|GBPJBFCI_01151,1,0.004608294930875576
8962,SAMN09847844|GBPJBFCI_01152,1,0.004608294930875576
8963,SAMN09847844|GBPJBFCI_01153,1,0.004608294930875576
8964,SAMN09847844|GBPJBFCI_01154,1,0.004608294930875576
8965,SAMN09847844|GBPJBFCI_01155,1,0.004608294930875576
8966,SAMN09847844|GBPJBFCI_01156,1,0.004608294930875576
8967,SAMN09847844|GBPJBFCI_01157,1,0.004608294930875576
8968,SAMN09847844|GBPJBFCI_01158,1,0.004608294930875576
8969,SAMN09847844|GBPJBFCI_01159,1,0.004608294930875576
8970,SAMN09847844|GBPJBFCI_01160,1,0.004608294930875576
8971,SAMN09847844|GBPJBFCI_01161,1,0.004608294930875576
8972,SAMN09847844|GBPJBFCI_01162,1,0.004608294930875576
8973,SAMN09847844|GBPJBFCI_01163,1,0.004608294930875576
8974,SAMN09847844|GBPJBFCI_01164,1,0.004608294930875576
8975,SAMN09847844|GBPJBFCI_01165,1,0.004608294930875576
8976,SAMN09847844|GBPJBFCI_01166,1,0.004608294930875576
8977,SAMN09847844|GBPJBFCI_01167,1,0.004608294930875576
8978,SAMN09847844|GBPJBFCI_01168,1,0.004608294930875576
8979,SAMN09847844|GBPJBFCI_01169,1,0.004608294930875576
8980,SAMN09847844|GBPJBFCI_01170,1,0.004608294930875576
8981,SAMN09847844|GBPJBFCI_01171,1,0.004608294930875576
8982,SAMN09847844|GBPJBFCI_01172,1,0.004608294930875576
8983,SAMN09847844|GBPJBFCI_01173,1,0.004608294930875576
8984,SAMN09847844|GBPJBFCI_01174,1,0.004608294930875576
8985,SAMN09847844|GBPJBFCI_01175,1,0.004608294930875576
8986,SAMN09847844|GBPJBFCI_01176,1,0.004608294930875576
8987,SAMN09847844|GBPJBFCI_01177,1,0.004608294930875576
8988,SAMN09847844|GBPJBFCI_01178,1,0.004608294930875576
8989,SAMN09847844|GBPJBFCI_01179,1,0.004608294930875576
8990,SAMN09847844|GBPJBFCI_01180,1,0.004608294930875576
8991,SAMN09847844|GBPJBFCI_01212,1,0.004608294930875576
8992,SAMN09847844|GBPJBFCI_01213,1,0.004608294930875576
8993,SAMN09847844|GBPJBFCI_01237,2,0.009216589861751152
8994,SAMN09847844|GBPJBFCI_01238,2,0.009216589861751152
8995,SAMN09847844|GBPJBFCI_01242,2,0.009216589861751152
8996,SAMN09847844|GBPJBFCI_01251,2,0.009216589861751152
8997,SAMN09847844|GBPJBFCI_01252,1,0.004608294930875576
8998,SAMN09847844|GBPJBFCI_01254,1,0.004608294930875576
8999,SAMN09847844|GBPJBFCI_01255,1,0.004608294930875576
9000,SAMN09847844|GBPJBFCI_01256,1,0.004608294930875576
9001,SAMN09847844|GBPJBFCI_01266,1,0.004608294930875576
9002,SAMN09847844|GBPJBFCI_01267,1,0.004608294930875576
9003,SAMN09847844|GBPJBFCI_01268,2,0.009216589861751152
9004,SAMN09847844|GBPJBFCI_01270,2,0.009216589861751152
9005,SAMN09847844|GBPJBFCI_01271,1,0.004608294930875576
9006,SAMN09847844|GBPJBFCI_01273,1,0.004608294930875576
9007,SAMN09847844|GBPJBFCI_01486,215,0.9907834101382489
9008,SAMN09847844|GBPJBFCI_01523,1,0.004608294930875576
9009,SAMN09847844|GBPJBFCI_01524,1,0.004608294930875576
9010,SAMN09847844|GBPJBFCI_01548,1,0.004608294930875576
9011,SAMN09847844|GBPJBFCI_01549,2,0.009216589861751152
9012,SAMN09847844|GBPJBFCI_01551,2,0.009216589861751152
9013,SAMN09847844|GBPJBFCI_01552,2,0.009216589861751152
9014,SAMN09847844|GBPJBFCI_01553,1,0.004608294930875576
9015,SAMN09847844|GBPJBFCI_01558,2,0.009216589861751152
9016,SAMN09847844|GBPJBFCI_01570,1,0.004608294930875576
9017,SAMN09847844|GBPJBFCI_01571,1,0.004608294930875576
9018,SAMN09847844|GBPJBFCI_01580,1,0.004608294930875576
9019,SAMN09847844|GBPJBFCI_01620,1,0.004608294930875576
9020,SAMN09847844|GBPJBFCI_01621,4,0.018433179723502304
9021,SAMN09847844|GBPJBFCI_01690,192,0.8847926267281107
9022,SAMN09847844|GBPJBFCI_01767,1,0.004608294930875576
9023,SAMN09847844|GBPJBFCI_01768,1,0.004608294930875576
9024,SAMN09847844|GBPJBFCI_01867,1,0.004608294930875576
9025,SAMN09847844|GBPJBFCI_01879,215,0.9907834101382489
9026,SAMN09847844|GBPJBFCI_01886,1,0.004608294930875576
9027,SAMN09847844|GBPJBFCI_01887,1,0.004608294930875576
9028,SAMN09847844|GBPJBFCI_01905,1,0.004608294930875576
9029,SAMN09847844|GBPJBFCI_01938,1,0.004608294930875576
9030,SAMN09847844|GBPJBFCI_01965,1,0.004608294930875576
9031,SAMN09847844|GBPJBFCI_02158,216,0.9953917050691244
9032,SAMN09847844|GBPJBFCI_02228,1,0.004608294930875576
9033,SAMN09847844|GBPJBFCI_02229,1,0.004608294930875576
9034,SAMN09847844|GBPJBFCI_02271,1,0.004608294930875576
9035,SAMN09847844|GBPJBFCI_02292,2,0.009216589861751152
9036,SAMN09847844|GBPJBFCI_02556,2,0.009216589861751152
9037,SAMN09847844|GBPJBFCI_02757,211,0.9723502304147466
9038,SAMN09847844|GBPJBFCI_02787,1,0.004608294930875576
9039,SAMN09847845|KGKKPIAK_00204,1,0.004608294930875576
9040,SAMN09847845|KGKKPIAK_00817,2,0.009216589861751152
9041,SAMN09847845|KGKKPIAK_01020,1,0.004608294930875576
9042,SAMN09847845|KGKKPIAK_01021,1,0.004608294930875576
9043,SAMN09847845|KGKKPIAK_01093,1,0.004608294930875576
9044,SAMN09847845|KGKKPIAK_01210,215,0.9907834101382489
9045,SAMN09847845|KGKKPIAK_01231,216,0.9953917050691244
9046,SAMN09847845|KGKKPIAK_01392,1,0.004608294930875576
9047,SAMN09847845|KGKKPIAK_01518,1,0.004608294930875576
9048,SAMN09847845|KGKKPIAK_01608,1,0.004608294930875576
9049,SAMN09847845|KGKKPIAK_01715,2,0.009216589861751152
9050,SAMN09847845|KGKKPIAK_02011,1,0.004608294930875576
9051,SAMN09847845|KGKKPIAK_02134,217,1.0
9052,SAMN09847845|KGKKPIAK_02303,1,0.004608294930875576
9053,SAMN09847845|KGKKPIAK_02304,3,0.013824884792626729
9054,SAMN09847845|KGKKPIAK_02448,1,0.004608294930875576
9055,SAMN09847845|KGKKPIAK_02487,1,0.004608294930875576
9056,SAMN09847845|KGKKPIAK_02496,2,0.009216589861751152
9057,SAMN09847846|FJFKPIMG_01826,1,0.004608294930875576
9058,SAMN09847847|ONJBBCGC_00525,1,0.004608294930875576
9059,SAMN09847847|ONJBBCGC_00526,1,0.004608294930875576
9060,SAMN09847847|ONJBBCGC_00894,1,0.004608294930875576
9061,SAMN09847847|ONJBBCGC_00898,1,0.004608294930875576
9062,SAMN09847847|ONJBBCGC_01066,4,0.018433179723502304
9063,SAMN09847847|ONJBBCGC_01067,1,0.004608294930875576
9064,SAMN09847848|CJPDOJKJ_00089,1,0.004608294930875576
9065,SAMN09847848|CJPDOJKJ_00173,1,0.004608294930875576
9066,SAMN09847848|CJPDOJKJ_00174,1,0.004608294930875576
9067,SAMN09847848|CJPDOJKJ_00483,4,0.018433179723502304
9068,SAMN09847848|CJPDOJKJ_00524,64,0.29493087557603687
9069,SAMN09847848|CJPDOJKJ_00559,1,0.004608294930875576
9070,SAMN09847848|CJPDOJKJ_00560,1,0.004608294930875576
9071,SAMN09847848|CJPDOJKJ_00718,1,0.004608294930875576
9072,SAMN09847848|CJPDOJKJ_00719,201,0.9262672811059908
9073,SAMN09847848|CJPDOJKJ_00764,212,0.9769585253456221
9074,SAMN09847848|CJPDOJKJ_00954,208,0.9585253456221198
9075,SAMN09847848|CJPDOJKJ_01305,213,0.9815668202764977
9076,SAMN09847848|CJPDOJKJ_01799,1,0.004608294930875576
9077,SAMN09847848|CJPDOJKJ_01842,6,0.027649769585253458
9078,SAMN09847848|CJPDOJKJ_02048,217,1.0
9079,SAMN09847848|CJPDOJKJ_02292,1,0.004608294930875576
9080,SAMN09847848|CJPDOJKJ_02293,1,0.004608294930875576
9081,SAMN09847848|CJPDOJKJ_02552,1,0.004608294930875576
9082,SAMN09847848|CJPDOJKJ_02611,1,0.004608294930875576
9083,SAMN09847848|CJPDOJKJ_02612,1,0.004608294930875576
9084,SAMN09847849|JDFOBOFF_00220,217,1.0
9085,SAMN09847849|JDFOBOFF_01799,1,0.004608294930875576
9086,SAMN09847850|ECPKGJEO_00080,1,0.004608294930875576
9087,SAMN09847850|ECPKGJEO_00106,1,0.004608294930875576
9088,SAMN09847850|ECPKGJEO_00107,1,0.004608294930875576
9089,SAMN09847850|ECPKGJEO_00200,1,0.004608294930875576
9090,SAMN09847850|ECPKGJEO_00600,1,0.004608294930875576
9091,SAMN09847850|ECPKGJEO_00601,1,0.004608294930875576
9092,SAMN09847850|ECPKGJEO_00602,1,0.004608294930875576
9093,SAMN09847850|ECPKGJEO_00603,1,0.004608294930875576
9094,SAMN09847850|ECPKGJEO_00604,1,0.004608294930875576
9095,SAMN09847850|ECPKGJEO_00606,1,0.004608294930875576
9096,SAMN09847850|ECPKGJEO_00608,1,0.004608294930875576
9097,SAMN09847850|ECPKGJEO_00609,1,0.004608294930875576
9098,SAMN09847850|ECPKGJEO_00610,1,0.004608294930875576
9099,SAMN09847850|ECPKGJEO_00611,1,0.004608294930875576
9100,SAMN09847850|ECPKGJEO_00614,1,0.004608294930875576
9101,SAMN09847850|ECPKGJEO_00615,1,0.004608294930875576
9102,SAMN09847850|ECPKGJEO_00616,1,0.004608294930875576
9103,SAMN09847850|ECPKGJEO_00617,1,0.004608294930875576
9104,SAMN09847850|ECPKGJEO_00618,1,0.004608294930875576
9105,SAMN09847850|ECPKGJEO_00631,1,0.004608294930875576
9106,SAMN09847850|ECPKGJEO_00632,1,0.004608294930875576
9107,SAMN09847850|ECPKGJEO_00633,186,0.8571428571428571
9108,SAMN09847850|ECPKGJEO_00635,1,0.004608294930875576
9109,SAMN09847850|ECPKGJEO_00735,1,0.004608294930875576
9110,SAMN09847850|ECPKGJEO_00748,1,0.004608294930875576
9111,SAMN09847850|ECPKGJEO_00822,1,0.004608294930875576
9112,SAMN09847850|ECPKGJEO_00823,1,0.004608294930875576
9113,SAMN09847850|ECPKGJEO_00824,1,0.004608294930875576
9114,SAMN09847850|ECPKGJEO_00825,1,0.004608294930875576
9115,SAMN09847850|ECPKGJEO_00826,1,0.004608294930875576
9116,SAMN09847850|ECPKGJEO_00827,1,0.004608294930875576
9117,SAMN09847850|ECPKGJEO_00828,1,0.004608294930875576
9118,SAMN09847850|ECPKGJEO_00948,1,0.004608294930875576
9119,SAMN09847850|ECPKGJEO_00960,1,0.004608294930875576
9120,SAMN09847850|ECPKGJEO_01057,1,0.004608294930875576
9121,SAMN09847850|ECPKGJEO_01061,1,0.004608294930875576
9122,SAMN09847850|ECPKGJEO_01211,1,0.004608294930875576
9123,SAMN09847850|ECPKGJEO_01389,1,0.004608294930875576
9124,SAMN09847850|ECPKGJEO_01496,1,0.004608294930875576
9125,SAMN09847850|ECPKGJEO_01622,1,0.004608294930875576
9126,SAMN09847850|ECPKGJEO_01623,1,0.004608294930875576
9127,SAMN09847850|ECPKGJEO_01663,213,0.9815668202764977
9128,SAMN09847850|ECPKGJEO_01666,1,0.004608294930875576
9129,SAMN09847850|ECPKGJEO_01667,2,0.009216589861751152
9130,SAMN09847850|ECPKGJEO_01813,1,0.004608294930875576
9131,SAMN09847850|ECPKGJEO_01865,3,0.013824884792626729
9132,SAMN09847850|ECPKGJEO_01957,216,0.9953917050691244
9133,SAMN09847850|ECPKGJEO_02005,1,0.004608294930875576
9134,SAMN09847850|ECPKGJEO_02006,2,0.009216589861751152
9135,SAMN09847850|ECPKGJEO_02227,1,0.004608294930875576
9136,SAMN09847850|ECPKGJEO_02228,1,0.004608294930875576
9137,SAMN09847850|ECPKGJEO_02330,214,0.9861751152073732
9138,SAMN09847850|ECPKGJEO_02371,212,0.9769585253456221
9139,SAMN09847850|ECPKGJEO_02448,90,0.4147465437788018
9140,SAMN09847850|ECPKGJEO_02611,7,0.03225806451612903
9141,SAMN09847850|ECPKGJEO_02682,1,0.004608294930875576
9142,SAMN09847850|ECPKGJEO_02683,1,0.004608294930875576
9143,SAMN09847851|HDBDADJJ_00540,1,0.004608294930875576
9144,SAMN09847851|HDBDADJJ_00541,1,0.004608294930875576
9145,SAMN09847851|HDBDADJJ_00824,1,0.004608294930875576
9146,SAMN09847851|HDBDADJJ_00863,2,0.009216589861751152
9147,SAMN09847851|HDBDADJJ_01359,1,0.004608294930875576
9148,SAMN09847851|HDBDADJJ_01708,3,0.013824884792626729
9149,SAMN09847851|HDBDADJJ_02072,2,0.009216589861751152
9150,SAMN09847851|HDBDADJJ_02677,2,0.009216589861751152
9151,SAMN09847851|HDBDADJJ_02678,2,0.009216589861751152
9152,SAMN09847852|BDIMIMPP_00050,137,0.631336405529954
9153,SAMN09847852|BDIMIMPP_00051,3,0.013824884792626729
9154,SAMN09847852|BDIMIMPP_00315,1,0.004608294930875576
9155,SAMN09847852|BDIMIMPP_00316,1,0.004608294930875576
9156,SAMN09847852|BDIMIMPP_00327,1,0.004608294930875576
9157,SAMN09847852|BDIMIMPP_00570,1,0.004608294930875576
9158,SAMN09847852|BDIMIMPP_00657,1,0.004608294930875576
9159,SAMN09847852|BDIMIMPP_00659,1,0.004608294930875576
9160,SAMN09847852|BDIMIMPP_00695,1,0.004608294930875576
9161,SAMN09847852|BDIMIMPP_00870,217,1.0
9162,SAMN09847852|BDIMIMPP_02026,1,0.004608294930875576
9163,SAMN09847852|BDIMIMPP_02248,1,0.004608294930875576
9164,SAMN09847852|BDIMIMPP_02548,3,0.013824884792626729
9165,SAMN09847854|AGEFPLEL_00244,212,0.9769585253456221
9166,SAMN09847854|AGEFPLEL_00391,216,0.9953917050691244
9167,SAMN09847854|AGEFPLEL_00452,1,0.004608294930875576
9168,SAMN09847854|AGEFPLEL_00569,9,0.041474654377880185
9169,SAMN09847854|AGEFPLEL_00573,1,0.004608294930875576
9170,SAMN09847854|AGEFPLEL_00623,1,0.004608294930875576
9171,SAMN09847854|AGEFPLEL_00707,217,1.0
9172,SAMN09847854|AGEFPLEL_00790,1,0.004608294930875576
9173,SAMN09847854|AGEFPLEL_00928,1,0.004608294930875576
9174,SAMN09847854|AGEFPLEL_01022,1,0.004608294930875576
9175,SAMN09847854|AGEFPLEL_01023,1,0.004608294930875576
9176,SAMN09847854|AGEFPLEL_01038,1,0.004608294930875576
9177,SAMN09847854|AGEFPLEL_01239,1,0.004608294930875576
9178,SAMN09847854|AGEFPLEL_01240,1,0.004608294930875576
9179,SAMN09847854|AGEFPLEL_01403,215,0.9907834101382489
9180,SAMN09847854|AGEFPLEL_01623,1,0.004608294930875576
9181,SAMN09847854|AGEFPLEL_02112,1,0.004608294930875576
9182,SAMN09847854|AGEFPLEL_02270,1,0.004608294930875576
9183,SAMN09847854|AGEFPLEL_02274,1,0.004608294930875576
9184,SAMN09847854|AGEFPLEL_02499,1,0.004608294930875576
9185,SAMN09847854|AGEFPLEL_02527,217,1.0
9186,SAMN09847854|AGEFPLEL_02620,217,1.0
9187,SAMN09847855|NCHPMADP_00526,1,0.004608294930875576
9188,SAMN09847855|NCHPMADP_00527,1,0.004608294930875576
9189,SAMN09847855|NCHPMADP_01148,1,0.004608294930875576
9190,SAMN09847855|NCHPMADP_01393,1,0.004608294930875576
9191,SAMN09847855|NCHPMADP_01734,1,0.004608294930875576
9192,SAMN09847855|NCHPMADP_01735,1,0.004608294930875576
9193,SAMN09847855|NCHPMADP_02585,1,0.004608294930875576
9194,SAMN09847855|NCHPMADP_02656,8,0.03686635944700461
9195,SAMN09847856|PDGJDBDP_00019,1,0.004608294930875576
9196,SAMN09847856|PDGJDBDP_00313,1,0.004608294930875576
9197,SAMN09847856|PDGJDBDP_00314,1,0.004608294930875576
9198,SAMN09847856|PDGJDBDP_00380,1,0.004608294930875576
9199,SAMN09847856|PDGJDBDP_00838,213,0.9815668202764977
9200,SAMN09847856|PDGJDBDP_01288,1,0.004608294930875576
9201,SAMN09847856|PDGJDBDP_01289,1,0.004608294930875576
9202,SAMN09847856|PDGJDBDP_01823,1,0.004608294930875576
9203,SAMN09847856|PDGJDBDP_01824,1,0.004608294930875576
9204,SAMN09847857|LCFLKNJE_00004,1,0.004608294930875576
9205,SAMN09847857|LCFLKNJE_00117,1,0.004608294930875576
9206,SAMN09847857|LCFLKNJE_00317,1,0.004608294930875576
9207,SAMN09847857|LCFLKNJE_00598,1,0.004608294930875576
9208,SAMN09847857|LCFLKNJE_00680,216,0.9953917050691244
9209,SAMN09847857|LCFLKNJE_00769,1,0.004608294930875576
9210,SAMN09847857|LCFLKNJE_00806,1,0.004608294930875576
9211,SAMN09847857|LCFLKNJE_01045,1,0.004608294930875576
9212,SAMN09847857|LCFLKNJE_01188,2,0.009216589861751152
9213,SAMN09847857|LCFLKNJE_01262,32,0.14746543778801843
9214,SAMN09847857|LCFLKNJE_01272,30,0.1382488479262673
9215,SAMN09847857|LCFLKNJE_01292,1,0.004608294930875576
9216,SAMN09847857|LCFLKNJE_01812,3,0.013824884792626729
9217,SAMN09847857|LCFLKNJE_02174,1,0.004608294930875576
9218,SAMN09847857|LCFLKNJE_02180,1,0.004608294930875576
9219,SAMN09847857|LCFLKNJE_02349,1,0.004608294930875576
9220,SAMN09847857|LCFLKNJE_02515,1,0.004608294930875576
9221,SAMN09847857|LCFLKNJE_02600,1,0.004608294930875576
9222,SAMN09847857|LCFLKNJE_02636,1,0.004608294930875576
9223,SAMN09847858|LJAKNKPO_00193,215,0.9907834101382489
9224,SAMN09847858|LJAKNKPO_00215,1,0.004608294930875576
9225,SAMN09847858|LJAKNKPO_00266,1,0.004608294930875576
9226,SAMN09847858|LJAKNKPO_00304,1,0.004608294930875576
9227,SAMN09847858|LJAKNKPO_00695,1,0.004608294930875576
9228,SAMN09847858|LJAKNKPO_00734,208,0.9585253456221198
9229,SAMN09847858|LJAKNKPO_00904,1,0.004608294930875576
9230,SAMN09847858|LJAKNKPO_00940,1,0.004608294930875576
9231,SAMN09847858|LJAKNKPO_00941,1,0.004608294930875576
9232,SAMN09847858|LJAKNKPO_01257,1,0.004608294930875576
9233,SAMN09847858|LJAKNKPO_01280,1,0.004608294930875576
9234,SAMN09847858|LJAKNKPO_01284,27,0.12442396313364056
9235,SAMN09847858|LJAKNKPO_01361,2,0.009216589861751152
9236,SAMN09847858|LJAKNKPO_01380,4,0.018433179723502304
9237,SAMN09847858|LJAKNKPO_01898,1,0.004608294930875576
9238,SAMN09847858|LJAKNKPO_01899,1,0.004608294930875576
9239,SAMN09847858|LJAKNKPO_02403,3,0.013824884792626729
9240,SAMN09847859|NLIPGAFK_00001,1,0.004608294930875576
9241,SAMN09847859|NLIPGAFK_00264,2,0.009216589861751152
9242,SAMN09847859|NLIPGAFK_00265,1,0.004608294930875576
9243,SAMN09847859|NLIPGAFK_00317,1,0.004608294930875576
9244,SAMN09847859|NLIPGAFK_00322,2,0.009216589861751152
9245,SAMN09847859|NLIPGAFK_00323,4,0.018433179723502304
9246,SAMN09847859|NLIPGAFK_00909,1,0.004608294930875576
9247,SAMN09847859|NLIPGAFK_01328,47,0.21658986175115208
9248,SAMN09847859|NLIPGAFK_01329,62,0.2857142857142857
9249,SAMN09847859|NLIPGAFK_01332,1,0.004608294930875576
9250,SAMN09847859|NLIPGAFK_01333,1,0.004608294930875576
9251,SAMN09847859|NLIPGAFK_01502,1,0.004608294930875576
9252,SAMN09847859|NLIPGAFK_01503,1,0.004608294930875576
9253,SAMN09847859|NLIPGAFK_01749,1,0.004608294930875576
9254,SAMN09847859|NLIPGAFK_01755,1,0.004608294930875576
9255,SAMN09847859|NLIPGAFK_01756,1,0.004608294930875576
9256,SAMN09847859|NLIPGAFK_01766,1,0.004608294930875576
9257,SAMN09847859|NLIPGAFK_01990,1,0.004608294930875576
9258,SAMN09847860|OEEAKHFB_00084,1,0.004608294930875576
9259,SAMN09847860|OEEAKHFB_00085,1,0.004608294930875576
9260,SAMN09847860|OEEAKHFB_00127,2,0.009216589861751152
9261,SAMN09847860|OEEAKHFB_00128,1,0.004608294930875576
9262,SAMN09847860|OEEAKHFB_00420,1,0.004608294930875576
9263,SAMN09847860|OEEAKHFB_00696,1,0.004608294930875576
9264,SAMN09847860|OEEAKHFB_00697,1,0.004608294930875576
9265,SAMN09847860|OEEAKHFB_00767,1,0.004608294930875576
9266,SAMN09847860|OEEAKHFB_00768,1,0.004608294930875576
9267,SAMN09847860|OEEAKHFB_00853,217,1.0
9268,SAMN09847860|OEEAKHFB_01024,1,0.004608294930875576
9269,SAMN09847860|OEEAKHFB_01025,4,0.018433179723502304
9270,SAMN09847860|OEEAKHFB_01120,1,0.004608294930875576
9271,SAMN09847860|OEEAKHFB_01121,1,0.004608294930875576
9272,SAMN09847860|OEEAKHFB_01753,1,0.004608294930875576
9273,SAMN09847860|OEEAKHFB_01754,1,0.004608294930875576
9274,SAMN09847860|OEEAKHFB_02186,1,0.004608294930875576
9275,SAMN09847860|OEEAKHFB_02187,1,0.004608294930875576
9276,SAMN09847860|OEEAKHFB_02582,1,0.004608294930875576
9277,SAMN09847860|OEEAKHFB_02583,1,0.004608294930875576
9278,SAMN09847861|HJMOODPG_00183,1,0.004608294930875576
9279,SAMN09847861|HJMOODPG_00782,1,0.004608294930875576
9280,SAMN09847861|HJMOODPG_00806,1,0.004608294930875576
9281,SAMN09847861|HJMOODPG_00817,1,0.004608294930875576
9282,SAMN09847861|HJMOODPG_00819,1,0.004608294930875576
9283,SAMN09847861|HJMOODPG_00845,2,0.009216589861751152
9284,SAMN09847861|HJMOODPG_00846,2,0.009216589861751152
9285,SAMN09847861|HJMOODPG_02247,1,0.004608294930875576
9286,SAMN09847861|HJMOODPG_02248,1,0.004608294930875576
9287,SAMN09847861|HJMOODPG_02575,24,0.11059907834101383
9288,SAMN09847862|BFMLAKPH_00250,2,0.009216589861751152
9289,SAMN09847862|BFMLAKPH_01470,4,0.018433179723502304
9290,SAMN09847862|BFMLAKPH_02692,1,0.004608294930875576
9291,SAMN09847863|JFKGOBIP_02617,1,0.004608294930875576
9292,SAMN09847864|DAOEPOEN_00064,1,0.004608294930875576
9293,SAMN09847864|DAOEPOEN_00069,1,0.004608294930875576
9294,SAMN09847864|DAOEPOEN_00100,1,0.004608294930875576
9295,SAMN09847864|DAOEPOEN_00213,1,0.004608294930875576
9296,SAMN09847864|DAOEPOEN_00233,1,0.004608294930875576
9297,SAMN09847864|DAOEPOEN_00234,1,0.004608294930875576
9298,SAMN09847864|DAOEPOEN_00235,1,0.004608294930875576
9299,SAMN09847864|DAOEPOEN_00236,1,0.004608294930875576
9300,SAMN09847864|DAOEPOEN_00237,1,0.004608294930875576
9301,SAMN09847864|DAOEPOEN_00238,1,0.004608294930875576
9302,SAMN09847864|DAOEPOEN_00239,1,0.004608294930875576
9303,SAMN09847864|DAOEPOEN_00241,1,0.004608294930875576
9304,SAMN09847864|DAOEPOEN_00242,1,0.004608294930875576
9305,SAMN09847864|DAOEPOEN_00246,1,0.004608294930875576
9306,SAMN09847864|DAOEPOEN_00247,1,0.004608294930875576
9307,SAMN09847864|DAOEPOEN_00351,9,0.041474654377880185
9308,SAMN09847864|DAOEPOEN_00611,3,0.013824884792626729
9309,SAMN09847864|DAOEPOEN_00777,2,0.009216589861751152
9310,SAMN09847864|DAOEPOEN_00798,2,0.009216589861751152
9311,SAMN09847864|DAOEPOEN_00799,1,0.004608294930875576
9312,SAMN09847864|DAOEPOEN_00915,1,0.004608294930875576
9313,SAMN09847864|DAOEPOEN_00996,1,0.004608294930875576
9314,SAMN09847864|DAOEPOEN_01050,1,0.004608294930875576
9315,SAMN09847864|DAOEPOEN_01261,1,0.004608294930875576
9316,SAMN09847864|DAOEPOEN_01305,1,0.004608294930875576
9317,SAMN09847864|DAOEPOEN_01436,4,0.018433179723502304
9318,SAMN09847864|DAOEPOEN_01631,1,0.004608294930875576
9319,SAMN09847864|DAOEPOEN_01632,1,0.004608294930875576
9320,SAMN09847864|DAOEPOEN_01809,1,0.004608294930875576
9321,SAMN09847864|DAOEPOEN_01810,1,0.004608294930875576
9322,SAMN09847864|DAOEPOEN_01867,1,0.004608294930875576
9323,SAMN09847864|DAOEPOEN_01868,1,0.004608294930875576
9324,SAMN09847864|DAOEPOEN_01997,1,0.004608294930875576
9325,SAMN09847864|DAOEPOEN_02144,107,0.4930875576036866
9326,SAMN09847864|DAOEPOEN_02231,1,0.004608294930875576
9327,SAMN09847864|DAOEPOEN_02255,4,0.018433179723502304
9328,SAMN09847864|DAOEPOEN_02479,2,0.009216589861751152
9329,SAMN09847864|DAOEPOEN_02603,1,0.004608294930875576
9330,SAMN09847865|FPPFGFPO_01114,1,0.004608294930875576
9331,SAMN09847865|FPPFGFPO_01115,1,0.004608294930875576
9332,SAMN09847865|FPPFGFPO_01996,30,0.1382488479262673
9333,SAMN09847865|FPPFGFPO_02303,159,0.7327188940092166
9334,SAMN09847865|FPPFGFPO_02317,3,0.013824884792626729
9335,SAMN09847866|LKKBCIOM_00105,1,0.004608294930875576
9336,SAMN09847866|LKKBCIOM_00106,1,0.004608294930875576
9337,SAMN09847866|LKKBCIOM_00107,1,0.004608294930875576
9338,SAMN09847866|LKKBCIOM_00108,1,0.004608294930875576
9339,SAMN09847866|LKKBCIOM_00109,2,0.009216589861751152
9340,SAMN09847866|LKKBCIOM_00110,1,0.004608294930875576
9341,SAMN09847866|LKKBCIOM_00111,1,0.004608294930875576
9342,SAMN09847866|LKKBCIOM_00113,1,0.004608294930875576
9343,SAMN09847866|LKKBCIOM_00114,1,0.004608294930875576
9344,SAMN09847866|LKKBCIOM_00116,1,0.004608294930875576
9345,SAMN09847866|LKKBCIOM_00118,1,0.004608294930875576
9346,SAMN09847866|LKKBCIOM_00119,1,0.004608294930875576
9347,SAMN09847866|LKKBCIOM_00120,1,0.004608294930875576
9348,SAMN09847866|LKKBCIOM_00137,2,0.009216589861751152
9349,SAMN09847866|LKKBCIOM_00150,16,0.07373271889400922
9350,SAMN09847866|LKKBCIOM_00159,1,0.004608294930875576
9351,SAMN09847866|LKKBCIOM_00186,72,0.3317972350230415
9352,SAMN09847866|LKKBCIOM_00463,1,0.004608294930875576
9353,SAMN09847866|LKKBCIOM_00464,1,0.004608294930875576
9354,SAMN09847866|LKKBCIOM_00536,1,0.004608294930875576
9355,SAMN09847866|LKKBCIOM_00537,1,0.004608294930875576
9356,SAMN09847866|LKKBCIOM_00749,1,0.004608294930875576
9357,SAMN09847866|LKKBCIOM_01053,1,0.004608294930875576
9358,SAMN09847866|LKKBCIOM_01054,4,0.018433179723502304
9359,SAMN09847866|LKKBCIOM_01201,1,0.004608294930875576
9360,SAMN09847866|LKKBCIOM_01924,1,0.004608294930875576
9361,SAMN09847866|LKKBCIOM_02150,1,0.004608294930875576
9362,SAMN09847866|LKKBCIOM_02672,1,0.004608294930875576
9363,SAMN09847867|EFOMKCMB_00113,3,0.013824884792626729
9364,SAMN09847867|EFOMKCMB_00284,1,0.004608294930875576
9365,SAMN09847867|EFOMKCMB_00599,4,0.018433179723502304
9366,SAMN09847867|EFOMKCMB_00841,1,0.004608294930875576
9367,SAMN09847867|EFOMKCMB_00842,1,0.004608294930875576
9368,SAMN09847867|EFOMKCMB_01009,1,0.004608294930875576
9369,SAMN09847867|EFOMKCMB_01010,1,0.004608294930875576
9370,SAMN09847867|EFOMKCMB_01161,1,0.004608294930875576
9371,SAMN09847867|EFOMKCMB_01218,1,0.004608294930875576
9372,SAMN09847867|EFOMKCMB_01828,2,0.009216589861751152
